solid OpenSCAD_Model
  facet normal 0 -1 0
    outer loop
      vertex 0 0 0
      vertex 38.2 0 2
      vertex 0 0 2
    endloop
  endfacet
  facet normal -1 0 0
    outer loop
      vertex 0 0 0
      vertex 0 0 2
      vertex 0 30 2
    endloop
  endfacet
  facet normal 0 -1 0
    outer loop
      vertex 0 0 0
      vertex 38.2 0 1.6
      vertex 38.2 0 2
    endloop
  endfacet
  facet normal 0 -1 0
    outer loop
      vertex 0 0 0
      vertex 56.800000000000004 0 1.6
      vertex 38.2 0 1.6
    endloop
  endfacet
  facet normal 0 0 1
    outer loop
      vertex 0 0 2
      vertex 10.352271996438503 3.188992001116276 2
      vertex 10.156971998512745 3.188992001116276 2
    endloop
  endfacet
  facet normal 0 0 1
    outer loop
      vertex 0 0 2
      vertex 10.156971998512745 3.188992001116276 2
      vertex 10.156971998512745 4.835614003241062 2
    endloop
  endfacet
  facet normal 0 0 1
    outer loop
      vertex 0 0 2
      vertex 11.143228001892567 3.188992001116276 2
      vertex 10.352271996438503 3.188992001116276 2
    endloop
  endfacet
  facet normal 0 0 1
    outer loop
      vertex 0 0 2
      vertex 11.340975999832153 3.188992001116276 2
      vertex 11.143228001892567 3.188992001116276 2
    endloop
  endfacet
  facet normal 0 0 1
    outer loop
      vertex 0 0 2
      vertex 11.981438502669334 3.2004399970173836 2
      vertex 11.340975999832153 3.188992001116276 2
    endloop
  endfacet
  facet normal 0 0 1
    outer loop
      vertex 0 0 2
      vertex 12.238240003585815 3.1645840033888817 2
      vertex 11.981438502669334 3.2004399970173836 2
    endloop
  endfacet
  facet normal 0 0 1
    outer loop
      vertex 0 0 2
      vertex 10.156971998512745 4.835614003241062 2
      vertex 8.2 6.999999999999998 2
    endloop
  endfacet
  facet normal 0 0 1
    outer loop
      vertex 0 0 2
      vertex 12.503717496991158 3.2016595005989075 2
      vertex 12.238240003585815 3.1645840033888817 2
    endloop
  endfacet
  facet normal 0 0 1
    outer loop
      vertex 0 0 2
      vertex 13.289296001195908 3.188992001116276 2
      vertex 12.503717496991158 3.2016595005989075 2
    endloop
  endfacet
  facet normal 0 0 1
    outer loop
      vertex 0 0 2
      vertex 14.342692002654076 3.188992001116276 2
      vertex 13.289296001195908 3.188992001116276 2
    endloop
  endfacet
  facet normal 0 0 1
    outer loop
      vertex 0 0 2
      vertex 14.697994001209736 3.188992001116276 2
      vertex 14.342692002654076 3.188992001116276 2
    endloop
  endfacet
  facet normal 0 0 1
    outer loop
      vertex 0 0 2
      vertex 15.869794003665447 3.188992001116276 2
      vertex 14.697994001209736 3.188992001116276 2
    endloop
  endfacet
  facet normal 0 0 1
    outer loop
      vertex 0 0 2
      vertex 19.625 3.850480947161671 2
      vertex 15.869794003665447 3.188992001116276 2
    endloop
  endfacet
  facet normal 0 0 1
    outer loop
      vertex 10.352271996438503 3.188992001116276 2
      vertex 10.667181998491287 3.7260759994387627 2
      vertex 10.352271996438503 4.248489998281002 2
    endloop
  endfacet
  facet normal 0 0 1
    outer loop
      vertex 10.352271996438503 3.188992001116276 2
      vertex 11.143228001892567 3.188992001116276 2
      vertex 10.667181998491287 3.7260759994387627 2
    endloop
  endfacet
  facet normal 0 0 1
    outer loop
      vertex 11.143228001892567 3.188992001116276 2
      vertex 10.834420002996922 3.7260759994387627 2
      vertex 10.667181998491287 3.7260759994387627 2
    endloop
  endfacet
  facet normal 0 0 1
    outer loop
      vertex 11.143228001892567 3.188992001116276 2
      vertex 11.143228001892567 4.248489998281002 2
      vertex 10.834420002996922 3.7260759994387627 2
    endloop
  endfacet
  facet normal 0 0 1
    outer loop
      vertex 11.340975999832153 3.188992001116276 2
      vertex 11.981438502669334 3.2004399970173836 2
      vertex 11.80672600120306 3.308008000254631 2
    endloop
  endfacet
  facet normal 0 0 1
    outer loop
      vertex 11.340975999832153 3.188992001116276 2
      vertex 11.80672600120306 3.308008000254631 2
      vertex 11.706488497555256 3.4940019994974136 2
    endloop
  endfacet
  facet normal 0 0 1
    outer loop
      vertex 11.340975999832153 3.188992001116276 2
      vertex 11.706488497555256 3.4940019994974136 2
      vertex 11.673075996339321 3.7651360034942627 2
    endloop
  endfacet
  facet normal 0 0 1
    outer loop
      vertex 12.078184001147747 3.378041498363018 2
      vertex 11.92408149689436 3.5858514979481697 2
      vertex 11.977636002004147 3.4508199989795685 2
    endloop
  endfacet
  facet normal 0 0 1
    outer loop
      vertex 12.078184001147747 3.378041498363018 2
      vertex 12.237015999853611 3.353781998157501 2
      vertex 11.92408149689436 3.5858514979481697 2
    endloop
  endfacet
  facet normal 0 0 1
    outer loop
      vertex 12.237015999853611 3.353781998157501 2
      vertex 12.404240496456623 3.378802001476288 2
      vertex 11.906230002641678 3.7968700006604195 2
    endloop
  endfacet
  facet normal 0 0 1
    outer loop
      vertex 11.92408149689436 3.5858514979481697 2
      vertex 12.237015999853611 3.353781998157501 2
      vertex 11.906230002641678 3.7968700006604195 2
    endloop
  endfacet
  facet normal 0 0 1
    outer loop
      vertex 0 0 2
      vertex 19.80588571617311 3.7755556302831987 2
      vertex 19.625 3.850480947161671 2
    endloop
  endfacet
  facet normal 0 0 1
    outer loop
      vertex 12.503717496991158 3.2016595005989075 2
      vertex 13.289296001195908 3.188992001116276 2
      vertex 12.684982001781464 3.3128859996795654 2
    endloop
  endfacet
  facet normal 0 0 1
    outer loop
      vertex 12.404240496456623 3.378802001476288 2
      vertex 12.512865997850895 3.4538619965314865 2
      vertex 11.906230002641678 3.7968700006604195 2
    endloop
  endfacet
  facet normal 0 0 1
    outer loop
      vertex 12.512865997850895 3.4538619965314865 2
      vertex 12.572374001145363 3.5936274975538254 2
      vertex 11.906230002641678 3.7968700006604195 2
    endloop
  endfacet
  facet normal 0 0 1
    outer loop
      vertex 12.572374001145363 3.5936274975538254 2
      vertex 12.592210002243519 3.812728002667427 2
      vertex 11.906230002641678 3.7968700006604195 2
    endloop
  endfacet
  facet normal 0 0 1
    outer loop
      vertex 12.684982001781464 3.3128859996795654 2
      vertex 13.289296001195908 3.188992001116276 2
      vertex 12.789350502192974 3.5055895000696182 2
    endloop
  endfacet
  facet normal 0 0 1
    outer loop
      vertex 12.789350502192974 3.5055895000696182 2
      vertex 13.289296001195908 3.188992001116276 2
      vertex 12.82413999736309 3.7870960012078285 2
    endloop
  endfacet
  facet normal 0 0 1
    outer loop
      vertex 14.342692002654076 3.188992001116276 2
      vertex 14.697994001209736 3.188992001116276 2
      vertex 14.342692002654076 3.3794139996170998 2
    endloop
  endfacet
  facet normal 0 0 1
    outer loop
      vertex 14.93112999945879 3.3794139996170998 2
      vertex 15.869794003665447 3.3794139996170998 2
      vertex 15.74651200324297 3.942111998796463 2
    endloop
  endfacet
  facet normal 0 0 1
    outer loop
      vertex 10.156971998512745 4.835614003241062 2
      vertex 10.44624999910593 4.835614003241062 2
      vertex 8.2 6.999999999999998 2
    endloop
  endfacet
  facet normal 0 0 1
    outer loop
      vertex 10.44624999910593 4.835614003241062 2
      vertex 11.066331997513771 4.835614003241062 2
      vertex 8.2 6.999999999999998 2
    endloop
  endfacet
  facet normal 0 0 1
    outer loop
      vertex 10.667181998491287 3.7260759994387627 2
      vertex 10.464574001729488 4.260693997144699 2
      vertex 10.352271996438503 4.248489998281002 2
    endloop
  endfacet
  facet normal 0 0 1
    outer loop
      vertex 10.755075998604298 3.9567639976739883 2
      vertex 10.786810003221035 4.066618002951145 2
      vertex 10.705643497407436 4.135895498096943 2
    endloop
  endfacet
  facet normal 0 0 1
    outer loop
      vertex 10.786810003221035 4.066618002951145 2
      vertex 10.84052199870348 4.237510003149509 2
      vertex 10.705643497407436 4.135895498096943 2
    endloop
  endfacet
  facet normal 0 0 1
    outer loop
      vertex 10.705643497407436 4.135895498096943 2
      vertex 10.84052199870348 4.237510003149509 2
      vertex 10.672077998518944 4.238733999431133 2
    endloop
  endfacet
  facet normal 0 0 1
    outer loop
      vertex 10.834420002996922 3.7260759994387627 2
      vertex 11.143228001892567 4.248489998281002 2
      vertex 11.034598000347614 4.260693997144699 2
    endloop
  endfacet
  facet normal 0 0 1
    outer loop
      vertex 10.352271996438503 4.248489998281002 2
      vertex 10.424290001392365 4.377576999366283 2
      vertex 10.347393997013569 4.615906000137329 2
    endloop
  endfacet
  facet normal 0 0 1
    outer loop
      vertex 10.352271996438503 4.248489998281002 2
      vertex 10.464574001729488 4.260693997144699 2
      vertex 10.424290001392365 4.377576999366283 2
    endloop
  endfacet
  facet normal 0 0 1
    outer loop
      vertex 10.672077998518944 4.238733999431133 2
      vertex 10.84052199870348 4.237510003149509 2
      vertex 10.44624999910593 4.835614003241062 2
    endloop
  endfacet
  facet normal 0 0 1
    outer loop
      vertex 11.034598000347614 4.260693997144699 2
      vertex 11.143228001892567 4.248489998281002 2
      vertex 11.082505002617836 4.401372998952866 2
    endloop
  endfacet
  facet normal 0 0 1
    outer loop
      vertex 11.143228001892567 4.248489998281002 2
      vertex 11.144146002829075 4.392224498093128 2
      vertex 11.082505002617836 4.401372998952866 2
    endloop
  endfacet
  facet normal 0 0 1
    outer loop
      vertex 11.144146002829075 4.392224498093128 2
      vertex 11.146899998188019 4.493848003447056 2
      vertex 11.082505002617836 4.401372998952866 2
    endloop
  endfacet
  facet normal 0 0 1
    outer loop
      vertex 10.84052199870348 4.237510003149509 2
      vertex 11.066331997513771 4.835614003241062 2
      vertex 10.44624999910593 4.835614003241062 2
    endloop
  endfacet
  facet normal 0 0 1
    outer loop
      vertex 11.082505002617836 4.401372998952866 2
      vertex 11.146899998188019 4.493848003447056 2
      vertex 11.15055400133133 4.615906000137329 2
    endloop
  endfacet
  facet normal 0 0 1
    outer loop
      vertex 11.340975999832153 3.188992001116276 2
      vertex 11.673075996339321 3.7651360034942627 2
      vertex 11.340975999832153 4.835614003241062 2
    endloop
  endfacet
  facet normal 0 0 1
    outer loop
      vertex 11.906230002641678 3.7968700006604195 2
      vertex 12.592210002243519 3.812728002667427 2
      vertex 11.906230002641678 4.835614003241062 2
    endloop
  endfacet
  facet normal 0 0 1
    outer loop
      vertex 11.673075996339321 3.7651360034942627 2
      vertex 11.673075996339321 4.835614003241062 2
      vertex 11.340975999832153 4.835614003241062 2
    endloop
  endfacet
  facet normal 0 0 1
    outer loop
      vertex 11.066331997513771 4.835614003241062 2
      vertex 11.340975999832153 4.835614003241062 2
      vertex 8.2 6.999999999999998 2
    endloop
  endfacet
  facet normal 0 0 1
    outer loop
      vertex 11.340975999832153 4.835614003241062 2
      vertex 11.673075996339321 4.835614003241062 2
      vertex 8.2 6.999999999999998 2
    endloop
  endfacet
  facet normal 0 0 1
    outer loop
      vertex 11.673075996339321 4.835614003241062 2
      vertex 11.906230002641678 4.835614003241062 2
      vertex 8.2 6.999999999999998 2
    endloop
  endfacet
  facet normal 0 0 1
    outer loop
      vertex 11.906230002641678 4.835614003241062 2
      vertex 12.592210002243519 4.835614003241062 2
      vertex 8.2 6.999999999999998 2
    endloop
  endfacet
  facet normal 0 0 1
    outer loop
      vertex 8.2 6.999999999999998 2
      vertex 12.592210002243519 4.835614003241062 2
      vertex 12.82413999736309 4.835614003241062 2
    endloop
  endfacet
  facet normal 0 0 1
    outer loop
      vertex 8.2 6.999999999999998 2
      vertex 12.82413999736309 4.835614003241062 2
      vertex 13.289296001195908 4.835614003241062 2
    endloop
  endfacet
  facet normal 0 0 1
    outer loop
      vertex 8.2 6.999999999999998 2
      vertex 13.289296001195908 4.835614003241062 2
      vertex 13.522431999444962 4.835614003241062 2
    endloop
  endfacet
  facet normal 0 0 1
    outer loop
      vertex 8.2 6.999999999999998 2
      vertex 13.522431999444962 4.835614003241062 2
      vertex 14.697994001209736 4.835614003241062 2
    endloop
  endfacet
  facet normal 0 0 1
    outer loop
      vertex 13.289296001195908 3.188992001116276 2
      vertex 13.289296001195908 4.835614003241062 2
      vertex 12.82413999736309 3.7870960012078285 2
    endloop
  endfacet
  facet normal 0 0 1
    outer loop
      vertex 11.906230002641678 4.835614003241062 2
      vertex 12.592210002243519 3.812728002667427 2
      vertex 12.592210002243519 4.835614003241062 2
    endloop
  endfacet
  facet normal 0 0 1
    outer loop
      vertex 12.82413999736309 3.7870960012078285 2
      vertex 13.289296001195908 4.835614003241062 2
      vertex 12.82413999736309 4.835614003241062 2
    endloop
  endfacet
  facet normal 0 0 1
    outer loop
      vertex 13.522431999444962 3.3794139996170998 2
      vertex 14.342692002654076 3.3794139996170998 2
      vertex 13.522431999444962 4.835614003241062 2
    endloop
  endfacet
  facet normal 0 0 1
    outer loop
      vertex 14.342692002654076 3.3794139996170998 2
      vertex 14.697994001209736 4.835614003241062 2
      vertex 13.522431999444962 4.835614003241062 2
    endloop
  endfacet
  facet normal 0 0 1
    outer loop
      vertex 8.2 6.999999999999998 2
      vertex 14.697994001209736 4.835614003241062 2
      vertex 15.819735996425152 4.835614003241062 2
    endloop
  endfacet
  facet normal 0 0 1
    outer loop
      vertex 14.697994001209736 3.188992001116276 2
      vertex 14.697994001209736 4.835614003241062 2
      vertex 14.342692002654076 3.3794139996170998 2
    endloop
  endfacet
  facet normal 0 0 1
    outer loop
      vertex 14.93112999945879 3.3794139996170998 2
      vertex 15.74651200324297 3.942111998796463 2
      vertex 14.93112999945879 3.942111998796463 2
    endloop
  endfacet
  facet normal 0 0 1
    outer loop
      vertex 14.93112999945879 4.130085997283459 2
      vertex 15.74651200324297 4.130085997283459 2
      vertex 14.93112999945879 4.645191997289658 2
    endloop
  endfacet
  facet normal 0 0 1
    outer loop
      vertex 14.93112999945879 4.645191997289658 2
      vertex 15.74651200324297 4.130085997283459 2
      vertex 15.819735996425152 4.645191997289658 2
    endloop
  endfacet
  facet normal 0 0 1
    outer loop
      vertex 8.2 6.999999999999998 2
      vertex 15.819735996425152 4.835614003241062 2
      vertex 19.35048094716167 4.125 2
    endloop
  endfacet
  facet normal 0 0 1
    outer loop
      vertex 8.2 6.999999999999998 2
      vertex 19.35048094716167 4.125 2
      vertex 19.2755556302832 4.305885716173109 2
    endloop
  endfacet
  facet normal 0 0 1
    outer loop
      vertex 8.2 6.999999999999998 2
      vertex 19.2755556302832 4.305885716173109 2
      vertex 19.25 4.5 2
    endloop
  endfacet
  facet normal 0 0 1
    outer loop
      vertex 8.2 6.999999999999998 2
      vertex 19.25 4.5 2
      vertex 19.2755556302832 4.694114283826891 2
    endloop
  endfacet
  facet normal 0 0 1
    outer loop
      vertex 8.2 6.999999999999998 2
      vertex 19.2755556302832 4.694114283826891 2
      vertex 19.35048094716167 4.875 2
    endloop
  endfacet
  facet normal 0 0 1
    outer loop
      vertex 8.2 6.999999999999998 2
      vertex 19.35048094716167 4.875 2
      vertex 19.46966991411009 5.0303300858899105 2
    endloop
  endfacet
  facet normal 0 0 1
    outer loop
      vertex 8.2 6.999999999999998 2
      vertex 19.46966991411009 5.0303300858899105 2
      vertex 19.5 5.05360317934096 2
    endloop
  endfacet
  facet normal 0 0 1
    outer loop
      vertex 8.2 6.999999999999998 2
      vertex 19.5 5.05360317934096 2
      vertex 19.5 6.999999999999998 2
    endloop
  endfacet
  facet normal 0 0 1
    outer loop
      vertex 0 0 2
      vertex 8.2 6.999999999999998 2
      vertex 0 30 2
    endloop
  endfacet
  facet normal 0 0 1
    outer loop
      vertex 0 0 2
      vertex 38.2 0 2
      vertex 19.80588571617311 3.7755556302831987 2
    endloop
  endfacet
  facet normal 0 0 1
    outer loop
      vertex 15.869794003665447 3.188992001116276 2
      vertex 19.35048094716167 4.125 2
      vertex 15.869794003665447 3.3794139996170998 2
    endloop
  endfacet
  facet normal 0 0 1
    outer loop
      vertex 15.869794003665447 3.188992001116276 2
      vertex 19.625 3.850480947161671 2
      vertex 19.46966991411009 3.9696699141100895 2
    endloop
  endfacet
  facet normal 0 0 1
    outer loop
      vertex 15.869794003665447 3.3794139996170998 2
      vertex 19.35048094716167 4.125 2
      vertex 15.74651200324297 3.942111998796463 2
    endloop
  endfacet
  facet normal 0 0 1
    outer loop
      vertex 15.74651200324297 3.942111998796463 2
      vertex 19.35048094716167 4.125 2
      vertex 15.74651200324297 4.130085997283459 2
    endloop
  endfacet
  facet normal 0 0 1
    outer loop
      vertex 15.74651200324297 4.130085997283459 2
      vertex 19.35048094716167 4.125 2
      vertex 15.819735996425152 4.645191997289658 2
    endloop
  endfacet
  facet normal 0 0 1
    outer loop
      vertex 15.819735996425152 4.645191997289658 2
      vertex 19.35048094716167 4.125 2
      vertex 15.819735996425152 4.835614003241062 2
    endloop
  endfacet
  facet normal 0 0 1
    outer loop
      vertex 15.869794003665447 3.188992001116276 2
      vertex 19.46966991411009 3.9696699141100895 2
      vertex 19.35048094716167 4.125 2
    endloop
  endfacet
  facet normal 0 0 1
    outer loop
      vertex 20.375 3.850480947161671 2
      vertex 20.737464829233772 4 2
      vertex 20.53033008588991 3.9696699141100895 2
    endloop
  endfacet
  facet normal 0 0 1
    outer loop
      vertex 20.53033008588991 3.9696699141100895 2
      vertex 20.737464829233772 4 2
      vertex 20.55360317934096 4 2
    endloop
  endfacet
  facet normal 0 0 1
    outer loop
      vertex 20.55360317934096 5 2
      vertex 26.8 6.999999999999998 2
      vertex 20.53033008588991 5.0303300858899105 2
    endloop
  endfacet
  facet normal 0 0 1
    outer loop
      vertex 20.53033008588991 5.0303300858899105 2
      vertex 26.8 6.999999999999998 2
      vertex 20.5 5.05360317934096 2
    endloop
  endfacet
  facet normal 0 0 1
    outer loop
      vertex 20.5 5.05360317934096 2
      vertex 26.8 6.999999999999998 2
      vertex 20.5 6.999999999999998 2
    endloop
  endfacet
  facet normal 0 0 1
    outer loop
      vertex 19.80588571617311 3.7755556302831987 2
      vertex 38.2 0 2
      vertex 20 3.75 2
    endloop
  endfacet
  facet normal 0 0 1
    outer loop
      vertex 20 3.75 2
      vertex 38.2 0 2
      vertex 20.19411428382689 3.7755556302831987 2
    endloop
  endfacet
  facet normal 0 0 1
    outer loop
      vertex 20.19411428382689 3.7755556302831987 2
      vertex 38.2 0 2
      vertex 20.375 3.850480947161671 2
    endloop
  endfacet
  facet normal 0 0 1
    outer loop
      vertex 20.375 3.850480947161671 2
      vertex 38.2 0 2
      vertex 20.737464829233772 4 2
    endloop
  endfacet
  facet normal 0 0 1
    outer loop
      vertex 20.737464829233772 4 2
      vertex 38.2 0 2
      vertex 35.625 3.850480947161671 2
    endloop
  endfacet
  facet normal 0 0 1
    outer loop
      vertex 20.55360317934096 5 2
      vertex 35.44639682065905 5 2
      vertex 26.8 6.999999999999998 2
    endloop
  endfacet
  facet normal 0 0 1
    outer loop
      vertex 20.737464829233772 4 2
      vertex 35.625 3.850480947161671 2
      vertex 35.46966991411009 3.9696699141100895 2
    endloop
  endfacet
  facet normal 0 0 1
    outer loop
      vertex 20.737464829233772 4 2
      vertex 35.46966991411009 3.9696699141100895 2
      vertex 35.44639682065905 4 2
    endloop
  endfacet
  facet normal 0 0 1
    outer loop
      vertex 26.8 6.999999999999998 2
      vertex 36 7.029999999999999 2
      vertex 26.8 14.587066728867455 2
    endloop
  endfacet
  facet normal -1 0 0
    outer loop
      vertex 0 0 0
      vertex 0 30 2
      vertex 0 30 0
    endloop
  endfacet
  facet normal 0 1 0
    outer loop
      vertex 0 30 0
      vertex 0 30 2
      vertex 8.2 30 1.6
    endloop
  endfacet
  facet normal 0 1 0
    outer loop
      vertex 8.2 30 1.6
      vertex 0 30 2
      vertex 8.2 30 2
    endloop
  endfacet
  facet normal 0 0 -1
    outer loop
      vertex 0 0 0
      vertex 0 30 0
      vertex 65 30 0
    endloop
  endfacet
  facet normal 0 1 0
    outer loop
      vertex 0 30 0
      vertex 8.2 30 1.6
      vertex 65 30 0
    endloop
  endfacet
  facet normal 0 0 1
    outer loop
      vertex 8.2 6.999999999999998 2
      vertex 8.2 30 2
      vertex 0 30 2
    endloop
  endfacet
  facet normal 0 0 1
    outer loop
      vertex 26.8 16.147730019100024 2
      vertex 38.2 12.872933271132549 2
      vertex 26.8 17.127066728867447 2
    endloop
  endfacet
  facet normal 0 0 1
    outer loop
      vertex 26.8 18.687730019100012 2
      vertex 38.2 22.7 2
      vertex 26.8 25.509999999999998 2
    endloop
  endfacet
  facet normal 0 0 1
    outer loop
      vertex 26.8 26.509999999999998 2
      vertex 43.44639682065904 26.509999999999998 2
      vertex 26.8 30 2
    endloop
  endfacet
  facet normal 0 -1 0
    outer loop
      vertex 0 0 0
      vertex 65 0 0
      vertex 56.800000000000004 0 1.6
    endloop
  endfacet
  facet normal 0 0 -1
    outer loop
      vertex 0 0 0
      vertex 65 30 0
      vertex 65 0 0
    endloop
  endfacet
  facet normal 0 -1 0
    outer loop
      vertex 65 0 0
      vertex 65 0 2
      vertex 56.800000000000004 0 1.6
    endloop
  endfacet
  facet normal 0 -1 0
    outer loop
      vertex 56.800000000000004 0 1.6
      vertex 65 0 2
      vertex 56.800000000000004 0 2
    endloop
  endfacet
  facet normal 1 0 0
    outer loop
      vertex 65 0 0
      vertex 65 30 0
      vertex 65 0 2
    endloop
  endfacet
  facet normal 0 0 1
    outer loop
      vertex 38.2 0 2
      vertex 35.80588571617311 3.7755556302831987 2
      vertex 35.625 3.850480947161671 2
    endloop
  endfacet
  facet normal 0 0 1
    outer loop
      vertex 38.2 0 2
      vertex 36 3.75 2
      vertex 35.80588571617311 3.7755556302831987 2
    endloop
  endfacet
  facet normal 0 0 1
    outer loop
      vertex 38.2 0 2
      vertex 36.19411428382689 3.7755556302831987 2
      vertex 36 3.75 2
    endloop
  endfacet
  facet normal 0 0 1
    outer loop
      vertex 38.2 0 2
      vertex 36.375 3.850480947161671 2
      vertex 36.19411428382689 3.7755556302831987 2
    endloop
  endfacet
  facet normal 0 0 1
    outer loop
      vertex 38.2 0 2
      vertex 36.53033008588991 3.9696699141100895 2
      vertex 36.375 3.850480947161671 2
    endloop
  endfacet
  facet normal 0 0 1
    outer loop
      vertex 38.2 0 2
      vertex 36.64951905283833 4.125 2
      vertex 36.53033008588991 3.9696699141100895 2
    endloop
  endfacet
  facet normal 0 0 1
    outer loop
      vertex 38.2 0 2
      vertex 36.7244443697168 4.305885716173109 2
      vertex 36.64951905283833 4.125 2
    endloop
  endfacet
  facet normal 0 0 1
    outer loop
      vertex 38.2 0 2
      vertex 36.75 4.5 2
      vertex 36.7244443697168 4.305885716173109 2
    endloop
  endfacet
  facet normal 0 0 1
    outer loop
      vertex 38.2 0 2
      vertex 36.7244443697168 4.694114283826891 2
      vertex 36.75 4.5 2
    endloop
  endfacet
  facet normal 0 0 1
    outer loop
      vertex 38.2 0 2
      vertex 38.2 6.029999999999999 2
      vertex 36.7244443697168 4.694114283826891 2
    endloop
  endfacet
  facet normal 0 0 1
    outer loop
      vertex 26.8 6.999999999999998 2
      vertex 35.44639682065905 5 2
      vertex 35.46966991411009 5.0303300858899105 2
    endloop
  endfacet
  facet normal 0 0 1
    outer loop
      vertex 26.8 6.999999999999998 2
      vertex 35.46966991411009 5.0303300858899105 2
      vertex 35.5 5.053603179340957 2
    endloop
  endfacet
  facet normal 0 0 1
    outer loop
      vertex 26.8 6.999999999999998 2
      vertex 35.5 5.053603179340957 2
      vertex 35.5 6.529999999999999 2
    endloop
  endfacet
  facet normal 0 0 1
    outer loop
      vertex 26.8 6.999999999999998 2
      vertex 35.5 6.529999999999999 2
      vertex 36 6.529999999999999 2
    endloop
  endfacet
  facet normal 0 0 1
    outer loop
      vertex 26.8 6.999999999999998 2
      vertex 36 6.529999999999999 2
      vertex 36 7.029999999999999 2
    endloop
  endfacet
  facet normal 0 0 1
    outer loop
      vertex 36.7244443697168 4.694114283826891 2
      vertex 38.2 6.029999999999999 2
      vertex 36.64951905283833 4.875 2
    endloop
  endfacet
  facet normal 0 0 1
    outer loop
      vertex 36.53033008588991 5.0303300858899105 2
      vertex 36.64951905283833 4.875 2
      vertex 38.2 6.029999999999999 2
    endloop
  endfacet
  facet normal 0 0 1
    outer loop
      vertex 36.53033008588991 5.0303300858899105 2
      vertex 38.2 6.029999999999999 2
      vertex 36.5 5.053603179340957 2
    endloop
  endfacet
  facet normal 0 0 1
    outer loop
      vertex 36.5 5.053603179340957 2
      vertex 38.2 6.029999999999999 2
      vertex 36.5 6.029999999999999 2
    endloop
  endfacet
  facet normal 0 0 1
    outer loop
      vertex 26.8 14.587066728867455 2
      vertex 36 7.029999999999999 2
      vertex 38.2 7.029999999999999 2
    endloop
  endfacet
  facet normal 0 0 1
    outer loop
      vertex 26.8 14.587066728867455 2
      vertex 38.2 7.029999999999999 2
      vertex 38.2 11.312269980899982 2
    endloop
  endfacet
  facet normal 0 0 1
    outer loop
      vertex 26.8 17.127066728867447 2
      vertex 38.2 12.872933271132549 2
      vertex 38.2 13.852269980899974 2
    endloop
  endfacet
  facet normal 0 0 1
    outer loop
      vertex 56.800000000000004 0 2
      vertex 65 0 2
      vertex 56.800000000000004 22.7 2
    endloop
  endfacet
  facet normal 0 1 0
    outer loop
      vertex 8.2 30 1.6
      vertex 26.8 30 1.6
      vertex 65 30 0
    endloop
  endfacet
  facet normal 0 1 0
    outer loop
      vertex 26.8 30 1.6
      vertex 26.8 30 2
      vertex 65 30 0
    endloop
  endfacet
  facet normal 1 0 0
    outer loop
      vertex 65 0 2
      vertex 65 30 0
      vertex 65 30 2
    endloop
  endfacet
  facet normal 0 1 0
    outer loop
      vertex 26.8 30 2
      vertex 65 30 2
      vertex 65 30 0
    endloop
  endfacet
  facet normal 0 0 1
    outer loop
      vertex 26.8 18.687730019100012 2
      vertex 38.2 15.412933271132541 2
      vertex 38.2 22.7 2
    endloop
  endfacet
  facet normal 0 0 1
    outer loop
      vertex 26.8 25.509999999999998 2
      vertex 38.2 22.7 2
      vertex 43.44639682065904 25.509999999999998 2
    endloop
  endfacet
  facet normal 0 0 1
    outer loop
      vertex 26.8 30 2
      vertex 43.44639682065904 26.509999999999998 2
      vertex 43.46966991411009 26.54033008588991 2
    endloop
  endfacet
  facet normal 0 0 1
    outer loop
      vertex 26.8 30 2
      vertex 43.46966991411009 26.54033008588991 2
      vertex 43.625 26.659519052838327 2
    endloop
  endfacet
  facet normal 0 0 1
    outer loop
      vertex 26.8 30 2
      vertex 43.625 26.659519052838327 2
      vertex 43.80588571617311 26.734444369716797 2
    endloop
  endfacet
  facet normal 0 0 1
    outer loop
      vertex 26.8 30 2
      vertex 43.80588571617311 26.734444369716797 2
      vertex 44 26.759999999999998 2
    endloop
  endfacet
  facet normal 0 0 1
    outer loop
      vertex 26.8 30 2
      vertex 44 26.759999999999998 2
      vertex 44.19411428382689 26.734444369716797 2
    endloop
  endfacet
  facet normal 0 0 1
    outer loop
      vertex 26.8 30 2
      vertex 44.19411428382689 26.734444369716797 2
      vertex 47.40684899687767 29.42294200360775 2
    endloop
  endfacet
  facet normal 0 0 1
    outer loop
      vertex 38.2 22.7 2
      vertex 43.5 22.7 2
      vertex 43.5 25.45639682065904 2
    endloop
  endfacet
  facet normal 0 0 1
    outer loop
      vertex 38.2 22.7 2
      vertex 43.5 25.45639682065904 2
      vertex 43.46966991411009 25.479669914110087 2
    endloop
  endfacet
  facet normal 0 0 1
    outer loop
      vertex 38.2 22.7 2
      vertex 43.46966991411009 25.479669914110087 2
      vertex 43.44639682065904 25.509999999999998 2
    endloop
  endfacet
  facet normal 0 0 1
    outer loop
      vertex 44.5 22.7 2
      vertex 56.800000000000004 22.7 2
      vertex 44.5 25.45639682065904 2
    endloop
  endfacet
  facet normal 0 0 1
    outer loop
      vertex 44.5 25.45639682065904 2
      vertex 56.800000000000004 22.7 2
      vertex 44.53033008588991 25.479669914110087 2
    endloop
  endfacet
  facet normal 0 0 1
    outer loop
      vertex 44.53033008588991 25.479669914110087 2
      vertex 56.800000000000004 22.7 2
      vertex 44.64951905283833 25.634999999999998 2
    endloop
  endfacet
  facet normal 0 0 1
    outer loop
      vertex 44.64951905283833 25.634999999999998 2
      vertex 56.800000000000004 22.7 2
      vertex 44.7244443697168 25.815885716173106 2
    endloop
  endfacet
  facet normal 0 0 1
    outer loop
      vertex 44.7244443697168 26.20411428382689 2
      vertex 56.800000000000004 22.7 2
      vertex 44.64951905283833 26.384999999999998 2
    endloop
  endfacet
  facet normal 0 0 1
    outer loop
      vertex 44.375 26.659519052838327 2
      vertex 51.27031499892473 27.776320001482965 2
      vertex 44.19411428382689 26.734444369716797 2
    endloop
  endfacet
  facet normal 0 0 1
    outer loop
      vertex 44.19411428382689 26.734444369716797 2
      vertex 47.60214900225401 27.776320001482965 2
      vertex 47.40684899687767 27.776320001482965 2
    endloop
  endfacet
  facet normal 0 0 1
    outer loop
      vertex 44.19411428382689 26.734444369716797 2
      vertex 47.40684899687767 27.776320001482965 2
      vertex 47.40684899687767 29.42294200360775 2
    endloop
  endfacet
  facet normal 0 0 1
    outer loop
      vertex 44.64951905283833 26.384999999999998 2
      vertex 51.94787099957466 27.776320001482965 2
      vertex 44.53033008588991 26.54033008588991 2
    endloop
  endfacet
  facet normal 0 0 1
    outer loop
      vertex 44.375 26.659519052838327 2
      vertex 44.53033008588991 26.54033008588991 2
      vertex 51.27031499892473 27.776320001482965 2
    endloop
  endfacet
  facet normal 0 0 1
    outer loop
      vertex 44.19411428382689 26.734444369716797 2
      vertex 48.39310500025749 27.776320001482965 2
      vertex 47.60214900225401 27.776320001482965 2
    endloop
  endfacet
  facet normal 0 0 1
    outer loop
      vertex 44.19411428382689 26.734444369716797 2
      vertex 48.59085299819708 27.776320001482965 2
      vertex 48.39310500025749 27.776320001482965 2
    endloop
  endfacet
  facet normal 0 0 1
    outer loop
      vertex 44.19411428382689 26.734444369716797 2
      vertex 48.99619500339031 27.776320001482965 2
      vertex 48.59085299819708 27.776320001482965 2
    endloop
  endfacet
  facet normal 0 0 1
    outer loop
      vertex 44.19411428382689 26.734444369716797 2
      vertex 50.00077500194311 27.776320001482965 2
      vertex 48.99619500339031 27.776320001482965 2
    endloop
  endfacet
  facet normal 0 0 1
    outer loop
      vertex 44.19411428382689 26.734444369716797 2
      vertex 50.44762499630451 27.776320001482965 2
      vertex 50.00077500194311 27.776320001482965 2
    endloop
  endfacet
  facet normal 0 0 1
    outer loop
      vertex 44.19411428382689 26.734444369716797 2
      vertex 50.65512900054455 27.776320001482965 2
      vertex 50.44762499630451 27.776320001482965 2
    endloop
  endfacet
  facet normal 0 0 1
    outer loop
      vertex 44.19411428382689 26.734444369716797 2
      vertex 51.27031499892473 27.776320001482965 2
      vertex 50.65512900054455 27.776320001482965 2
    endloop
  endfacet
  facet normal 0 0 1
    outer loop
      vertex 47.60214900225401 27.776320001482965 2
      vertex 48.39310500025749 27.776320001482965 2
      vertex 47.91705899685621 28.313403999805452 2
    endloop
  endfacet
  facet normal 0 0 1
    outer loop
      vertex 26.8 30 2
      vertex 47.40684899687767 29.42294200360775 2
      vertex 65 30 2
    endloop
  endfacet
  facet normal 0 0 1
    outer loop
      vertex 47.60214900225401 27.776320001482965 2
      vertex 47.91705899685621 28.313403999805452 2
      vertex 47.60214900225401 28.83581799864769 2
    endloop
  endfacet
  facet normal 0 0 1
    outer loop
      vertex 47.60214900225401 28.83581799864769 2
      vertex 47.714451000094414 28.84802199751139 2
      vertex 47.67416699975729 28.964904999732973 2
    endloop
  endfacet
  facet normal 0 0 1
    outer loop
      vertex 47.60214900225401 28.83581799864769 2
      vertex 47.67416699975729 28.964904999732973 2
      vertex 47.597271002829075 29.20323400050402 2
    endloop
  endfacet
  facet normal 0 0 1
    outer loop
      vertex 48.39310500025749 27.776320001482965 2
      vertex 48.08429700136185 28.313403999805452 2
      vertex 47.91705899685621 28.313403999805452 2
    endloop
  endfacet
  facet normal 0 0 1
    outer loop
      vertex 48.39310500025749 27.776320001482965 2
      vertex 48.39310500025749 28.83581799864769 2
      vertex 48.08429700136185 28.313403999805452 2
    endloop
  endfacet
  facet normal 0 0 1
    outer loop
      vertex 47.60214900225401 28.83581799864769 2
      vertex 47.91705899685621 28.313403999805452 2
      vertex 47.714451000094414 28.84802199751139 2
    endloop
  endfacet
  facet normal 0 0 1
    outer loop
      vertex 48.00495299696922 28.544091998040678 2
      vertex 48.03668700158596 28.653946003317834 2
      vertex 47.95552050322294 28.723223498463632 2
    endloop
  endfacet
  facet normal 0 0 1
    outer loop
      vertex 47.95552050322294 28.723223498463632 2
      vertex 48.03668700158596 28.653946003317834 2
      vertex 48.090398997068405 28.8248380035162 2
    endloop
  endfacet
  facet normal 0 0 1
    outer loop
      vertex 47.95552050322294 28.723223498463632 2
      vertex 48.090398997068405 28.8248380035162 2
      vertex 47.92195499688387 28.826061999797822 2
    endloop
  endfacet
  facet normal 0 0 1
    outer loop
      vertex 47.92195499688387 28.826061999797822 2
      vertex 48.090398997068405 28.8248380035162 2
      vertex 47.696126997470856 29.42294200360775 2
    endloop
  endfacet
  facet normal 0 0 1
    outer loop
      vertex 48.08429700136185 28.313403999805452 2
      vertex 48.39310500025749 28.83581799864769 2
      vertex 48.28447499871254 28.84802199751139 2
    endloop
  endfacet
  facet normal 0 0 1
    outer loop
      vertex 48.59085299819708 27.776320001482965 2
      vertex 48.99619500339031 29.232519997656347 2
      vertex 48.59085299819708 29.42294200360775 2
    endloop
  endfacet
  facet normal 0 0 1
    outer loop
      vertex 48.28447499871254 28.84802199751139 2
      vertex 48.39310500025749 28.83581799864769 2
      vertex 48.33238200098276 28.988700999319555 2
    endloop
  endfacet
  facet normal 0 0 1
    outer loop
      vertex 48.39310500025749 28.83581799864769 2
      vertex 48.394023001194 28.979552498459817 2
      vertex 48.33238200098276 28.988700999319555 2
    endloop
  endfacet
  facet normal 0 0 1
    outer loop
      vertex 48.33238200098276 28.988700999319555 2
      vertex 48.394023001194 28.979552498459817 2
      vertex 48.396776996552944 29.081175996363164 2
    endloop
  endfacet
  facet normal 0 0 1
    outer loop
      vertex 48.090398997068405 28.8248380035162 2
      vertex 48.31620900332928 29.42294200360775 2
      vertex 47.696126997470856 29.42294200360775 2
    endloop
  endfacet
  facet normal 0 0 1
    outer loop
      vertex 48.33238200098276 28.988700999319555 2
      vertex 48.396776996552944 29.081175996363164 2
      vertex 48.400430999696255 29.20323400050402 2
    endloop
  endfacet
  facet normal 0 0 1
    outer loop
      vertex 65 0 2
      vertex 65 30 2
      vertex 56.800000000000004 22.7 2
    endloop
  endfacet
  facet normal 0 0 1
    outer loop
      vertex 44.7244443697168 25.815885716173106 2
      vertex 56.800000000000004 22.7 2
      vertex 44.75 26.009999999999998 2
    endloop
  endfacet
  facet normal 0 0 1
    outer loop
      vertex 44.75 26.009999999999998 2
      vertex 56.800000000000004 22.7 2
      vertex 44.7244443697168 26.20411428382689 2
    endloop
  endfacet
  facet normal 0 0 1
    outer loop
      vertex 44.64951905283833 26.384999999999998 2
      vertex 56.800000000000004 22.7 2
      vertex 51.94787099957466 27.776320001482965 2
    endloop
  endfacet
  facet normal 0 0 1
    outer loop
      vertex 56.800000000000004 22.7 2
      vertex 53.11967100203037 27.776320001482965 2
      vertex 51.94787099957466 27.776320001482965 2
    endloop
  endfacet
  facet normal 0 0 1
    outer loop
      vertex 56.800000000000004 22.7 2
      vertex 53.44811700284481 27.776320001482965 2
      vertex 53.11967100203037 27.776320001482965 2
    endloop
  endfacet
  facet normal 0 0 1
    outer loop
      vertex 56.800000000000004 22.7 2
      vertex 53.681253001093864 27.776320001482965 2
      vertex 53.44811700284481 27.776320001482965 2
    endloop
  endfacet
  facet normal 0 0 1
    outer loop
      vertex 56.800000000000004 22.7 2
      vertex 54.418514996767044 27.776320001482965 2
      vertex 53.681253001093864 27.776320001482965 2
    endloop
  endfacet
  facet normal 0 0 1
    outer loop
      vertex 56.800000000000004 22.7 2
      vertex 54.687039002776146 27.776320001482965 2
      vertex 54.418514996767044 27.776320001482965 2
    endloop
  endfacet
  facet normal 0 0 1
    outer loop
      vertex 44.53033008588991 26.54033008588991 2
      vertex 51.55106099694967 27.776320001482965 2
      vertex 51.27031499892473 27.776320001482965 2
    endloop
  endfacet
  facet normal 0 0 1
    outer loop
      vertex 44.53033008588991 26.54033008588991 2
      vertex 51.94787099957466 27.776320001482965 2
      vertex 51.55106099694967 27.776320001482965 2
    endloop
  endfacet
  facet normal 0 0 1
    outer loop
      vertex 48.59085299819708 27.776320001482965 2
      vertex 48.99619500339031 27.776320001482965 2
      vertex 48.99619500339031 27.96674199998379 2
    endloop
  endfacet
  facet normal 0 0 1
    outer loop
      vertex 50.00077500194311 27.776320001482965 2
      vertex 50.44762499630451 27.776320001482965 2
      vertex 50.00077500194311 27.96674199998379 2
    endloop
  endfacet
  facet normal 0 0 1
    outer loop
      vertex 48.59085299819708 27.776320001482965 2
      vertex 48.99619500339031 27.96674199998379 2
      vertex 48.99619500339031 29.232519997656347 2
    endloop
  endfacet
  facet normal 0 0 1
    outer loop
      vertex 48.99619500339031 27.96674199998379 2
      vertex 49.381916999816895 27.96674199998379 2
      vertex 49.381916999816895 29.232519997656347 2
    endloop
  endfacet
  facet normal 0 0 1
    outer loop
      vertex 48.99619500339031 27.96674199998379 2
      vertex 49.381916999816895 29.232519997656347 2
      vertex 48.99619500339031 29.232519997656347 2
    endloop
  endfacet
  facet normal 0 0 1
    outer loop
      vertex 49.61505299806595 27.96674199998379 2
      vertex 50.00077500194311 29.232519997656347 2
      vertex 49.61505299806595 29.232519997656347 2
    endloop
  endfacet
  facet normal 0 0 1
    outer loop
      vertex 50.00077500194311 27.96674199998379 2
      vertex 50.44762499630451 27.776320001482965 2
      vertex 50.00077500194311 29.232519997656347 2
    endloop
  endfacet
  facet normal 0 0 1
    outer loop
      vertex 49.61505299806595 27.96674199998379 2
      vertex 50.00077500194311 27.96674199998379 2
      vertex 50.00077500194311 29.232519997656347 2
    endloop
  endfacet
  facet normal 0 0 1
    outer loop
      vertex 50.44762499630451 27.776320001482965 2
      vertex 50.44762499630451 29.42294200360775 2
      vertex 50.00077500194311 29.232519997656347 2
    endloop
  endfacet
  facet normal 0 0 1
    outer loop
      vertex 48.59085299819708 29.42294200360775 2
      vertex 48.99619500339031 29.232519997656347 2
      vertex 48.99619500339031 29.42294200360775 2
    endloop
  endfacet
  facet normal 0 0 1
    outer loop
      vertex 50.00077500194311 29.232519997656347 2
      vertex 50.44762499630451 29.42294200360775 2
      vertex 50.00077500194311 29.42294200360775 2
    endloop
  endfacet
  facet normal 0 0 1
    outer loop
      vertex 50.65512900054455 27.776320001482965 2
      vertex 51.27031499892473 27.776320001482965 2
      vertex 50.65512900054455 28.845591998100282 2
    endloop
  endfacet
  facet normal 0 0 1
    outer loop
      vertex 51.27031499892473 27.776320001482965 2
      vertex 50.65024650096893 28.973139999806882 2
      vertex 50.65512900054455 28.845591998100282 2
    endloop
  endfacet
  facet normal 0 0 1
    outer loop
      vertex 51.36308699846268 28.033863997459413 2
      vertex 51.346603497862816 28.20536350309849 2
      vertex 50.71859700232744 29.42294200360775 2
    endloop
  endfacet
  facet normal 0 0 1
    outer loop
      vertex 51.27031499892473 27.776320001482965 2
      vertex 50.63559900224209 29.15562400072813 2
      vertex 50.65024650096893 28.973139999806882 2
    endloop
  endfacet
  facet normal 0 0 1
    outer loop
      vertex 50.71859700232744 29.42294200360775 2
      vertex 51.346603497862816 28.20536350309849 2
      vertex 51.34110900014639 28.36832199841738 2
    endloop
  endfacet
  facet normal 0 0 1
    outer loop
      vertex 51.55106099694967 27.776320001482965 2
      vertex 51.94787099957466 29.42294200360775 2
      vertex 51.55106099694967 29.42294200360775 2
    endloop
  endfacet
  facet normal 0 0 1
    outer loop
      vertex 51.55106099694967 27.776320001482965 2
      vertex 51.94787099957466 27.776320001482965 2
      vertex 51.94787099957466 29.42294200360775 2
    endloop
  endfacet
  facet normal 0 0 1
    outer loop
      vertex 52.181006997823715 27.96674199998379 2
      vertex 52.996389001607895 28.529439999163152 2
      vertex 52.181006997823715 28.529439999163152 2
    endloop
  endfacet
  facet normal 0 0 1
    outer loop
      vertex 52.181006997823715 28.717413997650148 2
      vertex 52.996389001607895 28.717413997650148 2
      vertex 52.181006997823715 29.232519997656347 2
    endloop
  endfacet
  facet normal 0 0 1
    outer loop
      vertex 52.181006997823715 29.232519997656347 2
      vertex 52.996389001607895 28.717413997650148 2
      vertex 53.06961300224066 29.232519997656347 2
    endloop
  endfacet
  facet normal 0 0 1
    outer loop
      vertex 50.71859700232744 29.42294200360775 2
      vertex 51.34110900014639 28.36832199841738 2
      vertex 51.34110900014639 29.42294200360775 2
    endloop
  endfacet
  facet normal 0 0 1
    outer loop
      vertex 52.181006997823715 27.96674199998379 2
      vertex 53.11967100203037 27.96674199998379 2
      vertex 53.44811700284481 28.186892061393507 2
    endloop
  endfacet
  facet normal 0 0 1
    outer loop
      vertex 53.11967100203037 27.776320001482965 2
      vertex 53.44811700284481 28.186892061393507 2
      vertex 53.11967100203037 27.96674199998379 2
    endloop
  endfacet
  facet normal 0 0 1
    outer loop
      vertex 53.11967100203037 27.776320001482965 2
      vertex 53.44811700284481 27.776320001482965 2
      vertex 53.44811700284481 28.186892061393507 2
    endloop
  endfacet
  facet normal 0 0 1
    outer loop
      vertex 53.681253001093864 27.776320001482965 2
      vertex 54.418514996767044 27.776320001482965 2
      vertex 53.971754997968674 28.478176003694536 2
    endloop
  endfacet
  facet normal 0 0 1
    outer loop
      vertex 52.181006997823715 27.96674199998379 2
      vertex 53.44811700284481 28.186892061393507 2
      vertex 52.996389001607895 28.529439999163152 2
    endloop
  endfacet
  facet normal 0 0 1
    outer loop
      vertex 52.996389001607895 28.529439999163152 2
      vertex 53.44811700284481 28.186892061393507 2
      vertex 52.996389001607895 28.717413997650148 2
    endloop
  endfacet
  facet normal 0 0 1
    outer loop
      vertex 53.681253001093864 27.776320001482965 2
      vertex 53.971754997968674 28.478176003694536 2
      vertex 53.681253001093864 28.478176003694536 2
    endloop
  endfacet
  facet normal 0 0 1
    outer loop
      vertex 53.44811700284481 28.186892061393507 2
      vertex 53.06961300224066 29.232519997656347 2
      vertex 52.996389001607895 28.717413997650148 2
    endloop
  endfacet
  facet normal 0 0 1
    outer loop
      vertex 53.44811700284481 28.186892061393507 2
      vertex 53.44811700284481 29.42294200360775 2
      vertex 53.06961300224066 29.232519997656347 2
    endloop
  endfacet
  facet normal 0 0 1
    outer loop
      vertex 53.681253001093864 28.66249599903822 2
      vertex 54.013263002038 29.23619200140238 2
      vertex 53.681253001093864 29.23619200140238 2
    endloop
  endfacet
  facet normal 0 0 1
    outer loop
      vertex 54.687039002776146 27.776320001482965 2
      vertex 54.371053501963615 28.559959000349046 2
      vertex 54.19878900051117 28.505032001435758 2
    endloop
  endfacet
  facet normal 0 0 1
    outer loop
      vertex 53.681253001093864 28.66249599903822 2
      vertex 54.02301900088787 28.66249599903822 2
      vertex 54.013263002038 29.23619200140238 2
    endloop
  endfacet
  facet normal 0 0 1
    outer loop
      vertex 54.02301900088787 28.66249599903822 2
      vertex 54.17728350311518 28.68202599734068 2
      vertex 54.013263002038 29.23619200140238 2
    endloop
  endfacet
  facet normal 0 0 1
    outer loop
      vertex 54.17728350311518 28.68202599734068 2
      vertex 54.2909490019083 28.74061599969864 2
      vertex 54.013263002038 29.23619200140238 2
    endloop
  endfacet
  facet normal 0 0 1
    outer loop
      vertex 54.2909490019083 28.74061599969864 2
      vertex 54.36098700016737 28.835521003603937 2
      vertex 54.013263002038 29.23619200140238 2
    endloop
  endfacet
  facet normal 0 0 1
    outer loop
      vertex 54.36098700016737 28.835521003603937 2
      vertex 54.38433299958706 28.963995999097826 2
      vertex 54.013263002038 29.23619200140238 2
    endloop
  endfacet
  facet normal 0 0 1
    outer loop
      vertex 53.06961300224066 29.232519997656347 2
      vertex 53.44811700284481 29.42294200360775 2
      vertex 53.06961300224066 29.42294200360775 2
    endloop
  endfacet
  facet normal 0 0 1
    outer loop
      vertex 47.40684899687767 29.42294200360775 2
      vertex 47.696126997470856 29.42294200360775 2
      vertex 65 30 2
    endloop
  endfacet
  facet normal 0 0 1
    outer loop
      vertex 47.696126997470856 29.42294200360775 2
      vertex 48.31620900332928 29.42294200360775 2
      vertex 65 30 2
    endloop
  endfacet
  facet normal 0 0 1
    outer loop
      vertex 54.38433299958706 28.963995999097826 2
      vertex 54.291565500199795 29.168143002688886 2
      vertex 54.013263002038 29.23619200140238 2
    endloop
  endfacet
  facet normal 0 0 1
    outer loop
      vertex 48.31620900332928 29.42294200360775 2
      vertex 48.59085299819708 29.42294200360775 2
      vertex 65 30 2
    endloop
  endfacet
  facet normal 0 0 1
    outer loop
      vertex 48.59085299819708 29.42294200360775 2
      vertex 48.99619500339031 29.42294200360775 2
      vertex 65 30 2
    endloop
  endfacet
  facet normal 0 0 1
    outer loop
      vertex 48.99619500339031 29.42294200360775 2
      vertex 50.00077500194311 29.42294200360775 2
      vertex 65 30 2
    endloop
  endfacet
  facet normal 0 0 1
    outer loop
      vertex 50.00077500194311 29.42294200360775 2
      vertex 50.44762499630451 29.42294200360775 2
      vertex 65 30 2
    endloop
  endfacet
  facet normal 0 0 1
    outer loop
      vertex 50.44762499630451 29.42294200360775 2
      vertex 50.71859700232744 29.42294200360775 2
      vertex 65 30 2
    endloop
  endfacet
  facet normal 0 0 1
    outer loop
      vertex 50.71859700232744 29.42294200360775 2
      vertex 51.34110900014639 29.42294200360775 2
      vertex 65 30 2
    endloop
  endfacet
  facet normal 0 0 1
    outer loop
      vertex 51.34110900014639 29.42294200360775 2
      vertex 51.55106099694967 29.42294200360775 2
      vertex 65 30 2
    endloop
  endfacet
  facet normal 0 0 1
    outer loop
      vertex 51.55106099694967 29.42294200360775 2
      vertex 51.94787099957466 29.42294200360775 2
      vertex 65 30 2
    endloop
  endfacet
  facet normal 0 0 1
    outer loop
      vertex 51.94787099957466 29.42294200360775 2
      vertex 53.06961300224066 29.42294200360775 2
      vertex 65 30 2
    endloop
  endfacet
  facet normal 0 0 1
    outer loop
      vertex 56.800000000000004 22.7 2
      vertex 65 30 2
      vertex 54.687039002776146 27.776320001482965 2
    endloop
  endfacet
  facet normal 0 0 1
    outer loop
      vertex 54.687039002776146 27.776320001482965 2
      vertex 65 30 2
      vertex 54.371053501963615 28.559959000349046 2
    endloop
  endfacet
  facet normal 0 0 1
    outer loop
      vertex 53.06961300224066 29.42294200360775 2
      vertex 53.44811700284481 29.42294200360775 2
      vertex 65 30 2
    endloop
  endfacet
  facet normal 0 0 1
    outer loop
      vertex 53.44811700284481 29.42294200360775 2
      vertex 54.03644700348377 29.42294200360775 2
      vertex 65 30 2
    endloop
  endfacet
  facet normal 0 0 1
    outer loop
      vertex 54.03644700348377 29.42294200360775 2
      vertex 54.286989003419876 29.393494001030923 2
      vertex 65 30 2
    endloop
  endfacet
  facet normal 0 0 1
    outer loop
      vertex 54.371053501963615 28.559959000349046 2
      vertex 65 30 2
      vertex 54.5045550018549 28.661272002756597 2
    endloop
  endfacet
  facet normal 0 0 1
    outer loop
      vertex 54.5045550018549 28.661272002756597 2
      vertex 65 30 2
      vertex 54.59015849977732 28.800119502842428 2
    endloop
  endfacet
  facet normal 0 0 1
    outer loop
      vertex 54.59015849977732 28.800119502842428 2
      vertex 65 30 2
      vertex 54.61869300156832 28.967650002241136 2
    endloop
  endfacet
  facet normal 0 0 1
    outer loop
      vertex 54.61869300156832 28.967650002241136 2
      vertex 65 30 2
      vertex 54.58146449923515 29.16187900155783 2
    endloop
  endfacet
  facet normal 0 0 1
    outer loop
      vertex 54.58146449923515 29.16187900155783 2
      vertex 65 30 2
      vertex 54.46977899968624 29.30515000075102 2
    endloop
  endfacet
  facet normal 0 0 1
    outer loop
      vertex 54.286989003419876 29.393494001030923 2
      vertex 54.46977899968624 29.30515000075102 2
      vertex 65 30 2
    endloop
  endfacet
  facet normal 0 1 0
    outer loop
      vertex 8.2 6.999999999999998 1.6
      vertex 8.2 6.999999999999998 2
      vertex 19.5 6.999999999999998 1.6
    endloop
  endfacet
  facet normal 0 1 0
    outer loop
      vertex 8.2 6.999999999999998 2
      vertex 19.5 6.999999999999998 2
      vertex 19.5 6.999999999999998 1.6
    endloop
  endfacet
  facet normal 1 0 0
    outer loop
      vertex 8.2 6.999999999999998 1.6
      vertex 8.2 30 2
      vertex 8.2 6.999999999999998 2
    endloop
  endfacet
  facet normal 0 0 1
    outer loop
      vertex 8.2 6.999999999999998 1.6
      vertex 19.5 6.999999999999998 1.6
      vertex 19.5 22.91639682065904 1.6
    endloop
  endfacet
  facet normal 0 1 0
    outer loop
      vertex 20.5 6.999999999999998 1.6
      vertex 20.5 6.999999999999998 2
      vertex 26.8 6.999999999999998 1.6
    endloop
  endfacet
  facet normal 0 1 0
    outer loop
      vertex 26.8 6.999999999999998 1.6
      vertex 20.5 6.999999999999998 2
      vertex 26.8 6.999999999999998 2
    endloop
  endfacet
  facet normal 0 0 1
    outer loop
      vertex 20.5 6.999999999999998 1.6
      vertex 26.8 6.999999999999998 1.6
      vertex 24.912927318961184 15.129152648081856 1.6
    endloop
  endfacet
  facet normal 0 0 1
    outer loop
      vertex 20.5 6.999999999999998 1.6
      vertex 24.745 15.200480947161669 1.6
      vertex 24.58966991411009 15.319669914110086 1.6
    endloop
  endfacet
  facet normal 0 0 1
    outer loop
      vertex 20.5 6.999999999999998 1.6
      vertex 24.58966991411009 15.319669914110086 1.6
      vertex 24.470480947161672 15.474999999999998 1.6
    endloop
  endfacet
  facet normal 0 0 1
    outer loop
      vertex 20.5 6.999999999999998 1.6
      vertex 24.395555630283198 15.655885716173108 1.6
      vertex 24.37 15.849999999999998 1.6
    endloop
  endfacet
  facet normal 0 0 1
    outer loop
      vertex 20.5 6.999999999999998 1.6
      vertex 24.470480947161672 15.474999999999998 1.6
      vertex 24.395555630283198 15.655885716173108 1.6
    endloop
  endfacet
  facet normal 0 0 1
    outer loop
      vertex 20.5 6.999999999999998 1.6
      vertex 24.912927318961184 15.129152648081856 1.6
      vertex 24.745 15.200480947161669 1.6
    endloop
  endfacet
  facet normal 0 0 1
    outer loop
      vertex 20.5 6.999999999999998 1.6
      vertex 24.37 15.849999999999998 1.6
      vertex 24.37 18.389999999999997 1.6
    endloop
  endfacet
  facet normal 0 0 1
    outer loop
      vertex 20.5 6.999999999999998 1.6
      vertex 24.37 18.389999999999997 1.6
      vertex 24.395555630283198 18.58411428382689 1.6
    endloop
  endfacet
  facet normal -1 0 0
    outer loop
      vertex 26.8 6.999999999999998 1.6
      vertex 26.8 6.999999999999998 2
      vertex 26.8 14.587066728867455 1.6
    endloop
  endfacet
  facet normal 0 0 1
    outer loop
      vertex 26.8 6.999999999999998 1.6
      vertex 26.8 14.587066728867455 1.6
      vertex 24.912927318961184 15.129152648081856 1.6
    endloop
  endfacet
  facet normal -1 0 0
    outer loop
      vertex 26.8 6.999999999999998 2
      vertex 26.8 14.587066728867455 2
      vertex 26.8 14.587066728867455 1.6
    endloop
  endfacet
  facet normal 0 0 1
    outer loop
      vertex 8.2 6.999999999999998 1.6
      vertex 19.5 22.91639682065904 1.6
      vertex 19.46966991411009 22.939669914110087 1.6
    endloop
  endfacet
  facet normal 0 0 1
    outer loop
      vertex 8.2 6.999999999999998 1.6
      vertex 19.46966991411009 22.939669914110087 1.6
      vertex 19.35048094716167 23.095 1.6
    endloop
  endfacet
  facet normal 0 0 1
    outer loop
      vertex 8.2 6.999999999999998 1.6
      vertex 19.35048094716167 23.095 1.6
      vertex 19.2755556302832 23.275885716173107 1.6
    endloop
  endfacet
  facet normal 0 0 1
    outer loop
      vertex 8.2 6.999999999999998 1.6
      vertex 19.2755556302832 23.275885716173107 1.6
      vertex 19.25 23.47 1.6
    endloop
  endfacet
  facet normal 0 0 1
    outer loop
      vertex 8.2 6.999999999999998 1.6
      vertex 19.25 23.47 1.6
      vertex 19.2755556302832 23.66411428382689 1.6
    endloop
  endfacet
  facet normal 0 0 1
    outer loop
      vertex 8.2 6.999999999999998 1.6
      vertex 19.2755556302832 23.66411428382689 1.6
      vertex 8.2 30 1.6
    endloop
  endfacet
  facet normal 1 0 0
    outer loop
      vertex 8.2 6.999999999999998 1.6
      vertex 8.2 30 1.6
      vertex 8.2 30 2
    endloop
  endfacet
  facet normal 0 0 1
    outer loop
      vertex 8.2 30 1.6
      vertex 19.2755556302832 23.66411428382689 1.6
      vertex 19.35048094716167 23.845 1.6
    endloop
  endfacet
  facet normal 0 0 1
    outer loop
      vertex 8.2 30 1.6
      vertex 19.35048094716167 23.845 1.6
      vertex 19.46966991411009 24.00033008588991 1.6
    endloop
  endfacet
  facet normal 0 0 1
    outer loop
      vertex 8.2 30 1.6
      vertex 19.46966991411009 24.00033008588991 1.6
      vertex 19.625 24.119519052838328 1.6
    endloop
  endfacet
  facet normal 0 0 1
    outer loop
      vertex 8.2 30 1.6
      vertex 19.625 24.119519052838328 1.6
      vertex 19.80588571617311 24.1944443697168 1.6
    endloop
  endfacet
  facet normal 0 0 1
    outer loop
      vertex 8.2 30 1.6
      vertex 19.80588571617311 24.1944443697168 1.6
      vertex 20 24.22 1.6
    endloop
  endfacet
  facet normal 0 0 1
    outer loop
      vertex 8.2 30 1.6
      vertex 20 24.22 1.6
      vertex 20.19411428382689 24.1944443697168 1.6
    endloop
  endfacet
  facet normal 0 0 1
    outer loop
      vertex 20.5 6.999999999999998 1.6
      vertex 24.395555630283198 18.58411428382689 1.6
      vertex 24.745 22.82048094716167 1.6
    endloop
  endfacet
  facet normal 0 0 1
    outer loop
      vertex 20.5 6.999999999999998 1.6
      vertex 20.53033008588991 22.939669914110087 1.6
      vertex 20.5 22.91639682065904 1.6
    endloop
  endfacet
  facet normal 0 0 1
    outer loop
      vertex 20.5 6.999999999999998 1.6
      vertex 20.55360317934096 22.97 1.6
      vertex 20.53033008588991 22.939669914110087 1.6
    endloop
  endfacet
  facet normal 0 0 1
    outer loop
      vertex 20.5 6.999999999999998 1.6
      vertex 24.58966991411009 22.939669914110087 1.6
      vertex 20.55360317934096 22.97 1.6
    endloop
  endfacet
  facet normal 0 0 1
    outer loop
      vertex 20.5 6.999999999999998 1.6
      vertex 24.745 22.82048094716167 1.6
      vertex 24.58966991411009 22.939669914110087 1.6
    endloop
  endfacet
  facet normal 0 0 1
    outer loop
      vertex 24.745 15.200480947161669 1.6
      vertex 24.912927318961184 15.129152648081856 1.6
      vertex 24.913381842445812 15.130734904363244 1.6
    endloop
  endfacet
  facet normal 0 0 1
    outer loop
      vertex 24.37 15.849999999999998 1.6
      vertex 24.395555630283198 16.04411428382689 1.6
      vertex 24.37 18.389999999999997 1.6
    endloop
  endfacet
  facet normal 0 0 1
    outer loop
      vertex 24.395555630283198 16.04411428382689 1.6
      vertex 24.470480947161672 16.224999999999998 1.6
      vertex 24.395555630283198 18.195885716173105 1.6
    endloop
  endfacet
  facet normal 0 0 1
    outer loop
      vertex 24.470480947161672 16.224999999999998 1.6
      vertex 24.58966991411009 16.38033008588991 1.6
      vertex 24.470480947161672 18.014999999999997 1.6
    endloop
  endfacet
  facet normal 0 0 1
    outer loop
      vertex 25.327072681038818 16.57084735191814 1.6
      vertex 25.314114283826893 16.5744443697168 1.6
      vertex 25.32661815755419 16.56926509563675 1.6
    endloop
  endfacet
  facet normal 0 0 1
    outer loop
      vertex 25.327072681038818 16.57084735191814 1.6
      vertex 26.8 16.147730019100024 1.6
      vertex 26.8 17.127066728867447 1.6
    endloop
  endfacet
  facet normal -1 0 0
    outer loop
      vertex 26.8 16.147730019100024 1.6
      vertex 26.8 16.147730019100024 2
      vertex 26.8 17.127066728867447 1.6
    endloop
  endfacet
  facet normal -1 0 0
    outer loop
      vertex 26.8 17.127066728867447 1.6
      vertex 26.8 16.147730019100024 2
      vertex 26.8 17.127066728867447 2
    endloop
  endfacet
  facet normal 0 0 1
    outer loop
      vertex 24.58966991411009 16.38033008588991 1.6
      vertex 24.745 16.499519052838327 1.6
      vertex 24.58966991411009 17.859669914110086 1.6
    endloop
  endfacet
  facet normal 0 0 1
    outer loop
      vertex 24.745 16.499519052838327 1.6
      vertex 24.92588571617311 16.5744443697168 1.6
      vertex 24.745 17.740480947161668 1.6
    endloop
  endfacet
  facet normal 0 0 1
    outer loop
      vertex 24.92588571617311 16.5744443697168 1.6
      vertex 24.91292731896118 17.669152648081848 1.6
      vertex 24.745 17.740480947161668 1.6
    endloop
  endfacet
  facet normal 0 0 1
    outer loop
      vertex 24.92588571617311 16.5744443697168 1.6
      vertex 25.12 16.599999999999998 1.6
      vertex 24.91292731896118 17.669152648081848 1.6
    endloop
  endfacet
  facet normal 0 0 1
    outer loop
      vertex 25.12 16.599999999999998 1.6
      vertex 25.314114283826893 16.5744443697168 1.6
      vertex 24.91292731896118 17.669152648081848 1.6
    endloop
  endfacet
  facet normal 0 0 1
    outer loop
      vertex 25.327072681038818 16.57084735191814 1.6
      vertex 24.91292731896118 17.669152648081848 1.6
      vertex 25.314114283826893 16.5744443697168 1.6
    endloop
  endfacet
  facet normal 0 0 1
    outer loop
      vertex 24.58966991411009 16.38033008588991 1.6
      vertex 24.58966991411009 17.859669914110086 1.6
      vertex 24.470480947161672 18.014999999999997 1.6
    endloop
  endfacet
  facet normal 0 0 1
    outer loop
      vertex 24.470480947161672 16.224999999999998 1.6
      vertex 24.470480947161672 18.014999999999997 1.6
      vertex 24.395555630283198 18.195885716173105 1.6
    endloop
  endfacet
  facet normal 0 0 1
    outer loop
      vertex 24.37 18.389999999999997 1.6
      vertex 24.395555630283198 16.04411428382689 1.6
      vertex 24.395555630283198 18.195885716173105 1.6
    endloop
  endfacet
  facet normal 0 0 1
    outer loop
      vertex 24.745 16.499519052838327 1.6
      vertex 24.745 17.740480947161668 1.6
      vertex 24.58966991411009 17.859669914110086 1.6
    endloop
  endfacet
  facet normal 0 0 1
    outer loop
      vertex 24.745 17.740480947161668 1.6
      vertex 24.91292731896118 17.669152648081848 1.6
      vertex 24.91338184244581 17.670734904363243 1.6
    endloop
  endfacet
  facet normal 0 0 1
    outer loop
      vertex 25.327072681038818 16.57084735191814 1.6
      vertex 26.8 17.127066728867447 1.6
      vertex 24.91292731896118 17.669152648081848 1.6
    endloop
  endfacet
  facet normal 0 0 1
    outer loop
      vertex 24.395555630283198 18.58411428382689 1.6
      vertex 24.470480947161672 18.764999999999997 1.6
      vertex 24.745 22.82048094716167 1.6
    endloop
  endfacet
  facet normal 0 0 1
    outer loop
      vertex 24.470480947161672 18.764999999999997 1.6
      vertex 24.58966991411009 18.92033008588991 1.6
      vertex 24.745 22.82048094716167 1.6
    endloop
  endfacet
  facet normal 0 0 1
    outer loop
      vertex 24.58966991411009 18.92033008588991 1.6
      vertex 24.745 19.039519052838326 1.6
      vertex 24.745 22.82048094716167 1.6
    endloop
  endfacet
  facet normal 0 0 1
    outer loop
      vertex 24.745 19.039519052838326 1.6
      vertex 24.92588571617311 19.1144443697168 1.6
      vertex 24.745 22.82048094716167 1.6
    endloop
  endfacet
  facet normal 0 0 1
    outer loop
      vertex 24.92588571617311 19.1144443697168 1.6
      vertex 25.12 19.139999999999997 1.6
      vertex 24.92588571617311 22.7455556302832 1.6
    endloop
  endfacet
  facet normal 0 0 1
    outer loop
      vertex 25.12 19.139999999999997 1.6
      vertex 25.314114283826893 19.1144443697168 1.6
      vertex 25.12 22.72 1.6
    endloop
  endfacet
  facet normal 0 0 1
    outer loop
      vertex 25.32661815755419 19.109265095636754 1.6
      vertex 25.327072681038814 19.11084735191813 1.6
      vertex 25.314114283826893 22.7455556302832 1.6
    endloop
  endfacet
  facet normal 0 0 1
    outer loop
      vertex 25.32661815755419 19.109265095636754 1.6
      vertex 25.314114283826893 22.7455556302832 1.6
      vertex 25.314114283826893 19.1144443697168 1.6
    endloop
  endfacet
  facet normal 0 0 1
    outer loop
      vertex 26.8 18.687730019100012 1.6
      vertex 25.314114283826893 22.7455556302832 1.6
      vertex 25.327072681038814 19.11084735191813 1.6
    endloop
  endfacet
  facet normal 0 0 1
    outer loop
      vertex 24.92588571617311 19.1144443697168 1.6
      vertex 24.92588571617311 22.7455556302832 1.6
      vertex 24.745 22.82048094716167 1.6
    endloop
  endfacet
  facet normal 0 0 1
    outer loop
      vertex 25.12 19.139999999999997 1.6
      vertex 25.12 22.72 1.6
      vertex 24.92588571617311 22.7455556302832 1.6
    endloop
  endfacet
  facet normal 0 0 1
    outer loop
      vertex 25.314114283826893 19.1144443697168 1.6
      vertex 25.314114283826893 22.7455556302832 1.6
      vertex 25.12 22.72 1.6
    endloop
  endfacet
  facet normal 0 0 1
    outer loop
      vertex 26.8 18.687730019100012 1.6
      vertex 25.495 22.82048094716167 1.6
      vertex 25.314114283826893 22.7455556302832 1.6
    endloop
  endfacet
  facet normal 0 0 1
    outer loop
      vertex 26.8 18.687730019100012 1.6
      vertex 25.650330085889912 22.939669914110087 1.6
      vertex 25.495 22.82048094716167 1.6
    endloop
  endfacet
  facet normal 0 0 1
    outer loop
      vertex 26.8 18.687730019100012 1.6
      vertex 25.76951905283833 23.095 1.6
      vertex 25.650330085889912 22.939669914110087 1.6
    endloop
  endfacet
  facet normal 0 0 1
    outer loop
      vertex 26.8 18.687730019100012 1.6
      vertex 25.844444369716804 23.275885716173107 1.6
      vertex 25.76951905283833 23.095 1.6
    endloop
  endfacet
  facet normal 0 0 1
    outer loop
      vertex 26.8 18.687730019100012 1.6
      vertex 25.87 23.47 1.6
      vertex 25.844444369716804 23.275885716173107 1.6
    endloop
  endfacet
  facet normal -1 0 0
    outer loop
      vertex 26.8 18.687730019100012 1.6
      vertex 26.8 18.687730019100012 2
      vertex 26.8 25.509999999999998 1.6
    endloop
  endfacet
  facet normal 0 0 1
    outer loop
      vertex 8.2 30 1.6
      vertex 20.19411428382689 24.1944443697168 1.6
      vertex 20.375 24.119519052838328 1.6
    endloop
  endfacet
  facet normal 0 0 1
    outer loop
      vertex 8.2 30 1.6
      vertex 20.375 24.119519052838328 1.6
      vertex 20.975113122171948 23.97 1.6
    endloop
  endfacet
  facet normal 0 0 1
    outer loop
      vertex 20.55360317934096 23.97 1.6
      vertex 20.975113122171948 23.97 1.6
      vertex 20.53033008588991 24.00033008588991 1.6
    endloop
  endfacet
  facet normal 0 0 1
    outer loop
      vertex 20.53033008588991 24.00033008588991 1.6
      vertex 20.975113122171948 23.97 1.6
      vertex 20.375 24.119519052838328 1.6
    endloop
  endfacet
  facet normal 0 0 1
    outer loop
      vertex 20.55360317934096 22.97 1.6
      vertex 24.58966991411009 22.939669914110087 1.6
      vertex 24.56639682065904 22.97 1.6
    endloop
  endfacet
  facet normal 0 0 1
    outer loop
      vertex 20.975113122171948 23.97 1.6
      vertex 24.56639682065904 23.97 1.6
      vertex 24.37 26.009999999999998 1.6
    endloop
  endfacet
  facet normal 0 0 1
    outer loop
      vertex 20.975113122171948 23.97 1.6
      vertex 24.37 26.009999999999998 1.6
      vertex 24.395555630283198 26.20411428382689 1.6
    endloop
  endfacet
  facet normal 0 0 1
    outer loop
      vertex 20.975113122171948 23.97 1.6
      vertex 24.395555630283198 26.20411428382689 1.6
      vertex 24.470480947161672 26.384999999999998 1.6
    endloop
  endfacet
  facet normal 0 0 1
    outer loop
      vertex 20.975113122171948 23.97 1.6
      vertex 24.470480947161672 26.384999999999998 1.6
      vertex 24.58966991411009 26.54033008588991 1.6
    endloop
  endfacet
  facet normal 0 0 1
    outer loop
      vertex 20.975113122171948 23.97 1.6
      vertex 24.58966991411009 26.54033008588991 1.6
      vertex 24.745 26.659519052838327 1.6
    endloop
  endfacet
  facet normal 0 0 1
    outer loop
      vertex 8.2 30 1.6
      vertex 20.975113122171948 23.97 1.6
      vertex 26.8 30 1.6
    endloop
  endfacet
  facet normal 0 0 1
    outer loop
      vertex 20.975113122171948 23.97 1.6
      vertex 24.745 26.659519052838327 1.6
      vertex 26.8 30 1.6
    endloop
  endfacet
  facet normal 0 0 1
    outer loop
      vertex 26.8 18.687730019100012 1.6
      vertex 25.67360317934096 25.509999999999998 1.6
      vertex 25.87 23.47 1.6
    endloop
  endfacet
  facet normal 0 0 1
    outer loop
      vertex 25.87 23.47 1.6
      vertex 25.67360317934096 25.509999999999998 1.6
      vertex 25.844444369716804 23.66411428382689 1.6
    endloop
  endfacet
  facet normal 0 0 1
    outer loop
      vertex 25.844444369716804 23.66411428382689 1.6
      vertex 25.67360317934096 25.509999999999998 1.6
      vertex 25.76951905283833 23.845 1.6
    endloop
  endfacet
  facet normal 0 0 1
    outer loop
      vertex 26.8 18.687730019100012 1.6
      vertex 26.8 25.509999999999998 1.6
      vertex 25.67360317934096 25.509999999999998 1.6
    endloop
  endfacet
  facet normal -1 0 0
    outer loop
      vertex 26.8 18.687730019100012 2
      vertex 26.8 25.509999999999998 2
      vertex 26.8 25.509999999999998 1.6
    endloop
  endfacet
  facet normal 0 0 1
    outer loop
      vertex 24.56639682065904 23.97 1.6
      vertex 24.58966991411009 24.00033008588991 1.6
      vertex 24.58966991411009 25.479669914110087 1.6
    endloop
  endfacet
  facet normal 0 0 1
    outer loop
      vertex 24.58966991411009 24.00033008588991 1.6
      vertex 24.745 24.119519052838328 1.6
      vertex 24.58966991411009 25.479669914110087 1.6
    endloop
  endfacet
  facet normal 0 0 1
    outer loop
      vertex 24.745 24.119519052838328 1.6
      vertex 24.92588571617311 24.1944443697168 1.6
      vertex 24.745 25.36048094716167 1.6
    endloop
  endfacet
  facet normal 0 0 1
    outer loop
      vertex 24.92588571617311 24.1944443697168 1.6
      vertex 25.12 24.22 1.6
      vertex 24.92588571617311 25.2855556302832 1.6
    endloop
  endfacet
  facet normal 0 0 1
    outer loop
      vertex 25.12 24.22 1.6
      vertex 25.314114283826893 24.1944443697168 1.6
      vertex 25.12 25.259999999999998 1.6
    endloop
  endfacet
  facet normal 0 0 1
    outer loop
      vertex 24.56639682065904 23.97 1.6
      vertex 24.58966991411009 25.479669914110087 1.6
      vertex 24.470480947161672 25.634999999999998 1.6
    endloop
  endfacet
  facet normal 0 0 1
    outer loop
      vertex 24.92588571617311 24.1944443697168 1.6
      vertex 24.92588571617311 25.2855556302832 1.6
      vertex 24.745 25.36048094716167 1.6
    endloop
  endfacet
  facet normal 0 0 1
    outer loop
      vertex 24.745 24.119519052838328 1.6
      vertex 24.745 25.36048094716167 1.6
      vertex 24.58966991411009 25.479669914110087 1.6
    endloop
  endfacet
  facet normal 0 0 1
    outer loop
      vertex 24.56639682065904 23.97 1.6
      vertex 24.470480947161672 25.634999999999998 1.6
      vertex 24.395555630283198 25.815885716173106 1.6
    endloop
  endfacet
  facet normal 0 0 1
    outer loop
      vertex 24.37 26.009999999999998 1.6
      vertex 24.56639682065904 23.97 1.6
      vertex 24.395555630283198 25.815885716173106 1.6
    endloop
  endfacet
  facet normal 0 0 1
    outer loop
      vertex 25.12 24.22 1.6
      vertex 25.12 25.259999999999998 1.6
      vertex 24.92588571617311 25.2855556302832 1.6
    endloop
  endfacet
  facet normal 0 0 1
    outer loop
      vertex 25.314114283826893 24.1944443697168 1.6
      vertex 25.314114283826893 25.2855556302832 1.6
      vertex 25.12 25.259999999999998 1.6
    endloop
  endfacet
  facet normal 0 0 1
    outer loop
      vertex 25.314114283826893 24.1944443697168 1.6
      vertex 25.495 25.36048094716167 1.6
      vertex 25.314114283826893 25.2855556302832 1.6
    endloop
  endfacet
  facet normal 0 0 1
    outer loop
      vertex 25.314114283826893 24.1944443697168 1.6
      vertex 25.495 24.119519052838328 1.6
      vertex 25.495 25.36048094716167 1.6
    endloop
  endfacet
  facet normal 0 0 1
    outer loop
      vertex 25.495 24.119519052838328 1.6
      vertex 25.650330085889912 24.00033008588991 1.6
      vertex 25.495 25.36048094716167 1.6
    endloop
  endfacet
  facet normal 0 0 1
    outer loop
      vertex 25.76951905283833 23.845 1.6
      vertex 25.67360317934096 25.509999999999998 1.6
      vertex 25.650330085889912 24.00033008588991 1.6
    endloop
  endfacet
  facet normal 0 0 1
    outer loop
      vertex 25.650330085889912 24.00033008588991 1.6
      vertex 25.650330085889912 25.479669914110087 1.6
      vertex 25.495 25.36048094716167 1.6
    endloop
  endfacet
  facet normal 0 0 1
    outer loop
      vertex 25.650330085889912 24.00033008588991 1.6
      vertex 25.67360317934096 25.509999999999998 1.6
      vertex 25.650330085889912 25.479669914110087 1.6
    endloop
  endfacet
  facet normal 0 0 1
    outer loop
      vertex 24.745 26.659519052838327 1.6
      vertex 24.92588571617311 26.734444369716797 1.6
      vertex 26.8 30 1.6
    endloop
  endfacet
  facet normal 0 0 1
    outer loop
      vertex 24.92588571617311 26.734444369716797 1.6
      vertex 25.12 26.759999999999998 1.6
      vertex 26.8 30 1.6
    endloop
  endfacet
  facet normal 0 0 1
    outer loop
      vertex 25.12 26.759999999999998 1.6
      vertex 25.314114283826893 26.734444369716797 1.6
      vertex 26.8 30 1.6
    endloop
  endfacet
  facet normal 0 0 1
    outer loop
      vertex 25.314114283826893 26.734444369716797 1.6
      vertex 25.495 26.659519052838327 1.6
      vertex 26.8 30 1.6
    endloop
  endfacet
  facet normal 0 0 1
    outer loop
      vertex 25.495 26.659519052838327 1.6
      vertex 25.650330085889912 26.54033008588991 1.6
      vertex 26.8 30 1.6
    endloop
  endfacet
  facet normal 0 0 1
    outer loop
      vertex 25.67360317934096 26.509999999999998 1.6
      vertex 26.8 30 1.6
      vertex 25.650330085889912 26.54033008588991 1.6
    endloop
  endfacet
  facet normal 0 0 1
    outer loop
      vertex 25.67360317934096 26.509999999999998 1.6
      vertex 26.8 26.509999999999998 1.6
      vertex 26.8 30 1.6
    endloop
  endfacet
  facet normal -1 0 0
    outer loop
      vertex 26.8 26.509999999999998 1.6
      vertex 26.8 26.509999999999998 2
      vertex 26.8 30 1.6
    endloop
  endfacet
  facet normal -1 0 0
    outer loop
      vertex 26.8 30 1.6
      vertex 26.8 26.509999999999998 2
      vertex 26.8 30 2
    endloop
  endfacet
  facet normal 0 0 1
    outer loop
      vertex 38.2 0 1.6
      vertex 39.1555556302832 4.18411428382689 1.6
      vertex 38.2 6.029999999999999 1.6
    endloop
  endfacet
  facet normal 0 0 1
    outer loop
      vertex 38.2 0 1.6
      vertex 39.505 3.3404809471616703 1.6
      vertex 39.349669914110095 3.459669914110089 1.6
    endloop
  endfacet
  facet normal 0 0 1
    outer loop
      vertex 38.2 0 1.6
      vertex 39.68588571617311 3.265555630283198 1.6
      vertex 39.505 3.3404809471616703 1.6
    endloop
  endfacet
  facet normal 0 0 1
    outer loop
      vertex 38.2 0 1.6
      vertex 39.88 3.2399999999999993 1.6
      vertex 39.68588571617311 3.265555630283198 1.6
    endloop
  endfacet
  facet normal 0 0 1
    outer loop
      vertex 38.2 0 1.6
      vertex 40.074114283826894 3.265555630283198 1.6
      vertex 39.88 3.2399999999999993 1.6
    endloop
  endfacet
  facet normal 0 0 1
    outer loop
      vertex 38.2 0 1.6
      vertex 40.255 3.3404809471616703 1.6
      vertex 40.074114283826894 3.265555630283198 1.6
    endloop
  endfacet
  facet normal 0 0 1
    outer loop
      vertex 38.2 0 1.6
      vertex 39.349669914110095 3.459669914110089 1.6
      vertex 39.230480947161674 3.6149999999999993 1.6
    endloop
  endfacet
  facet normal 0 0 1
    outer loop
      vertex 38.2 0 1.6
      vertex 39.230480947161674 3.6149999999999993 1.6
      vertex 39.1555556302832 3.7958857161731085 1.6
    endloop
  endfacet
  facet normal 0 0 1
    outer loop
      vertex 38.2 0 1.6
      vertex 39.1555556302832 3.7958857161731085 1.6
      vertex 39.13 3.9899999999999993 1.6
    endloop
  endfacet
  facet normal 0 0 1
    outer loop
      vertex 38.2 0 1.6
      vertex 39.13 3.9899999999999993 1.6
      vertex 39.1555556302832 4.18411428382689 1.6
    endloop
  endfacet
  facet normal 0 0 1
    outer loop
      vertex 38.2 0 1.6
      vertex 40.41033008588991 3.459669914110089 1.6
      vertex 40.255 3.3404809471616703 1.6
    endloop
  endfacet
  facet normal 0 0 1
    outer loop
      vertex 38.2 0 1.6
      vertex 40.433603179340956 3.4899999999999993 1.6
      vertex 40.41033008588991 3.459669914110089 1.6
    endloop
  endfacet
  facet normal 1 0 0
    outer loop
      vertex 38.2 0 1.6
      vertex 38.2 6.029999999999999 2
      vertex 38.2 0 2
    endloop
  endfacet
  facet normal 1 0 0
    outer loop
      vertex 38.2 0 1.6
      vertex 38.2 6.029999999999999 1.6
      vertex 38.2 6.029999999999999 2
    endloop
  endfacet
  facet normal 0 0 1
    outer loop
      vertex 39.1555556302832 4.18411428382689 1.6
      vertex 39.230480947161674 4.364999999999999 1.6
      vertex 38.2 6.029999999999999 1.6
    endloop
  endfacet
  facet normal 0 0 1
    outer loop
      vertex 39.230480947161674 4.364999999999999 1.6
      vertex 39.349669914110095 4.52033008588991 1.6
      vertex 38.2 6.029999999999999 1.6
    endloop
  endfacet
  facet normal 0 0 1
    outer loop
      vertex 39.349669914110095 4.52033008588991 1.6
      vertex 39.505 4.639519052838328 1.6
      vertex 39.505 5.88048094716167 1.6
    endloop
  endfacet
  facet normal 0 0 1
    outer loop
      vertex 39.505 4.639519052838328 1.6
      vertex 39.68588571617311 4.714444369716801 1.6
      vertex 39.505 5.88048094716167 1.6
    endloop
  endfacet
  facet normal 0 0 1
    outer loop
      vertex 39.349669914110095 4.52033008588991 1.6
      vertex 39.349669914110095 5.999669914110089 1.6
      vertex 38.2 6.029999999999999 1.6
    endloop
  endfacet
  facet normal 0 0 1
    outer loop
      vertex 39.349669914110095 4.52033008588991 1.6
      vertex 39.505 5.88048094716167 1.6
      vertex 39.349669914110095 5.999669914110089 1.6
    endloop
  endfacet
  facet normal 0 0 1
    outer loop
      vertex 39.68588571617311 4.714444369716801 1.6
      vertex 39.88 4.739999999999999 1.6
      vertex 39.68588571617311 5.805555630283198 1.6
    endloop
  endfacet
  facet normal 0 0 1
    outer loop
      vertex 39.88 4.739999999999999 1.6
      vertex 40.074114283826894 4.714444369716801 1.6
      vertex 39.88 5.779999999999999 1.6
    endloop
  endfacet
  facet normal 0 0 1
    outer loop
      vertex 40.433603179340956 4.489999999999999 1.6
      vertex 40.255 5.88048094716167 1.6
      vertex 40.41033008588991 4.52033008588991 1.6
    endloop
  endfacet
  facet normal 0 0 1
    outer loop
      vertex 40.255 4.639519052838328 1.6
      vertex 40.41033008588991 4.52033008588991 1.6
      vertex 40.255 5.88048094716167 1.6
    endloop
  endfacet
  facet normal 0 0 1
    outer loop
      vertex 40.255 4.639519052838328 1.6
      vertex 40.074114283826894 5.805555630283198 1.6
      vertex 40.074114283826894 4.714444369716801 1.6
    endloop
  endfacet
  facet normal 0 0 1
    outer loop
      vertex 39.68588571617311 4.714444369716801 1.6
      vertex 39.68588571617311 5.805555630283198 1.6
      vertex 39.505 5.88048094716167 1.6
    endloop
  endfacet
  facet normal 0 0 1
    outer loop
      vertex 39.88 4.739999999999999 1.6
      vertex 39.88 5.779999999999999 1.6
      vertex 39.68588571617311 5.805555630283198 1.6
    endloop
  endfacet
  facet normal 0 0 1
    outer loop
      vertex 40.074114283826894 4.714444369716801 1.6
      vertex 40.074114283826894 5.805555630283198 1.6
      vertex 39.88 5.779999999999999 1.6
    endloop
  endfacet
  facet normal 0 0 1
    outer loop
      vertex 40.255 4.639519052838328 1.6
      vertex 40.255 5.88048094716167 1.6
      vertex 40.074114283826894 5.805555630283198 1.6
    endloop
  endfacet
  facet normal 0 0 1
    outer loop
      vertex 38.2 6.029999999999999 1.6
      vertex 39.349669914110095 5.999669914110089 1.6
      vertex 39.32639682065905 6.029999999999999 1.6
    endloop
  endfacet
  facet normal 0 0 1
    outer loop
      vertex 40.433603179340956 3.4899999999999993 1.6
      vertex 43.80588571617311 3.265555630283198 1.6
      vertex 43.625 3.3404809471616703 1.6
    endloop
  endfacet
  facet normal 0 0 1
    outer loop
      vertex 40.433603179340956 3.4899999999999993 1.6
      vertex 43.625 3.3404809471616703 1.6
      vertex 43.46966991411009 3.459669914110089 1.6
    endloop
  endfacet
  facet normal 0 0 1
    outer loop
      vertex 40.433603179340956 3.4899999999999993 1.6
      vertex 43.46966991411009 3.459669914110089 1.6
      vertex 43.44639682065905 3.4899999999999993 1.6
    endloop
  endfacet
  facet normal 0 0 1
    outer loop
      vertex 38.2 0 1.6
      vertex 56.800000000000004 0 1.6
      vertex 40.433603179340956 3.4899999999999993 1.6
    endloop
  endfacet
  facet normal 0 0 1
    outer loop
      vertex 40.433603179340956 3.4899999999999993 1.6
      vertex 56.800000000000004 0 1.6
      vertex 43.80588571617311 3.265555630283198 1.6
    endloop
  endfacet
  facet normal 0 0 1
    outer loop
      vertex 43.80588571617311 3.265555630283198 1.6
      vertex 56.800000000000004 0 1.6
      vertex 44 3.2399999999999993 1.6
    endloop
  endfacet
  facet normal 0 0 1
    outer loop
      vertex 44 3.2399999999999993 1.6
      vertex 56.800000000000004 0 1.6
      vertex 44.19411428382689 3.265555630283198 1.6
    endloop
  endfacet
  facet normal 0 0 1
    outer loop
      vertex 44.19411428382689 3.265555630283198 1.6
      vertex 56.800000000000004 0 1.6
      vertex 44.375 3.3404809471616703 1.6
    endloop
  endfacet
  facet normal 0 0 1
    outer loop
      vertex 44.375 3.3404809471616703 1.6
      vertex 56.800000000000004 0 1.6
      vertex 44.53033008588991 3.459669914110089 1.6
    endloop
  endfacet
  facet normal 0 0 1
    outer loop
      vertex 44.53033008588991 3.459669914110089 1.6
      vertex 56.800000000000004 0 1.6
      vertex 44.64951905283833 3.6149999999999993 1.6
    endloop
  endfacet
  facet normal 0 0 1
    outer loop
      vertex 44.64951905283833 3.6149999999999993 1.6
      vertex 56.800000000000004 0 1.6
      vertex 44.7244443697168 3.7958857161731085 1.6
    endloop
  endfacet
  facet normal 0 0 1
    outer loop
      vertex 40.433603179340956 4.489999999999999 1.6
      vertex 43.44639682065905 4.489999999999999 1.6
      vertex 40.255 5.88048094716167 1.6
    endloop
  endfacet
  facet normal 0 0 1
    outer loop
      vertex 40.255 5.88048094716167 1.6
      vertex 43.44639682065905 4.489999999999999 1.6
      vertex 40.41033008588991 5.999669914110089 1.6
    endloop
  endfacet
  facet normal 0 0 1
    outer loop
      vertex 40.41033008588991 5.999669914110089 1.6
      vertex 43.44639682065905 4.489999999999999 1.6
      vertex 40.52951905283833 6.154999999999999 1.6
    endloop
  endfacet
  facet normal 0 0 1
    outer loop
      vertex 40.52951905283833 6.904999999999999 1.6
      vertex 43.44639682065905 4.489999999999999 1.6
      vertex 43.46966991411009 4.52033008588991 1.6
    endloop
  endfacet
  facet normal 0 0 1
    outer loop
      vertex 40.52951905283833 6.904999999999999 1.6
      vertex 43.46966991411009 4.52033008588991 1.6
      vertex 43.5 4.543603179340956 1.6
    endloop
  endfacet
  facet normal 0 0 1
    outer loop
      vertex 40.52951905283833 6.154999999999999 1.6
      vertex 43.44639682065905 4.489999999999999 1.6
      vertex 40.6044443697168 6.335885716173109 1.6
    endloop
  endfacet
  facet normal 0 0 1
    outer loop
      vertex 40.6044443697168 6.335885716173109 1.6
      vertex 43.44639682065905 4.489999999999999 1.6
      vertex 40.63 6.529999999999999 1.6
    endloop
  endfacet
  facet normal 0 0 1
    outer loop
      vertex 40.6044443697168 6.72411428382689 1.6
      vertex 40.63 6.529999999999999 1.6
      vertex 43.44639682065905 4.489999999999999 1.6
    endloop
  endfacet
  facet normal 0 0 1
    outer loop
      vertex 40.6044443697168 6.72411428382689 1.6
      vertex 43.44639682065905 4.489999999999999 1.6
      vertex 40.52951905283833 6.904999999999999 1.6
    endloop
  endfacet
  facet normal 0 0 1
    outer loop
      vertex 40.52951905283833 6.904999999999999 1.6
      vertex 43.5 4.543603179340956 1.6
      vertex 40.41033008588991 7.06033008588991 1.6
    endloop
  endfacet
  facet normal 0 0 1
    outer loop
      vertex 38.2 7.029999999999999 1.6
      vertex 39.32639682065905 7.029999999999999 1.6
      vertex 39.67292731896119 10.889152648081863 1.6
    endloop
  endfacet
  facet normal 0 0 1
    outer loop
      vertex 39.32639682065905 7.029999999999999 1.6
      vertex 39.349669914110095 7.06033008588991 1.6
      vertex 39.68588571617311 10.885555630283198 1.6
    endloop
  endfacet
  facet normal 0 0 1
    outer loop
      vertex 39.349669914110095 7.06033008588991 1.6
      vertex 39.505 7.179519052838328 1.6
      vertex 39.68588571617311 10.885555630283198 1.6
    endloop
  endfacet
  facet normal 0 0 1
    outer loop
      vertex 39.505 7.179519052838328 1.6
      vertex 39.68588571617311 7.254444369716801 1.6
      vertex 39.68588571617311 10.885555630283198 1.6
    endloop
  endfacet
  facet normal 0 0 1
    outer loop
      vertex 39.68588571617311 7.254444369716801 1.6
      vertex 39.88 7.279999999999999 1.6
      vertex 39.68588571617311 10.885555630283198 1.6
    endloop
  endfacet
  facet normal 0 0 1
    outer loop
      vertex 40.074114283826894 7.254444369716801 1.6
      vertex 39.88 10.86 1.6
      vertex 39.88 7.279999999999999 1.6
    endloop
  endfacet
  facet normal 1 0 0
    outer loop
      vertex 38.2 7.029999999999999 1.6
      vertex 38.2 11.312269980899982 2
      vertex 38.2 7.029999999999999 2
    endloop
  endfacet
  facet normal 1 0 0
    outer loop
      vertex 38.2 7.029999999999999 1.6
      vertex 38.2 11.312269980899982 1.6
      vertex 38.2 11.312269980899982 2
    endloop
  endfacet
  facet normal 0 0 1
    outer loop
      vertex 38.2 7.029999999999999 1.6
      vertex 39.67292731896119 10.889152648081863 1.6
      vertex 38.2 11.312269980899982 1.6
    endloop
  endfacet
  facet normal 0 0 1
    outer loop
      vertex 39.32639682065905 7.029999999999999 1.6
      vertex 39.68588571617311 10.885555630283198 1.6
      vertex 39.67292731896119 10.889152648081863 1.6
    endloop
  endfacet
  facet normal 0 0 1
    outer loop
      vertex 39.88 7.279999999999999 1.6
      vertex 39.88 10.86 1.6
      vertex 39.68588571617311 10.885555630283198 1.6
    endloop
  endfacet
  facet normal 0 0 1
    outer loop
      vertex 40.074114283826894 7.254444369716801 1.6
      vertex 40.074114283826894 10.885555630283198 1.6
      vertex 39.88 10.86 1.6
    endloop
  endfacet
  facet normal 0 0 1
    outer loop
      vertex 40.074114283826894 7.254444369716801 1.6
      vertex 40.255 10.96048094716167 1.6
      vertex 40.074114283826894 10.885555630283198 1.6
    endloop
  endfacet
  facet normal 0 0 1
    outer loop
      vertex 40.074114283826894 7.254444369716801 1.6
      vertex 40.41033008588991 11.079669914110088 1.6
      vertex 40.255 10.96048094716167 1.6
    endloop
  endfacet
  facet normal 0 0 1
    outer loop
      vertex 40.074114283826894 7.254444369716801 1.6
      vertex 40.52951905283833 11.235 1.6
      vertex 40.41033008588991 11.079669914110088 1.6
    endloop
  endfacet
  facet normal 0 0 1
    outer loop
      vertex 40.074114283826894 7.254444369716801 1.6
      vertex 40.6044443697168 11.41588571617311 1.6
      vertex 40.52951905283833 11.235 1.6
    endloop
  endfacet
  facet normal 0 0 1
    outer loop
      vertex 39.68588571617311 10.885555630283198 1.6
      vertex 39.67338184244582 10.890734904363244 1.6
      vertex 39.67292731896119 10.889152648081863 1.6
    endloop
  endfacet
  facet normal 0 0 1
    outer loop
      vertex 38.2 12.872933271132549 1.6
      vertex 40.08707268103882 12.330847351918147 1.6
      vertex 39.672927318961186 13.429152648081857 1.6
    endloop
  endfacet
  facet normal 0 0 1
    outer loop
      vertex 40.08707268103882 12.330847351918147 1.6
      vertex 39.68588571617311 13.425555630283197 1.6
      vertex 39.673381842445814 13.430734904363245 1.6
    endloop
  endfacet
  facet normal 0 0 1
    outer loop
      vertex 40.08707268103882 12.330847351918147 1.6
      vertex 39.673381842445814 13.430734904363245 1.6
      vertex 39.672927318961186 13.429152648081857 1.6
    endloop
  endfacet
  facet normal 0 0 1
    outer loop
      vertex 40.08707268103882 12.330847351918147 1.6
      vertex 39.88 13.399999999999999 1.6
      vertex 39.68588571617311 13.425555630283197 1.6
    endloop
  endfacet
  facet normal 0 0 1
    outer loop
      vertex 40.08707268103882 12.330847351918147 1.6
      vertex 40.074114283826894 13.425555630283197 1.6
      vertex 39.88 13.399999999999999 1.6
    endloop
  endfacet
  facet normal 0 0 1
    outer loop
      vertex 40.08707268103882 12.330847351918147 1.6
      vertex 40.255 13.50048094716167 1.6
      vertex 40.074114283826894 13.425555630283197 1.6
    endloop
  endfacet
  facet normal 1 0 0
    outer loop
      vertex 38.2 12.872933271132549 1.6
      vertex 38.2 13.852269980899974 1.6
      vertex 38.2 13.852269980899974 2
    endloop
  endfacet
  facet normal 0 0 1
    outer loop
      vertex 38.2 12.872933271132549 1.6
      vertex 39.672927318961186 13.429152648081857 1.6
      vertex 38.2 13.852269980899974 1.6
    endloop
  endfacet
  facet normal 0 0 1
    outer loop
      vertex 40.08707268103882 12.330847351918147 1.6
      vertex 40.41033008588991 13.619669914110087 1.6
      vertex 40.255 13.50048094716167 1.6
    endloop
  endfacet
  facet normal 0 0 1
    outer loop
      vertex 40.08707268103882 12.330847351918147 1.6
      vertex 40.52951905283833 13.774999999999999 1.6
      vertex 40.41033008588991 13.619669914110087 1.6
    endloop
  endfacet
  facet normal 0 0 1
    outer loop
      vertex 40.08707268103882 12.330847351918147 1.6
      vertex 40.6044443697168 13.955885716173109 1.6
      vertex 40.52951905283833 13.774999999999999 1.6
    endloop
  endfacet
  facet normal 0 0 1
    outer loop
      vertex 40.08661815755419 14.869265095636752 1.6
      vertex 40.255 14.799519052838328 1.6
      vertex 40.08707268103882 14.87084735191814 1.6
    endloop
  endfacet
  facet normal 1 0 0
    outer loop
      vertex 38.2 12.872933271132549 1.6
      vertex 38.2 13.852269980899974 2
      vertex 38.2 12.872933271132549 2
    endloop
  endfacet
  facet normal 0 0 1
    outer loop
      vertex 44.64951905283833 4.364999999999999 1.6
      vertex 44.7244443697168 4.18411428382689 1.6
      vertex 56.800000000000004 22.7 1.6
    endloop
  endfacet
  facet normal 0 0 1
    outer loop
      vertex 44.64951905283833 4.364999999999999 1.6
      vertex 56.800000000000004 22.7 1.6
      vertex 44.53033008588991 4.52033008588991 1.6
    endloop
  endfacet
  facet normal 0 0 1
    outer loop
      vertex 44.53033008588991 4.52033008588991 1.6
      vertex 56.800000000000004 22.7 1.6
      vertex 44.5 4.543603179340956 1.6
    endloop
  endfacet
  facet normal 0 0 1
    outer loop
      vertex 40.41033008588991 7.06033008588991 1.6
      vertex 43.5 4.543603179340956 1.6
      vertex 43.5 22.7 1.6
    endloop
  endfacet
  facet normal 0 0 1
    outer loop
      vertex 40.074114283826894 7.254444369716801 1.6
      vertex 40.255 7.179519052838328 1.6
      vertex 43.5 22.7 1.6
    endloop
  endfacet
  facet normal 0 0 1
    outer loop
      vertex 40.255 7.179519052838328 1.6
      vertex 40.41033008588991 7.06033008588991 1.6
      vertex 43.5 22.7 1.6
    endloop
  endfacet
  facet normal 0 0 1
    outer loop
      vertex 40.074114283826894 7.254444369716801 1.6
      vertex 43.5 22.7 1.6
      vertex 40.6044443697168 11.41588571617311 1.6
    endloop
  endfacet
  facet normal 0 0 1
    outer loop
      vertex 44.7244443697168 3.7958857161731085 1.6
      vertex 56.800000000000004 0 1.6
      vertex 56.800000000000004 22.7 1.6
    endloop
  endfacet
  facet normal 0 0 1
    outer loop
      vertex 44.7244443697168 3.7958857161731085 1.6
      vertex 56.800000000000004 22.7 1.6
      vertex 44.75 3.9899999999999993 1.6
    endloop
  endfacet
  facet normal 0 0 1
    outer loop
      vertex 44.75 3.9899999999999993 1.6
      vertex 56.800000000000004 22.7 1.6
      vertex 44.7244443697168 4.18411428382689 1.6
    endloop
  endfacet
  facet normal -1 0 0
    outer loop
      vertex 56.800000000000004 0 1.6
      vertex 56.800000000000004 0 2
      vertex 56.800000000000004 22.7 1.6
    endloop
  endfacet
  facet normal 0 0 1
    outer loop
      vertex 40.08707268103882 14.87084735191814 1.6
      vertex 38.2 22.7 1.6
      vertex 38.2 15.412933271132541 1.6
    endloop
  endfacet
  facet normal 1 0 0
    outer loop
      vertex 38.2 15.412933271132541 1.6
      vertex 38.2 22.7 2
      vertex 38.2 15.412933271132541 2
    endloop
  endfacet
  facet normal 1 0 0
    outer loop
      vertex 38.2 15.412933271132541 1.6
      vertex 38.2 22.7 1.6
      vertex 38.2 22.7 2
    endloop
  endfacet
  facet normal 0 0 1
    outer loop
      vertex 40.08707268103882 14.87084735191814 1.6
      vertex 43.5 22.7 1.6
      vertex 38.2 22.7 1.6
    endloop
  endfacet
  facet normal 0 0 1
    outer loop
      vertex 40.6044443697168 11.41588571617311 1.6
      vertex 43.5 22.7 1.6
      vertex 40.63 11.61 1.6
    endloop
  endfacet
  facet normal 0 0 1
    outer loop
      vertex 40.6044443697168 11.80411428382689 1.6
      vertex 40.63 11.61 1.6
      vertex 43.5 22.7 1.6
    endloop
  endfacet
  facet normal 0 0 1
    outer loop
      vertex 40.6044443697168 11.80411428382689 1.6
      vertex 43.5 22.7 1.6
      vertex 40.52951905283833 11.985 1.6
    endloop
  endfacet
  facet normal 0 0 1
    outer loop
      vertex 40.52951905283833 11.985 1.6
      vertex 43.5 22.7 1.6
      vertex 40.41033008588991 12.14033008588991 1.6
    endloop
  endfacet
  facet normal 0 0 1
    outer loop
      vertex 40.41033008588991 12.14033008588991 1.6
      vertex 43.5 22.7 1.6
      vertex 40.255 12.259519052838328 1.6
    endloop
  endfacet
  facet normal 0 0 1
    outer loop
      vertex 40.08707268103882 12.330847351918147 1.6
      vertex 40.08661815755419 12.329265095636753 1.6
      vertex 43.5 22.7 1.6
    endloop
  endfacet
  facet normal 0 0 1
    outer loop
      vertex 40.08661815755419 12.329265095636753 1.6
      vertex 40.255 12.259519052838328 1.6
      vertex 43.5 22.7 1.6
    endloop
  endfacet
  facet normal 0 0 1
    outer loop
      vertex 40.08707268103882 12.330847351918147 1.6
      vertex 43.5 22.7 1.6
      vertex 40.6044443697168 13.955885716173109 1.6
    endloop
  endfacet
  facet normal 0 0 1
    outer loop
      vertex 40.6044443697168 13.955885716173109 1.6
      vertex 43.5 22.7 1.6
      vertex 40.63 14.149999999999999 1.6
    endloop
  endfacet
  facet normal 0 0 1
    outer loop
      vertex 40.6044443697168 14.344114283826888 1.6
      vertex 40.63 14.149999999999999 1.6
      vertex 43.5 22.7 1.6
    endloop
  endfacet
  facet normal 0 0 1
    outer loop
      vertex 40.6044443697168 14.344114283826888 1.6
      vertex 43.5 22.7 1.6
      vertex 40.52951905283833 14.524999999999999 1.6
    endloop
  endfacet
  facet normal 0 0 1
    outer loop
      vertex 40.52951905283833 14.524999999999999 1.6
      vertex 43.5 22.7 1.6
      vertex 40.41033008588991 14.68033008588991 1.6
    endloop
  endfacet
  facet normal 0 0 1
    outer loop
      vertex 40.08707268103882 14.87084735191814 1.6
      vertex 40.255 14.799519052838328 1.6
      vertex 43.5 22.7 1.6
    endloop
  endfacet
  facet normal 0 0 1
    outer loop
      vertex 40.41033008588991 14.68033008588991 1.6
      vertex 43.5 22.7 1.6
      vertex 40.255 14.799519052838328 1.6
    endloop
  endfacet
  facet normal 0 0 1
    outer loop
      vertex 44.5 4.543603179340956 1.6
      vertex 56.800000000000004 22.7 1.6
      vertex 44.5 22.7 1.6
    endloop
  endfacet
  facet normal 0 -1 0
    outer loop
      vertex 38.2 22.7 1.6
      vertex 43.5 22.7 2
      vertex 38.2 22.7 2
    endloop
  endfacet
  facet normal 0 -1 0
    outer loop
      vertex 38.2 22.7 1.6
      vertex 43.5 22.7 1.6
      vertex 43.5 22.7 2
    endloop
  endfacet
  facet normal 0 -1 0
    outer loop
      vertex 44.5 22.7 1.6
      vertex 56.800000000000004 22.7 2
      vertex 44.5 22.7 2
    endloop
  endfacet
  facet normal -1 0 0
    outer loop
      vertex 56.800000000000004 0 2
      vertex 56.800000000000004 22.7 2
      vertex 56.800000000000004 22.7 1.6
    endloop
  endfacet
  facet normal 0 -1 0
    outer loop
      vertex 44.5 22.7 1.6
      vertex 56.800000000000004 22.7 1.6
      vertex 56.800000000000004 22.7 2
    endloop
  endfacet
  facet normal 0.27609690805175346 0.9611298025575222 1.1502709018953815e-16
    outer loop
      vertex 26.8 14.587066728867455 1.6
      vertex 24.912927318961184 15.129152648081856 1.2
      vertex 24.912927318961184 15.129152648081856 1.6
    endloop
  endfacet
  facet normal 0 0 1
    outer loop
      vertex 25.12 15.099999999999998 1.2
      vertex 24.92588571617311 15.125555630283197 1.2
      vertex 39.67292731896119 10.889152648081863 1.2
    endloop
  endfacet
  facet normal 0 0 1
    outer loop
      vertex 24.912927318961184 15.129152648081856 1.2
      vertex 39.67292731896119 10.889152648081863 1.2
      vertex 24.92588571617311 15.125555630283197 1.2
    endloop
  endfacet
  facet normal 0 0 1
    outer loop
      vertex 25.12 15.099999999999998 1.2
      vertex 39.67292731896119 10.889152648081863 1.2
      vertex 25.314114283826893 15.125555630283197 1.2
    endloop
  endfacet
  facet normal 0 0 1
    outer loop
      vertex 25.314114283826893 15.125555630283197 1.2
      vertex 39.67292731896119 10.889152648081863 1.2
      vertex 25.495 15.200480947161669 1.2
    endloop
  endfacet
  facet normal 0 0 1
    outer loop
      vertex 25.495 15.200480947161669 1.2
      vertex 39.67292731896119 10.889152648081863 1.2
      vertex 25.650330085889912 15.319669914110086 1.2
    endloop
  endfacet
  facet normal 0 0 1
    outer loop
      vertex 25.650330085889912 15.319669914110086 1.2
      vertex 39.67292731896119 10.889152648081863 1.2
      vertex 25.76951905283833 15.474999999999998 1.2
    endloop
  endfacet
  facet normal 0 0 1
    outer loop
      vertex 25.76951905283833 15.474999999999998 1.2
      vertex 39.67292731896119 10.889152648081863 1.2
      vertex 25.844444369716804 15.655885716173108 1.2
    endloop
  endfacet
  facet normal 0 0 1
    outer loop
      vertex 25.844444369716804 15.655885716173108 1.2
      vertex 39.67292731896119 10.889152648081863 1.2
      vertex 25.87 15.849999999999998 1.2
    endloop
  endfacet
  facet normal 0 0 1
    outer loop
      vertex 25.87 15.849999999999998 1.2
      vertex 39.67292731896119 10.889152648081863 1.2
      vertex 25.844444369716804 16.04411428382689 1.2
    endloop
  endfacet
  facet normal 0 0 1
    outer loop
      vertex 25.844444369716804 16.04411428382689 1.2
      vertex 39.67292731896119 10.889152648081863 1.2
      vertex 25.76951905283833 16.224999999999998 1.2
    endloop
  endfacet
  facet normal 0 0 1
    outer loop
      vertex 25.76951905283833 16.224999999999998 1.2
      vertex 39.67292731896119 10.889152648081863 1.2
      vertex 25.650330085889912 16.38033008588991 1.2
    endloop
  endfacet
  facet normal 0 0 1
    outer loop
      vertex 25.327072681038818 16.57084735191814 1.2
      vertex 25.495 16.499519052838327 1.2
      vertex 39.67292731896119 10.889152648081863 1.2
    endloop
  endfacet
  facet normal 0 0 1
    outer loop
      vertex 25.650330085889912 16.38033008588991 1.2
      vertex 39.67292731896119 10.889152648081863 1.2
      vertex 25.495 16.499519052838327 1.2
    endloop
  endfacet
  facet normal 0.2760969080517538 0.9611298025575221 -1.7720658793201125e-15
    outer loop
      vertex 26.8 14.587066728867455 1.6
      vertex 38.2 11.312269980899982 2
      vertex 24.912927318961184 15.129152648081856 1.2
    endloop
  endfacet
  facet normal -0.2760969080517539 -0.9611298025575221 0
    outer loop
      vertex 26.8 16.147730019100024 1.6
      vertex 40.08707268103882 12.330847351918147 1.2
      vertex 26.8 16.147730019100024 2
    endloop
  endfacet
  facet normal 0.27609690805175374 0.9611298025575222 0
    outer loop
      vertex 26.8 14.587066728867455 1.6
      vertex 26.8 14.587066728867455 2
      vertex 38.2 11.312269980899982 2
    endloop
  endfacet
  facet normal 0 0 1
    outer loop
      vertex 24.912927318961184 15.129152648081856 1.2
      vertex 24.92588571617311 15.125555630283197 1.2
      vertex 24.913381842445812 15.130734904363244 1.2
    endloop
  endfacet
  facet normal 0 0 1
    outer loop
      vertex 25.327072681038818 16.57084735191814 1.2
      vertex 25.32661815755419 16.56926509563675 1.2
      vertex 25.495 16.499519052838327 1.2
    endloop
  endfacet
  facet normal 0.9611298025573264 -0.276096908052435 1.3817242752218142e-20
    outer loop
      vertex 24.912927318961184 15.129152648081856 1.2
      vertex 24.913381842445812 15.130734904363244 1.2
      vertex 24.913381842445812 15.130734904363244 1.6
    endloop
  endfacet
  facet normal 0.9611298025573264 -0.276096908052435 0
    outer loop
      vertex 24.912927318961184 15.129152648081856 1.2
      vertex 24.913381842445812 15.130734904363244 1.6
      vertex 24.912927318961184 15.129152648081856 1.6
    endloop
  endfacet
  facet normal 0.9611298025573264 -0.276096908052435 0
    outer loop
      vertex 25.327072681038818 16.57084735191814 1.2
      vertex 25.327072681038818 16.57084735191814 1.6
      vertex 25.32661815755419 16.56926509563675 1.2
    endloop
  endfacet
  facet normal 0.9611298025573264 -0.276096908052435 0
    outer loop
      vertex 25.32661815755419 16.56926509563675 1.2
      vertex 25.327072681038818 16.57084735191814 1.6
      vertex 25.32661815755419 16.56926509563675 1.6
    endloop
  endfacet
  facet normal -0.2760969080517531 -0.9611298025575222 0
    outer loop
      vertex 25.327072681038818 16.57084735191814 1.2
      vertex 26.8 16.147730019100024 1.6
      vertex 25.327072681038818 16.57084735191814 1.6
    endloop
  endfacet
  facet normal -0.27609690805175385 -0.9611298025575221 2.9055656843262165e-15
    outer loop
      vertex 25.327072681038818 16.57084735191814 1.2
      vertex 40.08707268103882 12.330847351918147 1.2
      vertex 26.8 16.147730019100024 1.6
    endloop
  endfacet
  facet normal 0 0 1
    outer loop
      vertex 39.505 10.96048094716167 1.2
      vertex 39.67292731896119 10.889152648081863 1.2
      vertex 39.67338184244582 10.890734904363244 1.2
    endloop
  endfacet
  facet normal -0.9611298025569975 0.2760969080535804 0
    outer loop
      vertex 39.67292731896119 10.889152648081863 1.2
      vertex 39.67292731896119 10.889152648081863 1.6
      vertex 39.67338184244582 10.890734904363244 1.2
    endloop
  endfacet
  facet normal 0.276096908051754 0.9611298025575221 0
    outer loop
      vertex 39.67292731896119 10.889152648081863 1.2
      vertex 38.2 11.312269980899982 1.6
      vertex 39.67292731896119 10.889152648081863 1.6
    endloop
  endfacet
  facet normal -0.9611298025569975 0.2760969080535804 0
    outer loop
      vertex 39.67338184244582 10.890734904363244 1.2
      vertex 39.67292731896119 10.889152648081863 1.6
      vertex 39.67338184244582 10.890734904363244 1.6
    endloop
  endfacet
  facet normal 0 0 1
    outer loop
      vertex 25.327072681038818 16.57084735191814 1.2
      vertex 39.505 10.96048094716167 1.2
      vertex 39.349669914110095 11.079669914110088 1.2
    endloop
  endfacet
  facet normal 0 0 1
    outer loop
      vertex 25.327072681038818 16.57084735191814 1.2
      vertex 39.67292731896119 10.889152648081863 1.2
      vertex 39.505 10.96048094716167 1.2
    endloop
  endfacet
  facet normal 0 0 1
    outer loop
      vertex 25.327072681038818 16.57084735191814 1.2
      vertex 39.349669914110095 11.079669914110088 1.2
      vertex 39.230480947161674 11.235 1.2
    endloop
  endfacet
  facet normal 0 0 1
    outer loop
      vertex 25.327072681038818 16.57084735191814 1.2
      vertex 39.230480947161674 11.235 1.2
      vertex 39.1555556302832 11.41588571617311 1.2
    endloop
  endfacet
  facet normal 0.2760969080517537 0.9611298025575221 -1.748418526019756e-15
    outer loop
      vertex 24.912927318961184 15.129152648081856 1.2
      vertex 38.2 11.312269980899982 1.6
      vertex 39.67292731896119 10.889152648081863 1.2
    endloop
  endfacet
  facet normal 0 0 1
    outer loop
      vertex 25.327072681038818 16.57084735191814 1.2
      vertex 39.1555556302832 11.41588571617311 1.2
      vertex 39.13 11.61 1.2
    endloop
  endfacet
  facet normal 0 0 1
    outer loop
      vertex 25.327072681038818 16.57084735191814 1.2
      vertex 39.13 11.61 1.2
      vertex 39.1555556302832 11.80411428382689 1.2
    endloop
  endfacet
  facet normal 0 0 1
    outer loop
      vertex 25.327072681038818 16.57084735191814 1.2
      vertex 39.1555556302832 11.80411428382689 1.2
      vertex 39.230480947161674 11.985 1.2
    endloop
  endfacet
  facet normal 0 0 1
    outer loop
      vertex 25.327072681038818 16.57084735191814 1.2
      vertex 39.230480947161674 11.985 1.2
      vertex 39.349669914110095 12.14033008588991 1.2
    endloop
  endfacet
  facet normal 0 0 1
    outer loop
      vertex 25.327072681038818 16.57084735191814 1.2
      vertex 39.349669914110095 12.14033008588991 1.2
      vertex 39.505 12.259519052838328 1.2
    endloop
  endfacet
  facet normal 0 0 1
    outer loop
      vertex 25.327072681038818 16.57084735191814 1.2
      vertex 39.505 12.259519052838328 1.2
      vertex 39.68588571617311 12.3344443697168 1.2
    endloop
  endfacet
  facet normal 0 0 1
    outer loop
      vertex 25.327072681038818 16.57084735191814 1.2
      vertex 39.68588571617311 12.3344443697168 1.2
      vertex 39.88 12.36 1.2
    endloop
  endfacet
  facet normal 0 0 1
    outer loop
      vertex 25.327072681038818 16.57084735191814 1.2
      vertex 39.88 12.36 1.2
      vertex 40.074114283826894 12.3344443697168 1.2
    endloop
  endfacet
  facet normal 0 0 1
    outer loop
      vertex 25.327072681038818 16.57084735191814 1.2
      vertex 40.074114283826894 12.3344443697168 1.2
      vertex 40.08707268103882 12.330847351918147 1.2
    endloop
  endfacet
  facet normal 0 0 1
    outer loop
      vertex 40.08707268103882 12.330847351918147 1.2
      vertex 40.074114283826894 12.3344443697168 1.2
      vertex 40.08661815755419 12.329265095636753 1.2
    endloop
  endfacet
  facet normal -0.9611298025575733 0.276096908051576 3.167813954360559e-22
    outer loop
      vertex 40.08707268103882 12.330847351918147 1.2
      vertex 40.08661815755419 12.329265095636753 1.2
      vertex 40.08661815755419 12.329265095636753 1.6
    endloop
  endfacet
  facet normal -0.2760969080517543 -0.9611298025575219 0
    outer loop
      vertex 40.08707268103882 12.330847351918147 1.2
      vertex 40.08707268103882 12.330847351918147 1.6
      vertex 38.2 12.872933271132549 1.6
    endloop
  endfacet
  facet normal -0.9611298025575733 0.276096908051576 0
    outer loop
      vertex 40.08707268103882 12.330847351918147 1.2
      vertex 40.08661815755419 12.329265095636753 1.6
      vertex 40.08707268103882 12.330847351918147 1.6
    endloop
  endfacet
  facet normal 0.27609690805175363 0.9611298025575221 3.054908054515828e-16
    outer loop
      vertex 24.912927318961184 15.129152648081856 1.2
      vertex 38.2 11.312269980899982 2
      vertex 38.2 11.312269980899982 1.6
    endloop
  endfacet
  facet normal -0.27609690805175374 -0.9611298025575221 1.6998580195835772e-15
    outer loop
      vertex 26.8 16.147730019100024 2
      vertex 40.08707268103882 12.330847351918147 1.2
      vertex 38.2 12.872933271132549 1.6
    endloop
  endfacet
  facet normal -0.27609690805175385 -0.961129802557522 1.7606400902704387e-16
    outer loop
      vertex 26.8 16.147730019100024 2
      vertex 38.2 12.872933271132549 1.6
      vertex 38.2 12.872933271132549 2
    endloop
  endfacet
  facet normal 0 0 1
    outer loop
      vertex 24.92588571617311 17.665555630283194 1.2
      vertex 24.91338184244581 17.670734904363243 1.2
      vertex 24.91292731896118 17.669152648081848 1.2
    endloop
  endfacet
  facet normal 0.9611298025576556 -0.27609690805128967 -5.777960780296491e-20
    outer loop
      vertex 24.91292731896118 17.669152648081848 1.2
      vertex 24.91338184244581 17.670734904363243 1.2
      vertex 24.91338184244581 17.670734904363243 1.6
    endloop
  endfacet
  facet normal 0.9611298025576556 -0.27609690805128967 0
    outer loop
      vertex 24.91292731896118 17.669152648081848 1.2
      vertex 24.91338184244581 17.670734904363243 1.6
      vertex 24.91292731896118 17.669152648081848 1.6
    endloop
  endfacet
  facet normal 0.27609690805175297 0.9611298025575225 0
    outer loop
      vertex 24.91292731896118 17.669152648081848 1.2
      vertex 24.91292731896118 17.669152648081848 1.6
      vertex 26.8 17.127066728867447 1.6
    endloop
  endfacet
  facet normal 0 0 1
    outer loop
      vertex 24.92588571617311 17.665555630283194 1.2
      vertex 24.91292731896118 17.669152648081848 1.2
      vertex 39.672927318961186 13.429152648081857 1.2
    endloop
  endfacet
  facet normal 0 0 1
    outer loop
      vertex 24.92588571617311 17.665555630283194 1.2
      vertex 39.672927318961186 13.429152648081857 1.2
      vertex 25.12 17.639999999999997 1.2
    endloop
  endfacet
  facet normal 0 0 1
    outer loop
      vertex 25.12 17.639999999999997 1.2
      vertex 39.672927318961186 13.429152648081857 1.2
      vertex 25.314114283826893 17.665555630283194 1.2
    endloop
  endfacet
  facet normal 0 0 1
    outer loop
      vertex 25.314114283826893 17.665555630283194 1.2
      vertex 39.672927318961186 13.429152648081857 1.2
      vertex 25.495 17.740480947161668 1.2
    endloop
  endfacet
  facet normal 0 0 1
    outer loop
      vertex 25.495 17.740480947161668 1.2
      vertex 39.672927318961186 13.429152648081857 1.2
      vertex 25.650330085889912 17.859669914110086 1.2
    endloop
  endfacet
  facet normal 0 0 1
    outer loop
      vertex 25.650330085889912 17.859669914110086 1.2
      vertex 39.672927318961186 13.429152648081857 1.2
      vertex 25.76951905283833 18.014999999999997 1.2
    endloop
  endfacet
  facet normal 0 0 1
    outer loop
      vertex 25.76951905283833 18.014999999999997 1.2
      vertex 39.672927318961186 13.429152648081857 1.2
      vertex 25.844444369716804 18.195885716173105 1.2
    endloop
  endfacet
  facet normal 0 0 1
    outer loop
      vertex 25.844444369716804 18.195885716173105 1.2
      vertex 39.672927318961186 13.429152648081857 1.2
      vertex 25.87 18.389999999999997 1.2
    endloop
  endfacet
  facet normal 0 0 1
    outer loop
      vertex 25.87 18.389999999999997 1.2
      vertex 39.672927318961186 13.429152648081857 1.2
      vertex 25.844444369716804 18.58411428382689 1.2
    endloop
  endfacet
  facet normal 0 0 1
    outer loop
      vertex 25.844444369716804 18.58411428382689 1.2
      vertex 39.672927318961186 13.429152648081857 1.2
      vertex 25.76951905283833 18.764999999999997 1.2
    endloop
  endfacet
  facet normal 0 0 1
    outer loop
      vertex 25.76951905283833 18.764999999999997 1.2
      vertex 39.672927318961186 13.429152648081857 1.2
      vertex 25.650330085889912 18.92033008588991 1.2
    endloop
  endfacet
  facet normal 0 0 1
    outer loop
      vertex 25.327072681038814 19.11084735191813 1.2
      vertex 25.495 19.039519052838326 1.2
      vertex 39.672927318961186 13.429152648081857 1.2
    endloop
  endfacet
  facet normal 0 0 1
    outer loop
      vertex 25.650330085889912 18.92033008588991 1.2
      vertex 39.672927318961186 13.429152648081857 1.2
      vertex 25.495 19.039519052838326 1.2
    endloop
  endfacet
  facet normal -0.27609690805175363 -0.9611298025575221 -3.842983905287106e-15
    outer loop
      vertex 26.8 18.687730019100012 1.6
      vertex 25.327072681038814 19.11084735191813 1.2
      vertex 40.08707268103882 14.87084735191814 1.2
    endloop
  endfacet
  facet normal 0.2760969080517538 0.961129802557522 -4.712284609110626e-15
    outer loop
      vertex 24.91292731896118 17.669152648081848 1.2
      vertex 26.8 17.127066728867447 1.6
      vertex 38.2 13.852269980899974 2
    endloop
  endfacet
  facet normal 0.27609690805175374 0.9611298025575222 0
    outer loop
      vertex 26.8 17.127066728867447 1.6
      vertex 26.8 17.127066728867447 2
      vertex 38.2 13.852269980899974 2
    endloop
  endfacet
  facet normal -0.2760969080517536 -0.9611298025575222 0
    outer loop
      vertex 26.8 18.687730019100012 1.6
      vertex 40.08707268103882 14.87084735191814 1.2
      vertex 26.8 18.687730019100012 2
    endloop
  endfacet
  facet normal 0 0 1
    outer loop
      vertex 25.32661815755419 19.109265095636754 1.2
      vertex 25.495 19.039519052838326 1.2
      vertex 25.327072681038814 19.11084735191813 1.2
    endloop
  endfacet
  facet normal 0.9611298025574057 -0.2760969080521595 -7.347045524053527e-20
    outer loop
      vertex 25.32661815755419 19.109265095636754 1.2
      vertex 25.327072681038814 19.11084735191813 1.2
      vertex 25.327072681038814 19.11084735191813 1.6
    endloop
  endfacet
  facet normal 0.9611298025574057 -0.2760969080521595 0
    outer loop
      vertex 25.32661815755419 19.109265095636754 1.2
      vertex 25.327072681038814 19.11084735191813 1.6
      vertex 25.32661815755419 19.109265095636754 1.6
    endloop
  endfacet
  facet normal -0.27609690805175463 -0.9611298025575218 -2.5882106159161987e-17
    outer loop
      vertex 26.8 18.687730019100012 1.6
      vertex 25.327072681038814 19.11084735191813 1.6
      vertex 25.327072681038814 19.11084735191813 1.2
    endloop
  endfacet
  facet normal 0.27609690805175363 0.9611298025575221 -1.5150305087135578e-15
    outer loop
      vertex 24.91292731896118 17.669152648081848 1.2
      vertex 38.2 13.852269980899974 1.6
      vertex 39.672927318961186 13.429152648081857 1.2
    endloop
  endfacet
  facet normal 0 0 1
    outer loop
      vertex 39.505 13.50048094716167 1.2
      vertex 39.672927318961186 13.429152648081857 1.2
      vertex 39.673381842445814 13.430734904363245 1.2
    endloop
  endfacet
  facet normal 0 0 1
    outer loop
      vertex 40.08707268103882 14.87084735191814 1.2
      vertex 40.074114283826894 14.8744443697168 1.2
      vertex 40.08661815755419 14.869265095636752 1.2
    endloop
  endfacet
  facet normal -0.9611298025573264 0.276096908052435 0
    outer loop
      vertex 39.672927318961186 13.429152648081857 1.2
      vertex 39.672927318961186 13.429152648081857 1.6
      vertex 39.673381842445814 13.430734904363245 1.2
    endloop
  endfacet
  facet normal 0.2760969080517542 0.9611298025575221 0
    outer loop
      vertex 39.672927318961186 13.429152648081857 1.2
      vertex 38.2 13.852269980899974 1.6
      vertex 39.672927318961186 13.429152648081857 1.6
    endloop
  endfacet
  facet normal -0.9611298025573264 0.276096908052435 0
    outer loop
      vertex 39.673381842445814 13.430734904363245 1.2
      vertex 39.672927318961186 13.429152648081857 1.6
      vertex 39.673381842445814 13.430734904363245 1.6
    endloop
  endfacet
  facet normal -0.9611298025573264 0.276096908052435 1.3817242752218142e-20
    outer loop
      vertex 40.08707268103882 14.87084735191814 1.2
      vertex 40.08661815755419 14.869265095636752 1.2
      vertex 40.08661815755419 14.869265095636752 1.6
    endloop
  endfacet
  facet normal -0.9611298025573264 0.276096908052435 0
    outer loop
      vertex 40.08707268103882 14.87084735191814 1.2
      vertex 40.08661815755419 14.869265095636752 1.6
      vertex 40.08707268103882 14.87084735191814 1.6
    endloop
  endfacet
  facet normal 0 0 1
    outer loop
      vertex 25.327072681038814 19.11084735191813 1.2
      vertex 39.505 13.50048094716167 1.2
      vertex 39.349669914110095 13.619669914110087 1.2
    endloop
  endfacet
  facet normal 0 0 1
    outer loop
      vertex 25.327072681038814 19.11084735191813 1.2
      vertex 39.672927318961186 13.429152648081857 1.2
      vertex 39.505 13.50048094716167 1.2
    endloop
  endfacet
  facet normal 0 0 1
    outer loop
      vertex 25.327072681038814 19.11084735191813 1.2
      vertex 39.349669914110095 13.619669914110087 1.2
      vertex 39.230480947161674 13.774999999999999 1.2
    endloop
  endfacet
  facet normal 0 0 1
    outer loop
      vertex 25.327072681038814 19.11084735191813 1.2
      vertex 39.230480947161674 13.774999999999999 1.2
      vertex 39.1555556302832 13.955885716173109 1.2
    endloop
  endfacet
  facet normal 0 0 1
    outer loop
      vertex 25.327072681038814 19.11084735191813 1.2
      vertex 39.1555556302832 13.955885716173109 1.2
      vertex 39.13 14.149999999999999 1.2
    endloop
  endfacet
  facet normal 0 0 1
    outer loop
      vertex 25.327072681038814 19.11084735191813 1.2
      vertex 39.13 14.149999999999999 1.2
      vertex 39.1555556302832 14.344114283826888 1.2
    endloop
  endfacet
  facet normal 0 0 1
    outer loop
      vertex 25.327072681038814 19.11084735191813 1.2
      vertex 39.1555556302832 14.344114283826888 1.2
      vertex 39.230480947161674 14.524999999999999 1.2
    endloop
  endfacet
  facet normal 0 0 1
    outer loop
      vertex 25.327072681038814 19.11084735191813 1.2
      vertex 39.230480947161674 14.524999999999999 1.2
      vertex 39.349669914110095 14.68033008588991 1.2
    endloop
  endfacet
  facet normal 0 0 1
    outer loop
      vertex 25.327072681038814 19.11084735191813 1.2
      vertex 39.349669914110095 14.68033008588991 1.2
      vertex 39.505 14.799519052838328 1.2
    endloop
  endfacet
  facet normal 0 0 1
    outer loop
      vertex 25.327072681038814 19.11084735191813 1.2
      vertex 39.505 14.799519052838328 1.2
      vertex 39.68588571617311 14.8744443697168 1.2
    endloop
  endfacet
  facet normal 0 0 1
    outer loop
      vertex 25.327072681038814 19.11084735191813 1.2
      vertex 39.68588571617311 14.8744443697168 1.2
      vertex 39.88 14.899999999999999 1.2
    endloop
  endfacet
  facet normal 0 0 1
    outer loop
      vertex 25.327072681038814 19.11084735191813 1.2
      vertex 40.074114283826894 14.8744443697168 1.2
      vertex 40.08707268103882 14.87084735191814 1.2
    endloop
  endfacet
  facet normal 0 0 1
    outer loop
      vertex 25.327072681038814 19.11084735191813 1.2
      vertex 39.88 14.899999999999999 1.2
      vertex 40.074114283826894 14.8744443697168 1.2
    endloop
  endfacet
  facet normal -0.27609690805175346 -0.9611298025575222 0
    outer loop
      vertex 40.08707268103882 14.87084735191814 1.2
      vertex 40.08707268103882 14.87084735191814 1.6
      vertex 38.2 15.412933271132541 1.6
    endloop
  endfacet
  facet normal 0.2760969080517536 0.9611298025575221 4.231382245382474e-16
    outer loop
      vertex 24.91292731896118 17.669152648081848 1.2
      vertex 38.2 13.852269980899974 2
      vertex 38.2 13.852269980899974 1.6
    endloop
  endfacet
  facet normal -0.27609690805175363 -0.9611298025575221 -7.346221486261744e-16
    outer loop
      vertex 26.8 18.687730019100012 2
      vertex 40.08707268103882 14.87084735191814 1.2
      vertex 38.2 15.412933271132541 1.6
    endloop
  endfacet
  facet normal -0.2760969080517536 -0.9611298025575222 -2.732279642162353e-16
    outer loop
      vertex 26.8 18.687730019100012 2
      vertex 38.2 15.412933271132541 1.6
      vertex 38.2 15.412933271132541 2
    endloop
  endfacet
  facet normal 0 0 1
    outer loop
      vertex 25.67360317934096 25.509999999999998 1.2
      vertex 43.44639682065904 26.509999999999998 1.2
      vertex 25.76951905283833 25.634999999999998 1.2
    endloop
  endfacet
  facet normal 0 0 1
    outer loop
      vertex 25.76951905283833 25.634999999999998 1.2
      vertex 43.44639682065904 26.509999999999998 1.2
      vertex 25.844444369716804 25.815885716173106 1.2
    endloop
  endfacet
  facet normal 0 0 1
    outer loop
      vertex 25.844444369716804 25.815885716173106 1.2
      vertex 43.44639682065904 26.509999999999998 1.2
      vertex 25.87 26.009999999999998 1.2
    endloop
  endfacet
  facet normal 0 0 1
    outer loop
      vertex 25.87 26.009999999999998 1.2
      vertex 43.44639682065904 26.509999999999998 1.2
      vertex 25.844444369716804 26.20411428382689 1.2
    endloop
  endfacet
  facet normal 0 1 0
    outer loop
      vertex 25.67360317934096 25.509999999999998 1.2
      vertex 25.67360317934096 25.509999999999998 1.6
      vertex 43.44639682065904 25.509999999999998 1.2
    endloop
  endfacet
  facet normal 0 1 0
    outer loop
      vertex 25.67360317934096 25.509999999999998 1.6
      vertex 26.8 25.509999999999998 1.6
      vertex 43.44639682065904 25.509999999999998 1.2
    endloop
  endfacet
  facet normal 0 1 0
    outer loop
      vertex 26.8 25.509999999999998 1.6
      vertex 26.8 25.509999999999998 2
      vertex 43.44639682065904 25.509999999999998 1.2
    endloop
  endfacet
  facet normal 0 -1 0
    outer loop
      vertex 25.67360317934096 26.509999999999998 1.2
      vertex 26.8 26.509999999999998 1.6
      vertex 25.67360317934096 26.509999999999998 1.6
    endloop
  endfacet
  facet normal 0 0 1
    outer loop
      vertex 25.844444369716804 26.20411428382689 1.2
      vertex 43.44639682065904 26.509999999999998 1.2
      vertex 25.76951905283833 26.384999999999998 1.2
    endloop
  endfacet
  facet normal 0 0 1
    outer loop
      vertex 25.76951905283833 26.384999999999998 1.2
      vertex 43.44639682065904 26.509999999999998 1.2
      vertex 25.67360317934096 26.509999999999998 1.2
    endloop
  endfacet
  facet normal 0 -1 0
    outer loop
      vertex 25.67360317934096 26.509999999999998 1.2
      vertex 43.44639682065904 26.509999999999998 2
      vertex 26.8 26.509999999999998 1.6
    endloop
  endfacet
  facet normal 0 -1 0
    outer loop
      vertex 26.8 26.509999999999998 1.6
      vertex 43.44639682065904 26.509999999999998 2
      vertex 26.8 26.509999999999998 2
    endloop
  endfacet
  facet normal 0 0 1
    outer loop
      vertex 25.67360317934096 25.509999999999998 1.2
      vertex 43.35048094716167 25.634999999999998 1.2
      vertex 43.2755556302832 25.815885716173106 1.2
    endloop
  endfacet
  facet normal 0 0 1
    outer loop
      vertex 25.67360317934096 25.509999999999998 1.2
      vertex 43.44639682065904 25.509999999999998 1.2
      vertex 43.35048094716167 25.634999999999998 1.2
    endloop
  endfacet
  facet normal 0 0 1
    outer loop
      vertex 25.67360317934096 25.509999999999998 1.2
      vertex 43.2755556302832 25.815885716173106 1.2
      vertex 43.25 26.009999999999998 1.2
    endloop
  endfacet
  facet normal 0 0 1
    outer loop
      vertex 25.67360317934096 25.509999999999998 1.2
      vertex 43.25 26.009999999999998 1.2
      vertex 43.2755556302832 26.20411428382689 1.2
    endloop
  endfacet
  facet normal 0 0 1
    outer loop
      vertex 25.67360317934096 25.509999999999998 1.2
      vertex 43.2755556302832 26.20411428382689 1.2
      vertex 43.35048094716167 26.384999999999998 1.2
    endloop
  endfacet
  facet normal 0 0 1
    outer loop
      vertex 25.67360317934096 25.509999999999998 1.2
      vertex 43.35048094716167 26.384999999999998 1.2
      vertex 43.44639682065904 26.509999999999998 1.2
    endloop
  endfacet
  facet normal 0 1 0
    outer loop
      vertex 26.8 25.509999999999998 2
      vertex 43.44639682065904 25.509999999999998 2
      vertex 43.44639682065904 25.509999999999998 1.2
    endloop
  endfacet
  facet normal 0 -1 0
    outer loop
      vertex 25.67360317934096 26.509999999999998 1.2
      vertex 43.44639682065904 26.509999999999998 1.2
      vertex 43.44639682065904 26.509999999999998 2
    endloop
  endfacet
  facet normal 1 0 0
    outer loop
      vertex 43.5 4.543603179340956 1.2
      vertex 43.5 22.7 1.6
      vertex 43.5 4.543603179340956 1.6
    endloop
  endfacet
  facet normal 0 0 1
    outer loop
      vertex 43.5 4.543603179340956 1.2
      vertex 43.625 4.639519052838328 1.2
      vertex 43.80588571617311 25.2855556302832 1.2
    endloop
  endfacet
  facet normal 0 0 1
    outer loop
      vertex 43.625 4.639519052838328 1.2
      vertex 43.80588571617311 4.714444369716801 1.2
      vertex 44.375 25.36048094716167 1.2
    endloop
  endfacet
  facet normal 0 0 1
    outer loop
      vertex 43.80588571617311 4.714444369716801 1.2
      vertex 44 4.739999999999999 1.2
      vertex 44.375 25.36048094716167 1.2
    endloop
  endfacet
  facet normal 0 0 1
    outer loop
      vertex 44 4.739999999999999 1.2
      vertex 44.19411428382689 4.714444369716801 1.2
      vertex 44.375 25.36048094716167 1.2
    endloop
  endfacet
  facet normal 0 0 1
    outer loop
      vertex 44.375 4.639519052838328 1.2
      vertex 44.5 25.45639682065904 1.2
      vertex 44.19411428382689 4.714444369716801 1.2
    endloop
  endfacet
  facet normal 0 0 1
    outer loop
      vertex 44.375 4.639519052838328 1.2
      vertex 44.5 4.543603179340956 1.2
      vertex 44.5 25.45639682065904 1.2
    endloop
  endfacet
  facet normal -1 0 0
    outer loop
      vertex 44.5 4.543603179340956 1.2
      vertex 44.5 4.543603179340956 1.6
      vertex 44.5 25.45639682065904 1.2
    endloop
  endfacet
  facet normal 0 0 1
    outer loop
      vertex 43.5 4.543603179340956 1.2
      vertex 43.80588571617311 25.2855556302832 1.2
      vertex 43.625 25.36048094716167 1.2
    endloop
  endfacet
  facet normal 0 0 1
    outer loop
      vertex 43.5 4.543603179340956 1.2
      vertex 43.625 25.36048094716167 1.2
      vertex 43.5 25.45639682065904 1.2
    endloop
  endfacet
  facet normal 0 0 1
    outer loop
      vertex 43.625 4.639519052838328 1.2
      vertex 44 25.259999999999998 1.2
      vertex 43.80588571617311 25.2855556302832 1.2
    endloop
  endfacet
  facet normal 0 0 1
    outer loop
      vertex 43.625 4.639519052838328 1.2
      vertex 44.19411428382689 25.2855556302832 1.2
      vertex 44 25.259999999999998 1.2
    endloop
  endfacet
  facet normal 0 0 1
    outer loop
      vertex 43.625 4.639519052838328 1.2
      vertex 44.375 25.36048094716167 1.2
      vertex 44.19411428382689 25.2855556302832 1.2
    endloop
  endfacet
  facet normal 0 0 1
    outer loop
      vertex 44.19411428382689 4.714444369716801 1.2
      vertex 44.5 25.45639682065904 1.2
      vertex 44.375 25.36048094716167 1.2
    endloop
  endfacet
  facet normal 1 0 0
    outer loop
      vertex 43.5 4.543603179340956 1.2
      vertex 43.5 25.45639682065904 1.2
      vertex 43.5 22.7 1.6
    endloop
  endfacet
  facet normal -1 0 0
    outer loop
      vertex 44.5 4.543603179340956 1.6
      vertex 44.5 22.7 1.6
      vertex 44.5 25.45639682065904 1.2
    endloop
  endfacet
  facet normal -1 0 0
    outer loop
      vertex 44.5 25.45639682065904 1.2
      vertex 44.5 22.7 1.6
      vertex 44.5 22.7 2
    endloop
  endfacet
  facet normal 1 0 0
    outer loop
      vertex 43.5 22.7 1.6
      vertex 43.5 25.45639682065904 2
      vertex 43.5 22.7 2
    endloop
  endfacet
  facet normal 1 0 0
    outer loop
      vertex 43.5 25.45639682065904 1.2
      vertex 43.5 25.45639682065904 2
      vertex 43.5 22.7 1.6
    endloop
  endfacet
  facet normal -1 0 0
    outer loop
      vertex 44.5 25.45639682065904 1.2
      vertex 44.5 22.7 2
      vertex 44.5 25.45639682065904 2
    endloop
  endfacet
  facet normal 0 0 1
    outer loop
      vertex 40.433603179340956 3.4899999999999993 1.2
      vertex 43.2755556302832 3.7958857161731085 1.2
      vertex 40.52951905283833 3.6149999999999993 1.2
    endloop
  endfacet
  facet normal 0 0 1
    outer loop
      vertex 40.433603179340956 3.4899999999999993 1.2
      vertex 43.35048094716167 3.6149999999999993 1.2
      vertex 43.2755556302832 3.7958857161731085 1.2
    endloop
  endfacet
  facet normal 0 0 1
    outer loop
      vertex 40.433603179340956 3.4899999999999993 1.2
      vertex 43.44639682065905 3.4899999999999993 1.2
      vertex 43.35048094716167 3.6149999999999993 1.2
    endloop
  endfacet
  facet normal 0 1 0
    outer loop
      vertex 40.433603179340956 3.4899999999999993 1.2
      vertex 40.433603179340956 3.4899999999999993 1.6
      vertex 43.44639682065905 3.4899999999999993 1.2
    endloop
  endfacet
  facet normal 0 1 0
    outer loop
      vertex 40.433603179340956 3.4899999999999993 1.6
      vertex 43.44639682065905 3.4899999999999993 1.6
      vertex 43.44639682065905 3.4899999999999993 1.2
    endloop
  endfacet
  facet normal 0 0 1
    outer loop
      vertex 40.52951905283833 3.6149999999999993 1.2
      vertex 43.35048094716167 4.364999999999999 1.2
      vertex 40.6044443697168 3.7958857161731085 1.2
    endloop
  endfacet
  facet normal 0 0 1
    outer loop
      vertex 40.6044443697168 3.7958857161731085 1.2
      vertex 43.35048094716167 4.364999999999999 1.2
      vertex 40.63 3.9899999999999993 1.2
    endloop
  endfacet
  facet normal 0 0 1
    outer loop
      vertex 40.6044443697168 4.18411428382689 1.2
      vertex 40.63 3.9899999999999993 1.2
      vertex 43.35048094716167 4.364999999999999 1.2
    endloop
  endfacet
  facet normal 0 0 1
    outer loop
      vertex 40.52951905283833 4.364999999999999 1.2
      vertex 43.44639682065905 4.489999999999999 1.2
      vertex 40.433603179340956 4.489999999999999 1.2
    endloop
  endfacet
  facet normal 0 0 1
    outer loop
      vertex 40.6044443697168 4.18411428382689 1.2
      vertex 43.44639682065905 4.489999999999999 1.2
      vertex 40.52951905283833 4.364999999999999 1.2
    endloop
  endfacet
  facet normal 0 0 1
    outer loop
      vertex 40.52951905283833 3.6149999999999993 1.2
      vertex 43.2755556302832 3.7958857161731085 1.2
      vertex 43.25 3.9899999999999993 1.2
    endloop
  endfacet
  facet normal 0 0 1
    outer loop
      vertex 40.52951905283833 3.6149999999999993 1.2
      vertex 43.25 3.9899999999999993 1.2
      vertex 43.2755556302832 4.18411428382689 1.2
    endloop
  endfacet
  facet normal 0 0 1
    outer loop
      vertex 40.52951905283833 3.6149999999999993 1.2
      vertex 43.2755556302832 4.18411428382689 1.2
      vertex 43.35048094716167 4.364999999999999 1.2
    endloop
  endfacet
  facet normal 0 0 1
    outer loop
      vertex 40.6044443697168 4.18411428382689 1.2
      vertex 43.35048094716167 4.364999999999999 1.2
      vertex 43.44639682065905 4.489999999999999 1.2
    endloop
  endfacet
  facet normal 0 -1 0
    outer loop
      vertex 40.433603179340956 4.489999999999999 1.2
      vertex 43.44639682065905 4.489999999999999 1.2
      vertex 43.44639682065905 4.489999999999999 1.6
    endloop
  endfacet
  facet normal 0 -1 0
    outer loop
      vertex 40.433603179340956 4.489999999999999 1.2
      vertex 43.44639682065905 4.489999999999999 1.6
      vertex 40.433603179340956 4.489999999999999 1.6
    endloop
  endfacet
  facet normal 0 0 1
    outer loop
      vertex 20.55360317934096 22.97 1.2
      vertex 24.395555630283198 23.275885716173107 1.2
      vertex 20.64951905283833 23.095 1.2
    endloop
  endfacet
  facet normal 0 0 1
    outer loop
      vertex 20.64951905283833 23.095 1.2
      vertex 24.470480947161672 23.845 1.2
      vertex 20.7244443697168 23.275885716173107 1.2
    endloop
  endfacet
  facet normal 0 0 1
    outer loop
      vertex 20.7244443697168 23.275885716173107 1.2
      vertex 24.470480947161672 23.845 1.2
      vertex 20.75 23.47 1.2
    endloop
  endfacet
  facet normal 0 0 1
    outer loop
      vertex 20.75 23.47 1.2
      vertex 24.470480947161672 23.845 1.2
      vertex 20.7244443697168 23.66411428382689 1.2
    endloop
  endfacet
  facet normal 0 0 1
    outer loop
      vertex 20.7244443697168 23.66411428382689 1.2
      vertex 24.56639682065904 23.97 1.2
      vertex 20.64951905283833 23.845 1.2
    endloop
  endfacet
  facet normal 0 0 1
    outer loop
      vertex 20.64951905283833 23.845 1.2
      vertex 24.56639682065904 23.97 1.2
      vertex 20.55360317934096 23.97 1.2
    endloop
  endfacet
  facet normal 0 0 1
    outer loop
      vertex 20.55360317934096 22.97 1.2
      vertex 24.56639682065904 22.97 1.2
      vertex 24.470480947161672 23.095 1.2
    endloop
  endfacet
  facet normal 0 0 1
    outer loop
      vertex 20.55360317934096 22.97 1.2
      vertex 24.470480947161672 23.095 1.2
      vertex 24.395555630283198 23.275885716173107 1.2
    endloop
  endfacet
  facet normal 0 0 1
    outer loop
      vertex 20.64951905283833 23.095 1.2
      vertex 24.395555630283198 23.275885716173107 1.2
      vertex 24.37 23.47 1.2
    endloop
  endfacet
  facet normal 0 0 1
    outer loop
      vertex 20.64951905283833 23.095 1.2
      vertex 24.37 23.47 1.2
      vertex 24.395555630283198 23.66411428382689 1.2
    endloop
  endfacet
  facet normal 0 0 1
    outer loop
      vertex 20.64951905283833 23.095 1.2
      vertex 24.395555630283198 23.66411428382689 1.2
      vertex 24.470480947161672 23.845 1.2
    endloop
  endfacet
  facet normal 0 0 1
    outer loop
      vertex 20.7244443697168 23.66411428382689 1.2
      vertex 24.470480947161672 23.845 1.2
      vertex 24.56639682065904 23.97 1.2
    endloop
  endfacet
  facet normal 0 1 0
    outer loop
      vertex 20.55360317934096 22.97 1.2
      vertex 20.55360317934096 22.97 1.6
      vertex 24.56639682065904 22.97 1.2
    endloop
  endfacet
  facet normal 0 -1 0
    outer loop
      vertex 20.55360317934096 23.97 1.2
      vertex 20.975113122171948 23.97 1.6
      vertex 20.55360317934096 23.97 1.6
    endloop
  endfacet
  facet normal 0 -1 0
    outer loop
      vertex 20.55360317934096 23.97 1.2
      vertex 24.56639682065904 23.97 1.6
      vertex 20.975113122171948 23.97 1.6
    endloop
  endfacet
  facet normal 0 1 0
    outer loop
      vertex 20.55360317934096 22.97 1.6
      vertex 24.56639682065904 22.97 1.6
      vertex 24.56639682065904 22.97 1.2
    endloop
  endfacet
  facet normal 0 -1 0
    outer loop
      vertex 20.55360317934096 23.97 1.2
      vertex 24.56639682065904 23.97 1.2
      vertex 24.56639682065904 23.97 1.6
    endloop
  endfacet
  facet normal 1 0 0
    outer loop
      vertex 19.5 5.05360317934096 1.2
      vertex 19.5 6.999999999999998 1.6
      vertex 19.5 6.999999999999998 2
    endloop
  endfacet
  facet normal 1 0 0
    outer loop
      vertex 19.5 5.05360317934096 1.2
      vertex 19.5 6.999999999999998 2
      vertex 19.5 5.05360317934096 2
    endloop
  endfacet
  facet normal -1 0 0
    outer loop
      vertex 20.5 5.05360317934096 1.2
      vertex 20.5 5.05360317934096 2
      vertex 20.5 6.999999999999998 1.6
    endloop
  endfacet
  facet normal -1 0 0
    outer loop
      vertex 20.5 6.999999999999998 1.6
      vertex 20.5 5.05360317934096 2
      vertex 20.5 6.999999999999998 2
    endloop
  endfacet
  facet normal 0 0 1
    outer loop
      vertex 19.5 5.05360317934096 1.2
      vertex 19.625 5.149519052838329 1.2
      vertex 19.80588571617311 22.7455556302832 1.2
    endloop
  endfacet
  facet normal 0 0 1
    outer loop
      vertex 19.625 5.149519052838329 1.2
      vertex 19.80588571617311 5.224444369716801 1.2
      vertex 20.375 22.82048094716167 1.2
    endloop
  endfacet
  facet normal 0 0 1
    outer loop
      vertex 19.80588571617311 5.224444369716801 1.2
      vertex 20 5.25 1.2
      vertex 20.375 22.82048094716167 1.2
    endloop
  endfacet
  facet normal 0 0 1
    outer loop
      vertex 20 5.25 1.2
      vertex 20.19411428382689 5.224444369716801 1.2
      vertex 20.375 22.82048094716167 1.2
    endloop
  endfacet
  facet normal 0 0 1
    outer loop
      vertex 20.19411428382689 5.224444369716801 1.2
      vertex 20.375 5.149519052838329 1.2
      vertex 20.5 22.91639682065904 1.2
    endloop
  endfacet
  facet normal 0 0 1
    outer loop
      vertex 20.375 5.149519052838329 1.2
      vertex 20.5 5.05360317934096 1.2
      vertex 20.5 22.91639682065904 1.2
    endloop
  endfacet
  facet normal 1 0 0
    outer loop
      vertex 19.5 5.05360317934096 1.2
      vertex 19.5 22.91639682065904 1.6
      vertex 19.5 6.999999999999998 1.6
    endloop
  endfacet
  facet normal -1 0 0
    outer loop
      vertex 20.5 5.05360317934096 1.2
      vertex 20.5 6.999999999999998 1.6
      vertex 20.5 22.91639682065904 1.2
    endloop
  endfacet
  facet normal 0 0 1
    outer loop
      vertex 19.5 5.05360317934096 1.2
      vertex 19.80588571617311 22.7455556302832 1.2
      vertex 19.625 22.82048094716167 1.2
    endloop
  endfacet
  facet normal 0 0 1
    outer loop
      vertex 19.625 5.149519052838329 1.2
      vertex 20 22.72 1.2
      vertex 19.80588571617311 22.7455556302832 1.2
    endloop
  endfacet
  facet normal 0 0 1
    outer loop
      vertex 19.625 5.149519052838329 1.2
      vertex 20.19411428382689 22.7455556302832 1.2
      vertex 20 22.72 1.2
    endloop
  endfacet
  facet normal 0 0 1
    outer loop
      vertex 19.5 5.05360317934096 1.2
      vertex 19.625 22.82048094716167 1.2
      vertex 19.5 22.91639682065904 1.2
    endloop
  endfacet
  facet normal 0 0 1
    outer loop
      vertex 19.625 5.149519052838329 1.2
      vertex 20.375 22.82048094716167 1.2
      vertex 20.19411428382689 22.7455556302832 1.2
    endloop
  endfacet
  facet normal 1 0 0
    outer loop
      vertex 19.5 5.05360317934096 1.2
      vertex 19.5 22.91639682065904 1.2
      vertex 19.5 22.91639682065904 1.6
    endloop
  endfacet
  facet normal 0 0 1
    outer loop
      vertex 20.19411428382689 5.224444369716801 1.2
      vertex 20.5 22.91639682065904 1.2
      vertex 20.375 22.82048094716167 1.2
    endloop
  endfacet
  facet normal -1 0 0
    outer loop
      vertex 20.5 6.999999999999998 1.6
      vertex 20.5 22.91639682065904 1.6
      vertex 20.5 22.91639682065904 1.2
    endloop
  endfacet
  facet normal 0 1 0
    outer loop
      vertex 20.55360317934096 4 1.2
      vertex 20.55360317934096 4 2
      vertex 20.737464829233772 4 2
    endloop
  endfacet
  facet normal 0 0 1
    outer loop
      vertex 20.55360317934096 4 1.2
      vertex 35.44639682065905 5 1.2
      vertex 20.64951905283833 4.125 1.2
    endloop
  endfacet
  facet normal 0 0 1
    outer loop
      vertex 20.64951905283833 4.125 1.2
      vertex 35.44639682065905 5 1.2
      vertex 20.7244443697168 4.305885716173109 1.2
    endloop
  endfacet
  facet normal 0 0 1
    outer loop
      vertex 20.7244443697168 4.305885716173109 1.2
      vertex 35.44639682065905 5 1.2
      vertex 20.75 4.5 1.2
    endloop
  endfacet
  facet normal 0 0 1
    outer loop
      vertex 20.75 4.5 1.2
      vertex 35.44639682065905 5 1.2
      vertex 20.7244443697168 4.694114283826891 1.2
    endloop
  endfacet
  facet normal 0 0 1
    outer loop
      vertex 20.7244443697168 4.694114283826891 1.2
      vertex 35.44639682065905 5 1.2
      vertex 20.64951905283833 4.875 1.2
    endloop
  endfacet
  facet normal 0 0 1
    outer loop
      vertex 20.64951905283833 4.875 1.2
      vertex 35.44639682065905 5 1.2
      vertex 20.55360317934096 5 1.2
    endloop
  endfacet
  facet normal 0 1 0
    outer loop
      vertex 20.55360317934096 4 1.2
      vertex 20.737464829233772 4 2
      vertex 35.44639682065905 4 1.2
    endloop
  endfacet
  facet normal 0 0 1
    outer loop
      vertex 20.55360317934096 4 1.2
      vertex 35.44639682065905 4 1.2
      vertex 35.35048094716167 4.125 1.2
    endloop
  endfacet
  facet normal 0 0 1
    outer loop
      vertex 20.55360317934096 4 1.2
      vertex 35.35048094716167 4.125 1.2
      vertex 35.2755556302832 4.305885716173109 1.2
    endloop
  endfacet
  facet normal 0 0 1
    outer loop
      vertex 20.55360317934096 4 1.2
      vertex 35.2755556302832 4.305885716173109 1.2
      vertex 35.25 4.5 1.2
    endloop
  endfacet
  facet normal 0 0 1
    outer loop
      vertex 20.55360317934096 4 1.2
      vertex 35.25 4.5 1.2
      vertex 35.2755556302832 4.694114283826891 1.2
    endloop
  endfacet
  facet normal 0 0 1
    outer loop
      vertex 20.55360317934096 4 1.2
      vertex 35.2755556302832 4.694114283826891 1.2
      vertex 35.35048094716167 4.875 1.2
    endloop
  endfacet
  facet normal 0 0 1
    outer loop
      vertex 20.55360317934096 4 1.2
      vertex 35.35048094716167 4.875 1.2
      vertex 35.44639682065905 5 1.2
    endloop
  endfacet
  facet normal 0 -1 0
    outer loop
      vertex 20.55360317934096 5 1.2
      vertex 35.44639682065905 5 1.2
      vertex 35.44639682065905 5 2
    endloop
  endfacet
  facet normal 0 -1 0
    outer loop
      vertex 20.55360317934096 5 1.2
      vertex 35.44639682065905 5 2
      vertex 20.55360317934096 5 2
    endloop
  endfacet
  facet normal 0 1 0
    outer loop
      vertex 20.737464829233772 4 2
      vertex 35.44639682065905 4 2
      vertex 35.44639682065905 4 1.2
    endloop
  endfacet
  facet normal 0 0 1
    outer loop
      vertex 35.5 5.053603179340957 1.2
      vertex 35.625 5.149519052838329 1.2
      vertex 35.5 6.529999999999999 1.2
    endloop
  endfacet
  facet normal 0 0 1
    outer loop
      vertex 36 5.25 1.2
      vertex 36.19411428382689 5.224444369716801 1.2
      vertex 36.29275627222987 6.109295232626648 1.2
    endloop
  endfacet
  facet normal 0 0 1
    outer loop
      vertex 36.375 5.149519052838329 1.2
      vertex 36.5 6.029999999999999 1.2
      vertex 36.19411428382689 5.224444369716801 1.2
    endloop
  endfacet
  facet normal 0 0 1
    outer loop
      vertex 36.375 5.149519052838329 1.2
      vertex 36.5 5.053603179340957 1.2
      vertex 36.5 6.029999999999999 1.2
    endloop
  endfacet
  facet normal -1 0 0
    outer loop
      vertex 36.5 5.053603179340957 1.2
      vertex 36.5 5.053603179340957 2
      vertex 36.5 6.029999999999999 1.2
    endloop
  endfacet
  facet normal 0 0 1
    outer loop
      vertex 35.625 5.149519052838329 1.2
      vertex 35.80588571617311 5.224444369716801 1.2
      vertex 35.5 6.529999999999999 1.2
    endloop
  endfacet
  facet normal 0 0 1
    outer loop
      vertex 35.80588571617311 5.224444369716801 1.2
      vertex 36 5.25 1.2
      vertex 35.5 6.529999999999999 1.2
    endloop
  endfacet
  facet normal 0 0 1
    outer loop
      vertex 36.19411428382689 5.224444369716801 1.2
      vertex 36.5 6.1654287510608565 1.2
      vertex 36.29275627222987 6.109295232626648 1.2
    endloop
  endfacet
  facet normal 0 0 1
    outer loop
      vertex 36.19411428382689 5.224444369716801 1.2
      vertex 36.5 6.029999999999999 1.2
      vertex 36.5 6.1654287510608565 1.2
    endloop
  endfacet
  facet normal 0 0 1
    outer loop
      vertex 36 5.25 1.2
      vertex 36.29275627222987 6.109295232626648 1.2
      vertex 36 6.529999999999999 1.2
    endloop
  endfacet
  facet normal 0 0 1
    outer loop
      vertex 36 5.25 1.2
      vertex 36 6.529999999999999 1.2
      vertex 35.5 6.529999999999999 1.2
    endloop
  endfacet
  facet normal 1 0 0
    outer loop
      vertex 35.5 5.053603179340957 1.2
      vertex 35.5 6.529999999999999 1.2
      vertex 35.5 6.529999999999999 2
    endloop
  endfacet
  facet normal 0 -1 0
    outer loop
      vertex 35.5 6.529999999999999 1.2
      vertex 36 6.529999999999999 1.2
      vertex 36 6.529999999999999 2
    endloop
  endfacet
  facet normal 1 0 0
    outer loop
      vertex 35.5 5.053603179340957 1.2
      vertex 35.5 6.529999999999999 2
      vertex 35.5 5.053603179340957 2
    endloop
  endfacet
  facet normal -1 0 0
    outer loop
      vertex 36.5 6.029999999999999 1.2
      vertex 36.5 5.053603179340957 2
      vertex 36.5 6.029999999999999 2
    endloop
  endfacet
  facet normal 0 -1 0
    outer loop
      vertex 35.5 6.529999999999999 1.2
      vertex 36 6.529999999999999 2
      vertex 35.5 6.529999999999999 2
    endloop
  endfacet
  facet normal 0 0 1
    outer loop
      vertex 36 6.529999999999999 1.2
      vertex 36.29275627222987 6.109295232626648 1.2
      vertex 36.5 6.1654287510608565 1.2
    endloop
  endfacet
  facet normal 1 0 0
    outer loop
      vertex 36 6.529999999999999 1.2
      vertex 36 7.029999999999999 1.2
      vertex 36 7.029999999999999 2
    endloop
  endfacet
  facet normal 0 0 1
    outer loop
      vertex 36.5 6.029999999999999 1.2
      vertex 39.230480947161674 6.154999999999999 1.2
      vertex 36.5 6.1654287510608565 1.2
    endloop
  endfacet
  facet normal 0 0 1
    outer loop
      vertex 36 6.529999999999999 1.2
      vertex 36.5 6.1654287510608565 1.2
      vertex 39.230480947161674 6.904999999999999 1.2
    endloop
  endfacet
  facet normal 0 0 1
    outer loop
      vertex 36.5 6.029999999999999 1.2
      vertex 39.32639682065905 6.029999999999999 1.2
      vertex 39.230480947161674 6.154999999999999 1.2
    endloop
  endfacet
  facet normal 0 0 1
    outer loop
      vertex 36.5 6.1654287510608565 1.2
      vertex 39.230480947161674 6.154999999999999 1.2
      vertex 39.1555556302832 6.335885716173109 1.2
    endloop
  endfacet
  facet normal 0 0 1
    outer loop
      vertex 36.5 6.1654287510608565 1.2
      vertex 39.1555556302832 6.335885716173109 1.2
      vertex 39.13 6.529999999999999 1.2
    endloop
  endfacet
  facet normal 0 0 1
    outer loop
      vertex 36.5 6.1654287510608565 1.2
      vertex 39.13 6.529999999999999 1.2
      vertex 39.1555556302832 6.72411428382689 1.2
    endloop
  endfacet
  facet normal 0 0 1
    outer loop
      vertex 36 6.529999999999999 1.2
      vertex 39.230480947161674 6.904999999999999 1.2
      vertex 36 7.029999999999999 1.2
    endloop
  endfacet
  facet normal 0 0 1
    outer loop
      vertex 36.5 6.1654287510608565 1.2
      vertex 39.1555556302832 6.72411428382689 1.2
      vertex 39.230480947161674 6.904999999999999 1.2
    endloop
  endfacet
  facet normal 0 0 1
    outer loop
      vertex 36 7.029999999999999 1.2
      vertex 39.230480947161674 6.904999999999999 1.2
      vertex 39.32639682065905 7.029999999999999 1.2
    endloop
  endfacet
  facet normal 0 1 0
    outer loop
      vertex 36.5 6.029999999999999 1.2
      vertex 38.2 6.029999999999999 1.6
      vertex 39.32639682065905 6.029999999999999 1.2
    endloop
  endfacet
  facet normal 0 -1 0
    outer loop
      vertex 36 7.029999999999999 1.2
      vertex 39.32639682065905 7.029999999999999 1.2
      vertex 38.2 7.029999999999999 1.6
    endloop
  endfacet
  facet normal 0 1 0
    outer loop
      vertex 39.32639682065905 6.029999999999999 1.2
      vertex 38.2 6.029999999999999 1.6
      vertex 39.32639682065905 6.029999999999999 1.6
    endloop
  endfacet
  facet normal 0 -1 0
    outer loop
      vertex 39.32639682065905 7.029999999999999 1.2
      vertex 39.32639682065905 7.029999999999999 1.6
      vertex 38.2 7.029999999999999 1.6
    endloop
  endfacet
  facet normal 1 0 0
    outer loop
      vertex 36 6.529999999999999 1.2
      vertex 36 7.029999999999999 2
      vertex 36 6.529999999999999 2
    endloop
  endfacet
  facet normal 0 1 0
    outer loop
      vertex 36.5 6.029999999999999 1.2
      vertex 36.5 6.029999999999999 2
      vertex 38.2 6.029999999999999 1.6
    endloop
  endfacet
  facet normal 0 -1 0
    outer loop
      vertex 36 7.029999999999999 1.2
      vertex 38.2 7.029999999999999 1.6
      vertex 38.2 7.029999999999999 2
    endloop
  endfacet
  facet normal 0 -1 0
    outer loop
      vertex 36 7.029999999999999 1.2
      vertex 38.2 7.029999999999999 2
      vertex 36 7.029999999999999 2
    endloop
  endfacet
  facet normal 0 1 0
    outer loop
      vertex 38.2 6.029999999999999 1.6
      vertex 36.5 6.029999999999999 2
      vertex 38.2 6.029999999999999 2
    endloop
  endfacet
  facet normal 0.38268343236509184 0.9238795325112859 -1.7763146458595178e-15
    outer loop
      vertex 24.745 15.200480947161669 1
      vertex 24.913381842445812 15.130734904363244 1.2
      vertex 24.92588571617311 15.125555630283197 1
    endloop
  endfacet
  facet normal 0.13052619222005063 0.9914448613738106 9.895628716701008e-18
    outer loop
      vertex 25.12 15.099999999999998 1
      vertex 24.92588571617311 15.125555630283197 1
      vertex 24.92588571617311 15.125555630283197 1.2
    endloop
  endfacet
  facet normal -0.13052619222005063 0.9914448613738106 0
    outer loop
      vertex 25.12 15.099999999999998 1
      vertex 25.12 15.099999999999998 1.2
      vertex 25.314114283826893 15.125555630283197 1
    endloop
  endfacet
  facet normal -0.38268343236509184 0.9238795325112859 0
    outer loop
      vertex 25.314114283826893 15.125555630283197 1
      vertex 25.314114283826893 15.125555630283197 1.2
      vertex 25.495 15.200480947161669 1
    endloop
  endfacet
  facet normal 0 0 1
    outer loop
      vertex 24.745 15.200480947161669 1
      vertex 24.745 16.499519052838327 1
      vertex 24.58966991411009 15.319669914110086 1
    endloop
  endfacet
  facet normal 0 0 1
    outer loop
      vertex 24.745 15.200480947161669 1
      vertex 24.92588571617311 15.125555630283197 1
      vertex 24.92588571617311 16.5744443697168 1
    endloop
  endfacet
  facet normal 0 0 1
    outer loop
      vertex 24.470480947161672 15.474999999999998 1
      vertex 24.470480947161672 16.224999999999998 1
      vertex 24.395555630283198 15.655885716173108 1
    endloop
  endfacet
  facet normal 0 0 1
    outer loop
      vertex 24.58966991411009 15.319669914110086 1
      vertex 24.58966991411009 16.38033008588991 1
      vertex 24.470480947161672 15.474999999999998 1
    endloop
  endfacet
  facet normal 0 0 1
    outer loop
      vertex 24.37 15.849999999999998 1
      vertex 24.395555630283198 15.655885716173108 1
      vertex 24.395555630283198 16.04411428382689 1
    endloop
  endfacet
  facet normal 0 0 1
    outer loop
      vertex 25.12 15.099999999999998 1
      vertex 25.12 16.599999999999998 1
      vertex 24.92588571617311 15.125555630283197 1
    endloop
  endfacet
  facet normal 0 0 1
    outer loop
      vertex 25.12 15.099999999999998 1
      vertex 25.314114283826893 15.125555630283197 1
      vertex 25.314114283826893 16.5744443697168 1
    endloop
  endfacet
  facet normal -0.6087614290087165 0.7933533402912384 0
    outer loop
      vertex 25.495 15.200480947161669 1
      vertex 25.495 15.200480947161669 1.2
      vertex 25.650330085889912 15.319669914110086 1
    endloop
  endfacet
  facet normal -0.7933533402912384 0.6087614290087165 0
    outer loop
      vertex 25.650330085889912 15.319669914110086 1
      vertex 25.650330085889912 15.319669914110086 1.2
      vertex 25.76951905283833 15.474999999999998 1
    endloop
  endfacet
  facet normal 0 0 1
    outer loop
      vertex 25.314114283826893 15.125555630283197 1
      vertex 25.495 15.200480947161669 1
      vertex 25.495 16.499519052838327 1
    endloop
  endfacet
  facet normal 0 0 1
    outer loop
      vertex 25.495 15.200480947161669 1
      vertex 25.650330085889912 15.319669914110086 1
      vertex 25.650330085889912 16.38033008588991 1
    endloop
  endfacet
  facet normal 0 0 1
    outer loop
      vertex 25.650330085889912 15.319669914110086 1
      vertex 25.76951905283833 15.474999999999998 1
      vertex 25.76951905283833 16.224999999999998 1
    endloop
  endfacet
  facet normal 0 0 1
    outer loop
      vertex 25.76951905283833 15.474999999999998 1
      vertex 25.844444369716804 15.655885716173108 1
      vertex 25.844444369716804 16.04411428382689 1
    endloop
  endfacet
  facet normal 0 0 1
    outer loop
      vertex 25.844444369716804 15.655885716173108 1
      vertex 25.87 15.849999999999998 1
      vertex 25.844444369716804 16.04411428382689 1
    endloop
  endfacet
  facet normal 0 0 1
    outer loop
      vertex 25.76951905283833 15.474999999999998 1
      vertex 25.844444369716804 16.04411428382689 1
      vertex 25.76951905283833 16.224999999999998 1
    endloop
  endfacet
  facet normal -0.923879532511284 0.3826834323650964 0
    outer loop
      vertex 25.76951905283833 15.474999999999998 1
      vertex 25.76951905283833 15.474999999999998 1.2
      vertex 25.844444369716804 15.655885716173108 1
    endloop
  endfacet
  facet normal -0.9914448613738116 0.13052619222004286 0
    outer loop
      vertex 25.844444369716804 15.655885716173108 1
      vertex 25.844444369716804 15.655885716173108 1.2
      vertex 25.87 15.849999999999998 1
    endloop
  endfacet
  facet normal -0.9914448613738116 -0.1305261922200417 0
    outer loop
      vertex 25.87 15.849999999999998 1
      vertex 25.87 15.849999999999998 1.2
      vertex 25.844444369716804 16.04411428382689 1
    endloop
  endfacet
  facet normal 0.13052619222005063 0.9914448613738106 0
    outer loop
      vertex 25.12 15.099999999999998 1
      vertex 24.92588571617311 15.125555630283197 1.2
      vertex 25.12 15.099999999999998 1.2
    endloop
  endfacet
  facet normal 0.38268343236511587 0.9238795325112759 0
    outer loop
      vertex 24.92588571617311 15.125555630283197 1
      vertex 24.913381842445812 15.130734904363244 1.2
      vertex 24.92588571617311 15.125555630283197 1.2
    endloop
  endfacet
  facet normal -0.13052619222005063 0.9914448613738106 0
    outer loop
      vertex 25.314114283826893 15.125555630283197 1
      vertex 25.12 15.099999999999998 1.2
      vertex 25.314114283826893 15.125555630283197 1.2
    endloop
  endfacet
  facet normal 0.7933533402912382 0.6087614290087165 3.846700524325316e-20
    outer loop
      vertex 24.58966991411009 15.319669914110086 1
      vertex 24.470480947161672 15.474999999999998 1
      vertex 24.470480947161672 15.474999999999998 1.6
    endloop
  endfacet
  facet normal 0.6087614290087165 0.7933533402912382 3.846700524325316e-20
    outer loop
      vertex 24.745 15.200480947161669 1
      vertex 24.58966991411009 15.319669914110086 1
      vertex 24.58966991411009 15.319669914110086 1.6
    endloop
  endfacet
  facet normal 0.923879532511284 0.38268343236509633 7.092142025945204e-19
    outer loop
      vertex 24.470480947161672 15.474999999999998 1
      vertex 24.395555630283198 15.655885716173108 1
      vertex 24.395555630283198 15.655885716173108 1.6
    endloop
  endfacet
  facet normal 0.9914448613738116 0.1305261922200429 0
    outer loop
      vertex 24.37 15.849999999999998 1
      vertex 24.37 15.849999999999998 1.6
      vertex 24.395555630283198 15.655885716173108 1
    endloop
  endfacet
  facet normal -0.38268343236509184 0.9238795325112859 0
    outer loop
      vertex 25.495 15.200480947161669 1
      vertex 25.314114283826893 15.125555630283197 1.2
      vertex 25.495 15.200480947161669 1.2
    endloop
  endfacet
  facet normal -0.6087614290087165 0.7933533402912384 0
    outer loop
      vertex 25.650330085889912 15.319669914110086 1
      vertex 25.495 15.200480947161669 1.2
      vertex 25.650330085889912 15.319669914110086 1.2
    endloop
  endfacet
  facet normal -0.7933533402912384 0.6087614290087165 0
    outer loop
      vertex 25.76951905283833 15.474999999999998 1
      vertex 25.650330085889912 15.319669914110086 1.2
      vertex 25.76951905283833 15.474999999999998 1.2
    endloop
  endfacet
  facet normal -0.923879532511284 0.3826834323650964 0
    outer loop
      vertex 25.844444369716804 15.655885716173108 1
      vertex 25.76951905283833 15.474999999999998 1.2
      vertex 25.844444369716804 15.655885716173108 1.2
    endloop
  endfacet
  facet normal -0.9914448613738116 0.13052619222004286 0
    outer loop
      vertex 25.87 15.849999999999998 1
      vertex 25.844444369716804 15.655885716173108 1.2
      vertex 25.87 15.849999999999998 1.2
    endloop
  endfacet
  facet normal 0 0 1
    outer loop
      vertex 24.395555630283198 15.655885716173108 1
      vertex 24.470480947161672 16.224999999999998 1
      vertex 24.395555630283198 16.04411428382689 1
    endloop
  endfacet
  facet normal 0 0 1
    outer loop
      vertex 24.470480947161672 15.474999999999998 1
      vertex 24.58966991411009 16.38033008588991 1
      vertex 24.470480947161672 16.224999999999998 1
    endloop
  endfacet
  facet normal 0 0 1
    outer loop
      vertex 24.58966991411009 15.319669914110086 1
      vertex 24.745 16.499519052838327 1
      vertex 24.58966991411009 16.38033008588991 1
    endloop
  endfacet
  facet normal 0 0 1
    outer loop
      vertex 24.745 15.200480947161669 1
      vertex 24.92588571617311 16.5744443697168 1
      vertex 24.745 16.499519052838327 1
    endloop
  endfacet
  facet normal 0 0 1
    outer loop
      vertex 24.92588571617311 15.125555630283197 1
      vertex 25.12 16.599999999999998 1
      vertex 24.92588571617311 16.5744443697168 1
    endloop
  endfacet
  facet normal 0 0 1
    outer loop
      vertex 25.12 15.099999999999998 1
      vertex 25.314114283826893 16.5744443697168 1
      vertex 25.12 16.599999999999998 1
    endloop
  endfacet
  facet normal 0 0 1
    outer loop
      vertex 25.314114283826893 15.125555630283197 1
      vertex 25.495 16.499519052838327 1
      vertex 25.314114283826893 16.5744443697168 1
    endloop
  endfacet
  facet normal 0 0 1
    outer loop
      vertex 25.495 15.200480947161669 1
      vertex 25.650330085889912 16.38033008588991 1
      vertex 25.495 16.499519052838327 1
    endloop
  endfacet
  facet normal 0 0 1
    outer loop
      vertex 25.650330085889912 15.319669914110086 1
      vertex 25.76951905283833 16.224999999999998 1
      vertex 25.650330085889912 16.38033008588991 1
    endloop
  endfacet
  facet normal -0.9238795325112826 -0.3826834323650996 0
    outer loop
      vertex 25.844444369716804 16.04411428382689 1
      vertex 25.844444369716804 16.04411428382689 1.2
      vertex 25.76951905283833 16.224999999999998 1
    endloop
  endfacet
  facet normal -0.7933533402912384 -0.6087614290087165 0
    outer loop
      vertex 25.76951905283833 16.224999999999998 1
      vertex 25.76951905283833 16.224999999999998 1.2
      vertex 25.650330085889912 16.38033008588991 1
    endloop
  endfacet
  facet normal -0.6087614290087165 -0.7933533402912384 0
    outer loop
      vertex 25.650330085889912 16.38033008588991 1
      vertex 25.650330085889912 16.38033008588991 1.2
      vertex 25.495 16.499519052838327 1
    endloop
  endfacet
  facet normal -0.3826834323650996 -0.9238795325112826 -1.0120437279436984e-17
    outer loop
      vertex 25.314114283826893 16.5744443697168 1
      vertex 25.495 16.499519052838327 1
      vertex 25.495 16.499519052838327 1.2
    endloop
  endfacet
  facet normal 0.9914448613738117 -0.13052619222004172 5.3155762955868156e-20
    outer loop
      vertex 24.37 15.849999999999998 1
      vertex 24.395555630283198 16.04411428382689 1
      vertex 24.395555630283198 16.04411428382689 1.6
    endloop
  endfacet
  facet normal 0.9238795325112827 -0.3826834323650996 3.37347909314566e-18
    outer loop
      vertex 24.395555630283198 16.04411428382689 1
      vertex 24.470480947161672 16.224999999999998 1
      vertex 24.470480947161672 16.224999999999998 1.6
    endloop
  endfacet
  facet normal 0.7933533402912382 -0.6087614290087165 -3.846700524325316e-20
    outer loop
      vertex 24.470480947161672 16.224999999999998 1
      vertex 24.58966991411009 16.38033008588991 1
      vertex 24.58966991411009 16.38033008588991 1.6
    endloop
  endfacet
  facet normal -0.3826834323650901 -0.9238795325112865 -1.0091900196634828e-14
    outer loop
      vertex 25.314114283826893 16.5744443697168 1
      vertex 25.495 16.499519052838327 1.2
      vertex 25.32661815755419 16.56926509563675 1.2
    endloop
  endfacet
  facet normal 0.6087614290087165 -0.7933533402912382 -3.846700524325316e-20
    outer loop
      vertex 24.58966991411009 16.38033008588991 1
      vertex 24.745 16.499519052838327 1
      vertex 24.745 16.499519052838327 1.6
    endloop
  endfacet
  facet normal 0.3826834323650996 -0.9238795325112827 3.37347909314566e-18
    outer loop
      vertex 24.745 16.499519052838327 1
      vertex 24.92588571617311 16.5744443697168 1
      vertex 24.92588571617311 16.5744443697168 1.6
    endloop
  endfacet
  facet normal 0.13052619222004172 -0.9914448613738117 5.3155762955868156e-20
    outer loop
      vertex 24.92588571617311 16.5744443697168 1
      vertex 25.12 16.599999999999998 1
      vertex 25.12 16.599999999999998 1.6
    endloop
  endfacet
  facet normal -0.13052619222004172 -0.9914448613738117 -5.3155762955868156e-20
    outer loop
      vertex 25.12 16.599999999999998 1
      vertex 25.314114283826893 16.5744443697168 1
      vertex 25.314114283826893 16.5744443697168 1.6
    endloop
  endfacet
  facet normal -0.9914448613738116 -0.1305261922200417 0
    outer loop
      vertex 25.844444369716804 16.04411428382689 1
      vertex 25.87 15.849999999999998 1.2
      vertex 25.844444369716804 16.04411428382689 1.2
    endloop
  endfacet
  facet normal -0.9238795325112826 -0.3826834323650996 0
    outer loop
      vertex 25.76951905283833 16.224999999999998 1
      vertex 25.844444369716804 16.04411428382689 1.2
      vertex 25.76951905283833 16.224999999999998 1.2
    endloop
  endfacet
  facet normal -0.7933533402912384 -0.6087614290087165 0
    outer loop
      vertex 25.650330085889912 16.38033008588991 1
      vertex 25.76951905283833 16.224999999999998 1.2
      vertex 25.650330085889912 16.38033008588991 1.2
    endloop
  endfacet
  facet normal -0.6087614290087165 -0.7933533402912384 0
    outer loop
      vertex 25.495 16.499519052838327 1
      vertex 25.650330085889912 16.38033008588991 1.2
      vertex 25.495 16.499519052838327 1.2
    endloop
  endfacet
  facet normal 0.38268343236509006 0.9238795325112866 0
    outer loop
      vertex 24.745 15.200480947161669 1
      vertex 24.745 15.200480947161669 1.6
      vertex 24.913381842445812 15.130734904363244 1.2
    endloop
  endfacet
  facet normal 0.7933533402912382 0.6087614290087165 0
    outer loop
      vertex 24.58966991411009 15.319669914110086 1
      vertex 24.470480947161672 15.474999999999998 1.6
      vertex 24.58966991411009 15.319669914110086 1.6
    endloop
  endfacet
  facet normal 0.6087614290087165 0.7933533402912382 0
    outer loop
      vertex 24.745 15.200480947161669 1
      vertex 24.58966991411009 15.319669914110086 1.6
      vertex 24.745 15.200480947161669 1.6
    endloop
  endfacet
  facet normal 0.3826834323650901 0.9238795325112866 0
    outer loop
      vertex 24.913381842445812 15.130734904363244 1.2
      vertex 24.745 15.200480947161669 1.6
      vertex 24.913381842445812 15.130734904363244 1.6
    endloop
  endfacet
  facet normal 0.923879532511284 0.38268343236509633 0
    outer loop
      vertex 24.470480947161672 15.474999999999998 1
      vertex 24.395555630283198 15.655885716173108 1.6
      vertex 24.470480947161672 15.474999999999998 1.6
    endloop
  endfacet
  facet normal 0.9914448613738116 0.1305261922200429 0
    outer loop
      vertex 24.395555630283198 15.655885716173108 1
      vertex 24.37 15.849999999999998 1.6
      vertex 24.395555630283198 15.655885716173108 1.6
    endloop
  endfacet
  facet normal 0.9914448613738117 -0.13052619222004172 0
    outer loop
      vertex 24.37 15.849999999999998 1
      vertex 24.395555630283198 16.04411428382689 1.6
      vertex 24.37 15.849999999999998 1.6
    endloop
  endfacet
  facet normal -0.3826834323652278 -0.9238795325112295 0
    outer loop
      vertex 25.314114283826893 16.5744443697168 1
      vertex 25.32661815755419 16.56926509563675 1.2
      vertex 25.314114283826893 16.5744443697168 1.6
    endloop
  endfacet
  facet normal 0.9238795325112827 -0.3826834323650996 0
    outer loop
      vertex 24.395555630283198 16.04411428382689 1
      vertex 24.470480947161672 16.224999999999998 1.6
      vertex 24.395555630283198 16.04411428382689 1.6
    endloop
  endfacet
  facet normal 0.7933533402912382 -0.6087614290087165 0
    outer loop
      vertex 24.470480947161672 16.224999999999998 1
      vertex 24.58966991411009 16.38033008588991 1.6
      vertex 24.470480947161672 16.224999999999998 1.6
    endloop
  endfacet
  facet normal 0.6087614290087165 -0.7933533402912382 0
    outer loop
      vertex 24.58966991411009 16.38033008588991 1
      vertex 24.745 16.499519052838327 1.6
      vertex 24.58966991411009 16.38033008588991 1.6
    endloop
  endfacet
  facet normal 0.3826834323650996 -0.9238795325112827 0
    outer loop
      vertex 24.745 16.499519052838327 1
      vertex 24.92588571617311 16.5744443697168 1.6
      vertex 24.745 16.499519052838327 1.6
    endloop
  endfacet
  facet normal 0.13052619222004172 -0.9914448613738117 0
    outer loop
      vertex 24.92588571617311 16.5744443697168 1
      vertex 25.12 16.599999999999998 1.6
      vertex 24.92588571617311 16.5744443697168 1.6
    endloop
  endfacet
  facet normal -0.13052619222004172 -0.9914448613738117 0
    outer loop
      vertex 25.12 16.599999999999998 1
      vertex 25.314114283826893 16.5744443697168 1.6
      vertex 25.12 16.599999999999998 1.6
    endloop
  endfacet
  facet normal -0.3826834323652279 -0.9238795325112296 0
    outer loop
      vertex 25.32661815755419 16.56926509563675 1.2
      vertex 25.32661815755419 16.56926509563675 1.6
      vertex 25.314114283826893 16.5744443697168 1.6
    endloop
  endfacet
  facet normal 0.3826834323650996 0.9238795325112826 -2.61696429471362e-15
    outer loop
      vertex 24.745 17.740480947161668 1
      vertex 24.91338184244581 17.670734904363243 1.2
      vertex 24.92588571617311 17.665555630283194 1
    endloop
  endfacet
  facet normal 0.1305261922200417 0.9914448613738116 0
    outer loop
      vertex 24.92588571617311 17.665555630283194 1
      vertex 24.92588571617311 17.665555630283194 1.2
      vertex 25.12 17.639999999999997 1
    endloop
  endfacet
  facet normal -0.1305261922200417 0.9914448613738116 0
    outer loop
      vertex 25.12 17.639999999999997 1
      vertex 25.12 17.639999999999997 1.2
      vertex 25.314114283826893 17.665555630283194 1
    endloop
  endfacet
  facet normal -0.3826834323650996 0.9238795325112826 0
    outer loop
      vertex 25.314114283826893 17.665555630283194 1
      vertex 25.314114283826893 17.665555630283194 1.2
      vertex 25.495 17.740480947161668 1
    endloop
  endfacet
  facet normal -0.6087614290087165 0.7933533402912384 0
    outer loop
      vertex 25.495 17.740480947161668 1
      vertex 25.495 17.740480947161668 1.2
      vertex 25.650330085889912 17.859669914110086 1
    endloop
  endfacet
  facet normal 0.382683432365135 0.923879532511268 0
    outer loop
      vertex 24.92588571617311 17.665555630283194 1
      vertex 24.91338184244581 17.670734904363243 1.2
      vertex 24.92588571617311 17.665555630283194 1.2
    endloop
  endfacet
  facet normal 0.1305261922200417 0.9914448613738116 0
    outer loop
      vertex 25.12 17.639999999999997 1
      vertex 24.92588571617311 17.665555630283194 1.2
      vertex 25.12 17.639999999999997 1.2
    endloop
  endfacet
  facet normal -0.1305261922200417 0.9914448613738116 0
    outer loop
      vertex 25.314114283826893 17.665555630283194 1
      vertex 25.12 17.639999999999997 1.2
      vertex 25.314114283826893 17.665555630283194 1.2
    endloop
  endfacet
  facet normal -0.3826834323650996 0.9238795325112826 0
    outer loop
      vertex 25.495 17.740480947161668 1
      vertex 25.314114283826893 17.665555630283194 1.2
      vertex 25.495 17.740480947161668 1.2
    endloop
  endfacet
  facet normal 0 0 1
    outer loop
      vertex 24.58966991411009 17.859669914110086 1
      vertex 24.58966991411009 18.92033008588991 1
      vertex 24.470480947161672 18.014999999999997 1
    endloop
  endfacet
  facet normal 0 0 1
    outer loop
      vertex 24.745 17.740480947161668 1
      vertex 24.745 19.039519052838326 1
      vertex 24.58966991411009 17.859669914110086 1
    endloop
  endfacet
  facet normal 0 0 1
    outer loop
      vertex 24.745 17.740480947161668 1
      vertex 24.92588571617311 17.665555630283194 1
      vertex 24.92588571617311 19.1144443697168 1
    endloop
  endfacet
  facet normal 0 0 1
    outer loop
      vertex 24.92588571617311 17.665555630283194 1
      vertex 25.12 17.639999999999997 1
      vertex 25.12 19.139999999999997 1
    endloop
  endfacet
  facet normal 0 0 1
    outer loop
      vertex 25.12 17.639999999999997 1
      vertex 25.314114283826893 17.665555630283194 1
      vertex 25.314114283826893 19.1144443697168 1
    endloop
  endfacet
  facet normal 0 0 1
    outer loop
      vertex 24.470480947161672 18.014999999999997 1
      vertex 24.470480947161672 18.764999999999997 1
      vertex 24.395555630283198 18.195885716173105 1
    endloop
  endfacet
  facet normal 0 0 1
    outer loop
      vertex 24.37 18.389999999999997 1
      vertex 24.395555630283198 18.195885716173105 1
      vertex 24.395555630283198 18.58411428382689 1
    endloop
  endfacet
  facet normal 0 0 1
    outer loop
      vertex 24.395555630283198 18.195885716173105 1
      vertex 24.470480947161672 18.764999999999997 1
      vertex 24.395555630283198 18.58411428382689 1
    endloop
  endfacet
  facet normal 0 0 1
    outer loop
      vertex 24.470480947161672 18.014999999999997 1
      vertex 24.58966991411009 18.92033008588991 1
      vertex 24.470480947161672 18.764999999999997 1
    endloop
  endfacet
  facet normal 0 0 1
    outer loop
      vertex 24.58966991411009 17.859669914110086 1
      vertex 24.745 19.039519052838326 1
      vertex 24.58966991411009 18.92033008588991 1
    endloop
  endfacet
  facet normal 0 0 1
    outer loop
      vertex 24.745 17.740480947161668 1
      vertex 24.92588571617311 19.1144443697168 1
      vertex 24.745 19.039519052838326 1
    endloop
  endfacet
  facet normal 0 0 1
    outer loop
      vertex 24.92588571617311 17.665555630283194 1
      vertex 25.12 19.139999999999997 1
      vertex 24.92588571617311 19.1144443697168 1
    endloop
  endfacet
  facet normal 0 0 1
    outer loop
      vertex 25.12 17.639999999999997 1
      vertex 25.314114283826893 19.1144443697168 1
      vertex 25.12 19.139999999999997 1
    endloop
  endfacet
  facet normal 0 0 1
    outer loop
      vertex 25.314114283826893 17.665555630283194 1
      vertex 25.495 19.039519052838326 1
      vertex 25.314114283826893 19.1144443697168 1
    endloop
  endfacet
  facet normal 0 0 1
    outer loop
      vertex 25.314114283826893 17.665555630283194 1
      vertex 25.495 17.740480947161668 1
      vertex 25.495 19.039519052838326 1
    endloop
  endfacet
  facet normal 0 0 1
    outer loop
      vertex 25.495 17.740480947161668 1
      vertex 25.650330085889912 17.859669914110086 1
      vertex 25.650330085889912 18.92033008588991 1
    endloop
  endfacet
  facet normal 0 0 1
    outer loop
      vertex 25.650330085889912 17.859669914110086 1
      vertex 25.76951905283833 18.014999999999997 1
      vertex 25.76951905283833 18.764999999999997 1
    endloop
  endfacet
  facet normal 0 0 1
    outer loop
      vertex 25.76951905283833 18.014999999999997 1
      vertex 25.844444369716804 18.195885716173105 1
      vertex 25.844444369716804 18.58411428382689 1
    endloop
  endfacet
  facet normal -0.7933533402912384 0.6087614290087165 0
    outer loop
      vertex 25.650330085889912 17.859669914110086 1
      vertex 25.650330085889912 17.859669914110086 1.2
      vertex 25.76951905283833 18.014999999999997 1
    endloop
  endfacet
  facet normal -0.9238795325112826 0.3826834323650996 0
    outer loop
      vertex 25.76951905283833 18.014999999999997 1
      vertex 25.76951905283833 18.014999999999997 1.2
      vertex 25.844444369716804 18.195885716173105 1
    endloop
  endfacet
  facet normal -0.9914448613738116 0.1305261922200417 0
    outer loop
      vertex 25.844444369716804 18.195885716173105 1
      vertex 25.844444369716804 18.195885716173105 1.2
      vertex 25.87 18.389999999999997 1
    endloop
  endfacet
  facet normal 0 0 1
    outer loop
      vertex 25.844444369716804 18.195885716173105 1
      vertex 25.87 18.389999999999997 1
      vertex 25.844444369716804 18.58411428382689 1
    endloop
  endfacet
  facet normal 0 0 1
    outer loop
      vertex 25.650330085889912 17.859669914110086 1
      vertex 25.76951905283833 18.764999999999997 1
      vertex 25.650330085889912 18.92033008588991 1
    endloop
  endfacet
  facet normal 0 0 1
    outer loop
      vertex 25.76951905283833 18.014999999999997 1
      vertex 25.844444369716804 18.58411428382689 1
      vertex 25.76951905283833 18.764999999999997 1
    endloop
  endfacet
  facet normal 0 0 1
    outer loop
      vertex 25.495 17.740480947161668 1
      vertex 25.650330085889912 18.92033008588991 1
      vertex 25.495 19.039519052838326 1
    endloop
  endfacet
  facet normal -0.9914448613738116 -0.1305261922200417 0
    outer loop
      vertex 25.87 18.389999999999997 1
      vertex 25.87 18.389999999999997 1.2
      vertex 25.844444369716804 18.58411428382689 1
    endloop
  endfacet
  facet normal -0.9238795325112826 -0.3826834323650996 0
    outer loop
      vertex 25.844444369716804 18.58411428382689 1
      vertex 25.844444369716804 18.58411428382689 1.2
      vertex 25.76951905283833 18.764999999999997 1
    endloop
  endfacet
  facet normal 0.7933533402912382 0.6087614290087165 3.846700524325316e-20
    outer loop
      vertex 24.58966991411009 17.859669914110086 1
      vertex 24.470480947161672 18.014999999999997 1
      vertex 24.470480947161672 18.014999999999997 1.6
    endloop
  endfacet
  facet normal 0.6087614290087165 0.7933533402912382 3.846700524325316e-20
    outer loop
      vertex 24.745 17.740480947161668 1
      vertex 24.58966991411009 17.859669914110086 1
      vertex 24.58966991411009 17.859669914110086 1.6
    endloop
  endfacet
  facet normal 0.9238795325112827 0.3826834323650996 -3.37347909314566e-18
    outer loop
      vertex 24.470480947161672 18.014999999999997 1
      vertex 24.395555630283198 18.195885716173105 1
      vertex 24.395555630283198 18.195885716173105 1.6
    endloop
  endfacet
  facet normal 0.9914448613738117 0.13052619222004172 0
    outer loop
      vertex 24.37 18.389999999999997 1
      vertex 24.37 18.389999999999997 1.6
      vertex 24.395555630283198 18.195885716173105 1
    endloop
  endfacet
  facet normal 0.9914448613738117 -0.13052619222004172 5.3155762955868156e-20
    outer loop
      vertex 24.37 18.389999999999997 1
      vertex 24.395555630283198 18.58411428382689 1
      vertex 24.395555630283198 18.58411428382689 1.6
    endloop
  endfacet
  facet normal 0.9238795325112827 -0.3826834323650996 3.37347909314566e-18
    outer loop
      vertex 24.395555630283198 18.58411428382689 1
      vertex 24.470480947161672 18.764999999999997 1
      vertex 24.470480947161672 18.764999999999997 1.6
    endloop
  endfacet
  facet normal -0.6087614290087165 0.7933533402912384 0
    outer loop
      vertex 25.650330085889912 17.859669914110086 1
      vertex 25.495 17.740480947161668 1.2
      vertex 25.650330085889912 17.859669914110086 1.2
    endloop
  endfacet
  facet normal -0.7933533402912384 0.6087614290087165 0
    outer loop
      vertex 25.76951905283833 18.014999999999997 1
      vertex 25.650330085889912 17.859669914110086 1.2
      vertex 25.76951905283833 18.014999999999997 1.2
    endloop
  endfacet
  facet normal -0.9238795325112826 0.3826834323650996 0
    outer loop
      vertex 25.844444369716804 18.195885716173105 1
      vertex 25.76951905283833 18.014999999999997 1.2
      vertex 25.844444369716804 18.195885716173105 1.2
    endloop
  endfacet
  facet normal -0.9914448613738116 0.1305261922200417 0
    outer loop
      vertex 25.87 18.389999999999997 1
      vertex 25.844444369716804 18.195885716173105 1.2
      vertex 25.87 18.389999999999997 1.2
    endloop
  endfacet
  facet normal -0.9914448613738116 -0.1305261922200417 0
    outer loop
      vertex 25.844444369716804 18.58411428382689 1
      vertex 25.87 18.389999999999997 1.2
      vertex 25.844444369716804 18.58411428382689 1.2
    endloop
  endfacet
  facet normal -0.9238795325112826 -0.3826834323650996 0
    outer loop
      vertex 25.76951905283833 18.764999999999997 1
      vertex 25.844444369716804 18.58411428382689 1.2
      vertex 25.76951905283833 18.764999999999997 1.2
    endloop
  endfacet
  facet normal 0.38268343236509694 0.9238795325112839 0
    outer loop
      vertex 24.745 17.740480947161668 1
      vertex 24.745 17.740480947161668 1.6
      vertex 24.91338184244581 17.670734904363243 1.2
    endloop
  endfacet
  facet normal 0.6087614290087165 0.7933533402912382 0
    outer loop
      vertex 24.745 17.740480947161668 1
      vertex 24.58966991411009 17.859669914110086 1.6
      vertex 24.745 17.740480947161668 1.6
    endloop
  endfacet
  facet normal 0.38268343236509694 0.9238795325112837 0
    outer loop
      vertex 24.91338184244581 17.670734904363243 1.2
      vertex 24.745 17.740480947161668 1.6
      vertex 24.91338184244581 17.670734904363243 1.6
    endloop
  endfacet
  facet normal 0.7933533402912382 0.6087614290087165 0
    outer loop
      vertex 24.58966991411009 17.859669914110086 1
      vertex 24.470480947161672 18.014999999999997 1.6
      vertex 24.58966991411009 17.859669914110086 1.6
    endloop
  endfacet
  facet normal 0.9238795325112827 0.3826834323650996 0
    outer loop
      vertex 24.470480947161672 18.014999999999997 1
      vertex 24.395555630283198 18.195885716173105 1.6
      vertex 24.470480947161672 18.014999999999997 1.6
    endloop
  endfacet
  facet normal 0.9914448613738117 0.13052619222004172 0
    outer loop
      vertex 24.395555630283198 18.195885716173105 1
      vertex 24.37 18.389999999999997 1.6
      vertex 24.395555630283198 18.195885716173105 1.6
    endloop
  endfacet
  facet normal 0.9914448613738117 -0.13052619222004172 0
    outer loop
      vertex 24.37 18.389999999999997 1
      vertex 24.395555630283198 18.58411428382689 1.6
      vertex 24.37 18.389999999999997 1.6
    endloop
  endfacet
  facet normal 0.9238795325112827 -0.3826834323650996 0
    outer loop
      vertex 24.395555630283198 18.58411428382689 1
      vertex 24.470480947161672 18.764999999999997 1.6
      vertex 24.395555630283198 18.58411428382689 1.6
    endloop
  endfacet
  facet normal -0.6087614290087165 -0.7933533402912384 0
    outer loop
      vertex 25.650330085889912 18.92033008588991 1
      vertex 25.650330085889912 18.92033008588991 1.2
      vertex 25.495 19.039519052838326 1
    endloop
  endfacet
  facet normal -0.7933533402912384 -0.6087614290087165 0
    outer loop
      vertex 25.76951905283833 18.764999999999997 1
      vertex 25.76951905283833 18.764999999999997 1.2
      vertex 25.650330085889912 18.92033008588991 1
    endloop
  endfacet
  facet normal -0.3826834323650996 -0.9238795325112826 -1.0120437279436984e-17
    outer loop
      vertex 25.314114283826893 19.1144443697168 1
      vertex 25.495 19.039519052838326 1
      vertex 25.495 19.039519052838326 1.2
    endloop
  endfacet
  facet normal -0.38268343236510677 -0.9238795325112796 7.538191648808687e-15
    outer loop
      vertex 25.314114283826893 19.1144443697168 1
      vertex 25.495 19.039519052838326 1.2
      vertex 25.32661815755419 19.109265095636754 1.2
    endloop
  endfacet
  facet normal 0.7933533402912382 -0.6087614290087165 -3.846700524325316e-20
    outer loop
      vertex 24.470480947161672 18.764999999999997 1
      vertex 24.58966991411009 18.92033008588991 1
      vertex 24.58966991411009 18.92033008588991 1.6
    endloop
  endfacet
  facet normal 0.6087614290087165 -0.7933533402912382 -3.846700524325316e-20
    outer loop
      vertex 24.58966991411009 18.92033008588991 1
      vertex 24.745 19.039519052838326 1
      vertex 24.745 19.039519052838326 1.6
    endloop
  endfacet
  facet normal 0.3826834323650996 -0.9238795325112827 3.37347909314566e-18
    outer loop
      vertex 24.745 19.039519052838326 1
      vertex 24.92588571617311 19.1144443697168 1
      vertex 24.92588571617311 19.1144443697168 1.6
    endloop
  endfacet
  facet normal 0.13052619222004172 -0.9914448613738117 5.3155762955868156e-20
    outer loop
      vertex 24.92588571617311 19.1144443697168 1
      vertex 25.12 19.139999999999997 1
      vertex 25.12 19.139999999999997 1.6
    endloop
  endfacet
  facet normal -0.13052619222004172 -0.9914448613738117 -5.3155762955868156e-20
    outer loop
      vertex 25.12 19.139999999999997 1
      vertex 25.314114283826893 19.1144443697168 1
      vertex 25.314114283826893 19.1144443697168 1.6
    endloop
  endfacet
  facet normal -0.7933533402912384 -0.6087614290087165 0
    outer loop
      vertex 25.650330085889912 18.92033008588991 1
      vertex 25.76951905283833 18.764999999999997 1.2
      vertex 25.650330085889912 18.92033008588991 1.2
    endloop
  endfacet
  facet normal -0.6087614290087165 -0.7933533402912384 0
    outer loop
      vertex 25.495 19.039519052838326 1
      vertex 25.650330085889912 18.92033008588991 1.2
      vertex 25.495 19.039519052838326 1.2
    endloop
  endfacet
  facet normal -0.38268343236500374 -0.9238795325113223 0
    outer loop
      vertex 25.314114283826893 19.1144443697168 1
      vertex 25.32661815755419 19.109265095636754 1.2
      vertex 25.314114283826893 19.1144443697168 1.6
    endloop
  endfacet
  facet normal 0.7933533402912382 -0.6087614290087165 0
    outer loop
      vertex 24.470480947161672 18.764999999999997 1
      vertex 24.58966991411009 18.92033008588991 1.6
      vertex 24.470480947161672 18.764999999999997 1.6
    endloop
  endfacet
  facet normal 0.6087614290087165 -0.7933533402912382 0
    outer loop
      vertex 24.58966991411009 18.92033008588991 1
      vertex 24.745 19.039519052838326 1.6
      vertex 24.58966991411009 18.92033008588991 1.6
    endloop
  endfacet
  facet normal 0.3826834323650996 -0.9238795325112827 0
    outer loop
      vertex 24.745 19.039519052838326 1
      vertex 24.92588571617311 19.1144443697168 1.6
      vertex 24.745 19.039519052838326 1.6
    endloop
  endfacet
  facet normal 0.13052619222004172 -0.9914448613738117 0
    outer loop
      vertex 24.92588571617311 19.1144443697168 1
      vertex 25.12 19.139999999999997 1.6
      vertex 24.92588571617311 19.1144443697168 1.6
    endloop
  endfacet
  facet normal -0.13052619222004172 -0.9914448613738117 0
    outer loop
      vertex 25.12 19.139999999999997 1
      vertex 25.314114283826893 19.1144443697168 1.6
      vertex 25.12 19.139999999999997 1.6
    endloop
  endfacet
  facet normal -0.3826834323650038 -0.9238795325113224 0
    outer loop
      vertex 25.32661815755419 19.109265095636754 1.2
      vertex 25.32661815755419 19.109265095636754 1.6
      vertex 25.314114283826893 19.1144443697168 1.6
    endloop
  endfacet
  facet normal 0.38268343236509184 0.9238795325112859 0
    outer loop
      vertex 39.505 13.50048094716167 1
      vertex 39.505 13.50048094716167 1.2
      vertex 39.68588571617311 13.425555630283197 1
    endloop
  endfacet
  facet normal 0.6087614290087253 0.7933533402912316 4.501368779033574e-18
    outer loop
      vertex 39.505 13.50048094716167 1
      vertex 39.349669914110095 13.619669914110087 1
      vertex 39.349669914110095 13.619669914110087 1.2
    endloop
  endfacet
  facet normal 0 0 1
    outer loop
      vertex 39.349669914110095 13.619669914110087 1
      vertex 39.349669914110095 14.68033008588991 1
      vertex 39.230480947161674 13.774999999999999 1
    endloop
  endfacet
  facet normal 0 0 1
    outer loop
      vertex 39.505 13.50048094716167 1
      vertex 39.505 14.799519052838328 1
      vertex 39.349669914110095 13.619669914110087 1
    endloop
  endfacet
  facet normal 0.7933533402912295 0.608761429008728 -5.02419347988089e-18
    outer loop
      vertex 39.349669914110095 13.619669914110087 1
      vertex 39.230480947161674 13.774999999999999 1
      vertex 39.230480947161674 13.774999999999999 1.2
    endloop
  endfacet
  facet normal 0.9238795325112903 0.3826834323650809 -2.206294125003163e-17
    outer loop
      vertex 39.230480947161674 13.774999999999999 1
      vertex 39.1555556302832 13.955885716173109 1
      vertex 39.1555556302832 13.955885716173109 1.2
    endloop
  endfacet
  facet normal 0 0 1
    outer loop
      vertex 39.505 13.50048094716167 1
      vertex 39.68588571617311 13.425555630283197 1
      vertex 39.68588571617311 14.8744443697168 1
    endloop
  endfacet
  facet normal 0 0 1
    outer loop
      vertex 39.68588571617311 13.425555630283197 1
      vertex 39.88 13.399999999999999 1
      vertex 39.88 14.899999999999999 1
    endloop
  endfacet
  facet normal 0 0 1
    outer loop
      vertex 39.88 13.399999999999999 1
      vertex 40.074114283826894 13.425555630283197 1
      vertex 40.074114283826894 14.8744443697168 1
    endloop
  endfacet
  facet normal 0 0 1
    outer loop
      vertex 40.074114283826894 13.425555630283197 1
      vertex 40.255 13.50048094716167 1
      vertex 40.255 14.799519052838328 1
    endloop
  endfacet
  facet normal 0 0 1
    outer loop
      vertex 40.255 13.50048094716167 1
      vertex 40.41033008588991 13.619669914110087 1
      vertex 40.41033008588991 14.68033008588991 1
    endloop
  endfacet
  facet normal 0 0 1
    outer loop
      vertex 40.41033008588991 13.619669914110087 1
      vertex 40.52951905283833 13.774999999999999 1
      vertex 40.52951905283833 14.524999999999999 1
    endloop
  endfacet
  facet normal 0 0 1
    outer loop
      vertex 40.52951905283833 13.774999999999999 1
      vertex 40.6044443697168 13.955885716173109 1
      vertex 40.6044443697168 14.344114283826888 1
    endloop
  endfacet
  facet normal 0.6087614290087253 0.7933533402912316 0
    outer loop
      vertex 39.505 13.50048094716167 1
      vertex 39.349669914110095 13.619669914110087 1.2
      vertex 39.505 13.50048094716167 1.2
    endloop
  endfacet
  facet normal 0.7933533402912295 0.608761429008728 0
    outer loop
      vertex 39.349669914110095 13.619669914110087 1
      vertex 39.230480947161674 13.774999999999999 1.2
      vertex 39.349669914110095 13.619669914110087 1.2
    endloop
  endfacet
  facet normal 0.9238795325112903 0.3826834323650809 0
    outer loop
      vertex 39.230480947161674 13.774999999999999 1
      vertex 39.1555556302832 13.955885716173109 1.2
      vertex 39.230480947161674 13.774999999999999 1.2
    endloop
  endfacet
  facet normal 0.9914448613738093 0.13052619222006073 0
    outer loop
      vertex 39.1555556302832 13.955885716173109 1
      vertex 39.13 14.149999999999999 1.2
      vertex 39.1555556302832 13.955885716173109 1.2
    endloop
  endfacet
  facet normal 0.3826834323650901 0.9238795325112865 -1.886607669087252e-15
    outer loop
      vertex 39.68588571617311 13.425555630283197 1
      vertex 39.505 13.50048094716167 1.2
      vertex 39.673381842445814 13.430734904363245 1.2
    endloop
  endfacet
  facet normal 0.13052619222005066 0.9914448613738106 0
    outer loop
      vertex 39.68588571617311 13.425555630283197 1
      vertex 39.68588571617311 13.425555630283197 1.6
      vertex 39.88 13.399999999999999 1
    endloop
  endfacet
  facet normal -0.13052619222005066 0.9914448613738106 0
    outer loop
      vertex 39.88 13.399999999999999 1
      vertex 39.88 13.399999999999999 1.6
      vertex 40.074114283826894 13.425555630283197 1
    endloop
  endfacet
  facet normal -0.3826834323650919 0.9238795325112859 0
    outer loop
      vertex 40.074114283826894 13.425555630283197 1
      vertex 40.074114283826894 13.425555630283197 1.6
      vertex 40.255 13.50048094716167 1
    endloop
  endfacet
  facet normal -0.6087614290087253 0.7933533402912316 0
    outer loop
      vertex 40.255 13.50048094716167 1
      vertex 40.255 13.50048094716167 1.6
      vertex 40.41033008588991 13.619669914110087 1
    endloop
  endfacet
  facet normal -0.7933533402912295 0.608761429008728 0
    outer loop
      vertex 40.41033008588991 13.619669914110087 1
      vertex 40.41033008588991 13.619669914110087 1.6
      vertex 40.52951905283833 13.774999999999999 1
    endloop
  endfacet
  facet normal -0.9238795325112904 0.3826834323650809 0
    outer loop
      vertex 40.52951905283833 13.774999999999999 1
      vertex 40.52951905283833 13.774999999999999 1.6
      vertex 40.6044443697168 13.955885716173109 1
    endloop
  endfacet
  facet normal -0.9914448613738092 0.13052619222006073 0
    outer loop
      vertex 40.6044443697168 13.955885716173109 1
      vertex 40.6044443697168 13.955885716173109 1.6
      vertex 40.63 14.149999999999999 1
    endloop
  endfacet
  facet normal 0 0 1
    outer loop
      vertex 39.230480947161674 13.774999999999999 1
      vertex 39.230480947161674 14.524999999999999 1
      vertex 39.1555556302832 13.955885716173109 1
    endloop
  endfacet
  facet normal 0 0 1
    outer loop
      vertex 39.1555556302832 13.955885716173109 1
      vertex 39.1555556302832 14.344114283826888 1
      vertex 39.13 14.149999999999999 1
    endloop
  endfacet
  facet normal 0 0 1
    outer loop
      vertex 39.1555556302832 13.955885716173109 1
      vertex 39.230480947161674 14.524999999999999 1
      vertex 39.1555556302832 14.344114283826888 1
    endloop
  endfacet
  facet normal 0 0 1
    outer loop
      vertex 39.230480947161674 13.774999999999999 1
      vertex 39.349669914110095 14.68033008588991 1
      vertex 39.230480947161674 14.524999999999999 1
    endloop
  endfacet
  facet normal 0 0 1
    outer loop
      vertex 39.349669914110095 13.619669914110087 1
      vertex 39.505 14.799519052838328 1
      vertex 39.349669914110095 14.68033008588991 1
    endloop
  endfacet
  facet normal 0 0 1
    outer loop
      vertex 39.505 13.50048094716167 1
      vertex 39.68588571617311 14.8744443697168 1
      vertex 39.505 14.799519052838328 1
    endloop
  endfacet
  facet normal 0.9914448613738093 0.13052619222006073 5.285635545637368e-18
    outer loop
      vertex 39.1555556302832 13.955885716173109 1
      vertex 39.13 14.149999999999999 1
      vertex 39.13 14.149999999999999 1.2
    endloop
  endfacet
  facet normal 0.9914448613738093 -0.13052619222006073 -5.285635545637368e-18
    outer loop
      vertex 39.13 14.149999999999999 1
      vertex 39.1555556302832 14.344114283826888 1
      vertex 39.1555556302832 14.344114283826888 1.2
    endloop
  endfacet
  facet normal 0.9238795325112903 -0.3826834323650809 2.206294125003163e-17
    outer loop
      vertex 39.1555556302832 14.344114283826888 1
      vertex 39.230480947161674 14.524999999999999 1
      vertex 39.230480947161674 14.524999999999999 1.2
    endloop
  endfacet
  facet normal 0.7933533402912295 -0.608761429008728 5.02419347988089e-18
    outer loop
      vertex 39.230480947161674 14.524999999999999 1
      vertex 39.349669914110095 14.68033008588991 1
      vertex 39.349669914110095 14.68033008588991 1.2
    endloop
  endfacet
  facet normal 0.6087614290087253 -0.7933533402912316 -4.501368779033574e-18
    outer loop
      vertex 39.349669914110095 14.68033008588991 1
      vertex 39.505 14.799519052838328 1
      vertex 39.505 14.799519052838328 1.2
    endloop
  endfacet
  facet normal 0 0 1
    outer loop
      vertex 39.68588571617311 13.425555630283197 1
      vertex 39.88 14.899999999999999 1
      vertex 39.68588571617311 14.8744443697168 1
    endloop
  endfacet
  facet normal 0 0 1
    outer loop
      vertex 39.88 13.399999999999999 1
      vertex 40.074114283826894 14.8744443697168 1
      vertex 39.88 14.899999999999999 1
    endloop
  endfacet
  facet normal 0 0 1
    outer loop
      vertex 40.6044443697168 13.955885716173109 1
      vertex 40.63 14.149999999999999 1
      vertex 40.6044443697168 14.344114283826888 1
    endloop
  endfacet
  facet normal 0 0 1
    outer loop
      vertex 40.41033008588991 13.619669914110087 1
      vertex 40.52951905283833 14.524999999999999 1
      vertex 40.41033008588991 14.68033008588991 1
    endloop
  endfacet
  facet normal 0 0 1
    outer loop
      vertex 40.52951905283833 13.774999999999999 1
      vertex 40.6044443697168 14.344114283826888 1
      vertex 40.52951905283833 14.524999999999999 1
    endloop
  endfacet
  facet normal 0 0 1
    outer loop
      vertex 40.074114283826894 13.425555630283197 1
      vertex 40.255 14.799519052838328 1
      vertex 40.074114283826894 14.8744443697168 1
    endloop
  endfacet
  facet normal 0 0 1
    outer loop
      vertex 40.255 13.50048094716167 1
      vertex 40.41033008588991 14.68033008588991 1
      vertex 40.255 14.799519052838328 1
    endloop
  endfacet
  facet normal 0.38268343236509184 -0.9238795325112859 6.534127386830055e-20
    outer loop
      vertex 39.505 14.799519052838328 1
      vertex 39.68588571617311 14.8744443697168 1
      vertex 39.68588571617311 14.8744443697168 1.2
    endloop
  endfacet
  facet normal 0.13052619222005063 -0.9914448613738106 -9.895628716701008e-18
    outer loop
      vertex 39.68588571617311 14.8744443697168 1
      vertex 39.88 14.899999999999999 1
      vertex 39.88 14.899999999999999 1.2
    endloop
  endfacet
  facet normal -0.13052619222005063 -0.9914448613738106 0
    outer loop
      vertex 40.074114283826894 14.8744443697168 1
      vertex 40.074114283826894 14.8744443697168 1.2
      vertex 39.88 14.899999999999999 1
    endloop
  endfacet
  facet normal -0.38268343236509184 -0.9238795325112859 -1.7561943641215776e-15
    outer loop
      vertex 40.074114283826894 14.8744443697168 1
      vertex 40.255 14.799519052838328 1
      vertex 40.08661815755419 14.869265095636752 1.2
    endloop
  endfacet
  facet normal 0.9914448613738093 -0.13052619222006073 0
    outer loop
      vertex 39.13 14.149999999999999 1
      vertex 39.1555556302832 14.344114283826888 1.2
      vertex 39.13 14.149999999999999 1.2
    endloop
  endfacet
  facet normal 0.9238795325112903 -0.3826834323650809 0
    outer loop
      vertex 39.1555556302832 14.344114283826888 1
      vertex 39.230480947161674 14.524999999999999 1.2
      vertex 39.1555556302832 14.344114283826888 1.2
    endloop
  endfacet
  facet normal 0.7933533402912295 -0.608761429008728 0
    outer loop
      vertex 39.230480947161674 14.524999999999999 1
      vertex 39.349669914110095 14.68033008588991 1.2
      vertex 39.230480947161674 14.524999999999999 1.2
    endloop
  endfacet
  facet normal 0.6087614290087253 -0.7933533402912316 0
    outer loop
      vertex 39.349669914110095 14.68033008588991 1
      vertex 39.505 14.799519052838328 1.2
      vertex 39.349669914110095 14.68033008588991 1.2
    endloop
  endfacet
  facet normal 0.38268343236509184 -0.9238795325112859 0
    outer loop
      vertex 39.505 14.799519052838328 1
      vertex 39.68588571617311 14.8744443697168 1.2
      vertex 39.505 14.799519052838328 1.2
    endloop
  endfacet
  facet normal -0.9914448613738092 -0.13052619222006073 1.7618785152124553e-18
    outer loop
      vertex 40.6044443697168 14.344114283826888 1
      vertex 40.63 14.149999999999999 1
      vertex 40.63 14.149999999999999 1.6
    endloop
  endfacet
  facet normal -0.9238795325112904 -0.3826834323650809 0
    outer loop
      vertex 40.6044443697168 14.344114283826888 1
      vertex 40.6044443697168 14.344114283826888 1.6
      vertex 40.52951905283833 14.524999999999999 1
    endloop
  endfacet
  facet normal 0.13052619222005063 -0.9914448613738106 0
    outer loop
      vertex 39.68588571617311 14.8744443697168 1
      vertex 39.88 14.899999999999999 1.2
      vertex 39.68588571617311 14.8744443697168 1.2
    endloop
  endfacet
  facet normal -0.38268343236511587 -0.9238795325112759 0
    outer loop
      vertex 40.074114283826894 14.8744443697168 1
      vertex 40.08661815755419 14.869265095636752 1.2
      vertex 40.074114283826894 14.8744443697168 1.2
    endloop
  endfacet
  facet normal -0.13052619222005063 -0.9914448613738106 0
    outer loop
      vertex 39.88 14.899999999999999 1
      vertex 40.074114283826894 14.8744443697168 1.2
      vertex 39.88 14.899999999999999 1.2
    endloop
  endfacet
  facet normal -0.6087614290087253 -0.7933533402912316 0
    outer loop
      vertex 40.41033008588991 14.68033008588991 1
      vertex 40.41033008588991 14.68033008588991 1.6
      vertex 40.255 14.799519052838328 1
    endloop
  endfacet
  facet normal -0.7933533402912295 -0.608761429008728 0
    outer loop
      vertex 40.52951905283833 14.524999999999999 1
      vertex 40.52951905283833 14.524999999999999 1.6
      vertex 40.41033008588991 14.68033008588991 1
    endloop
  endfacet
  facet normal 0.3826834323651158 0.9238795325112761 0
    outer loop
      vertex 39.68588571617311 13.425555630283197 1
      vertex 39.673381842445814 13.430734904363245 1.2
      vertex 39.68588571617311 13.425555630283197 1.6
    endloop
  endfacet
  facet normal 0.13052619222005066 0.9914448613738106 0
    outer loop
      vertex 39.88 13.399999999999999 1
      vertex 39.68588571617311 13.425555630283197 1.6
      vertex 39.88 13.399999999999999 1.6
    endloop
  endfacet
  facet normal -0.13052619222005066 0.9914448613738106 0
    outer loop
      vertex 40.074114283826894 13.425555630283197 1
      vertex 39.88 13.399999999999999 1.6
      vertex 40.074114283826894 13.425555630283197 1.6
    endloop
  endfacet
  facet normal -0.3826834323650919 0.9238795325112859 0
    outer loop
      vertex 40.255 13.50048094716167 1
      vertex 40.074114283826894 13.425555630283197 1.6
      vertex 40.255 13.50048094716167 1.6
    endloop
  endfacet
  facet normal -0.6087614290087253 0.7933533402912316 0
    outer loop
      vertex 40.41033008588991 13.619669914110087 1
      vertex 40.255 13.50048094716167 1.6
      vertex 40.41033008588991 13.619669914110087 1.6
    endloop
  endfacet
  facet normal 0.3826834323651158 0.9238795325112761 0
    outer loop
      vertex 39.673381842445814 13.430734904363245 1.2
      vertex 39.673381842445814 13.430734904363245 1.6
      vertex 39.68588571617311 13.425555630283197 1.6
    endloop
  endfacet
  facet normal -0.7933533402912295 0.608761429008728 0
    outer loop
      vertex 40.52951905283833 13.774999999999999 1
      vertex 40.41033008588991 13.619669914110087 1.6
      vertex 40.52951905283833 13.774999999999999 1.6
    endloop
  endfacet
  facet normal -0.9238795325112904 0.3826834323650809 0
    outer loop
      vertex 40.6044443697168 13.955885716173109 1
      vertex 40.52951905283833 13.774999999999999 1.6
      vertex 40.6044443697168 13.955885716173109 1.6
    endloop
  endfacet
  facet normal -0.38268343236509006 -0.9238795325112866 0
    outer loop
      vertex 40.255 14.799519052838328 1
      vertex 40.255 14.799519052838328 1.6
      vertex 40.08661815755419 14.869265095636752 1.2
    endloop
  endfacet
  facet normal -0.9914448613738092 0.13052619222006073 0
    outer loop
      vertex 40.63 14.149999999999999 1
      vertex 40.6044443697168 13.955885716173109 1.6
      vertex 40.63 14.149999999999999 1.6
    endloop
  endfacet
  facet normal -0.9914448613738092 -0.13052619222006073 0
    outer loop
      vertex 40.6044443697168 14.344114283826888 1
      vertex 40.63 14.149999999999999 1.6
      vertex 40.6044443697168 14.344114283826888 1.6
    endloop
  endfacet
  facet normal -0.9238795325112904 -0.3826834323650809 0
    outer loop
      vertex 40.52951905283833 14.524999999999999 1
      vertex 40.6044443697168 14.344114283826888 1.6
      vertex 40.52951905283833 14.524999999999999 1.6
    endloop
  endfacet
  facet normal -0.6087614290087253 -0.7933533402912316 0
    outer loop
      vertex 40.255 14.799519052838328 1
      vertex 40.41033008588991 14.68033008588991 1.6
      vertex 40.255 14.799519052838328 1.6
    endloop
  endfacet
  facet normal -0.7933533402912295 -0.608761429008728 0
    outer loop
      vertex 40.41033008588991 14.68033008588991 1
      vertex 40.52951905283833 14.524999999999999 1.6
      vertex 40.41033008588991 14.68033008588991 1.6
    endloop
  endfacet
  facet normal -0.3826834323650901 -0.9238795325112866 0
    outer loop
      vertex 40.08661815755419 14.869265095636752 1.2
      vertex 40.255 14.799519052838328 1.6
      vertex 40.08661815755419 14.869265095636752 1.6
    endloop
  endfacet
  facet normal 0.38268343236509184 0.9238795325112859 0
    outer loop
      vertex 39.505 10.96048094716167 1
      vertex 39.505 10.96048094716167 1.2
      vertex 39.68588571617311 10.885555630283198 1
    endloop
  endfacet
  facet normal 0.7933533402912295 0.608761429008728 -5.02419347988089e-18
    outer loop
      vertex 39.349669914110095 11.079669914110088 1
      vertex 39.230480947161674 11.235 1
      vertex 39.230480947161674 11.235 1.2
    endloop
  endfacet
  facet normal 0.6087614290087253 0.7933533402912316 4.501368779033574e-18
    outer loop
      vertex 39.505 10.96048094716167 1
      vertex 39.349669914110095 11.079669914110088 1
      vertex 39.349669914110095 11.079669914110088 1.2
    endloop
  endfacet
  facet normal 0.6087614290087253 0.7933533402912316 0
    outer loop
      vertex 39.505 10.96048094716167 1
      vertex 39.349669914110095 11.079669914110088 1.2
      vertex 39.505 10.96048094716167 1.2
    endloop
  endfacet
  facet normal 0.7933533402912295 0.608761429008728 0
    outer loop
      vertex 39.349669914110095 11.079669914110088 1
      vertex 39.230480947161674 11.235 1.2
      vertex 39.349669914110095 11.079669914110088 1.2
    endloop
  endfacet
  facet normal 0.3826834323650846 0.9238795325112888 -7.675899162488904e-15
    outer loop
      vertex 39.68588571617311 10.885555630283198 1
      vertex 39.505 10.96048094716167 1.2
      vertex 39.67338184244582 10.890734904363244 1.2
    endloop
  endfacet
  facet normal 0.13052619222005066 0.9914448613738106 0
    outer loop
      vertex 39.68588571617311 10.885555630283198 1
      vertex 39.68588571617311 10.885555630283198 1.6
      vertex 39.88 10.86 1
    endloop
  endfacet
  facet normal -0.13052619222005066 0.9914448613738106 0
    outer loop
      vertex 39.88 10.86 1
      vertex 39.88 10.86 1.6
      vertex 40.074114283826894 10.885555630283198 1
    endloop
  endfacet
  facet normal -0.3826834323650919 0.9238795325112859 0
    outer loop
      vertex 40.074114283826894 10.885555630283198 1
      vertex 40.074114283826894 10.885555630283198 1.6
      vertex 40.255 10.96048094716167 1
    endloop
  endfacet
  facet normal -0.6087614290087253 0.7933533402912316 0
    outer loop
      vertex 40.255 10.96048094716167 1
      vertex 40.255 10.96048094716167 1.6
      vertex 40.41033008588991 11.079669914110088 1
    endloop
  endfacet
  facet normal -0.7933533402912295 0.608761429008728 0
    outer loop
      vertex 40.41033008588991 11.079669914110088 1
      vertex 40.41033008588991 11.079669914110088 1.6
      vertex 40.52951905283833 11.235 1
    endloop
  endfacet
  facet normal 0.38268343236518937 0.9238795325112453 0
    outer loop
      vertex 39.68588571617311 10.885555630283198 1
      vertex 39.67338184244582 10.890734904363244 1.2
      vertex 39.68588571617311 10.885555630283198 1.6
    endloop
  endfacet
  facet normal 0.13052619222005066 0.9914448613738106 0
    outer loop
      vertex 39.88 10.86 1
      vertex 39.68588571617311 10.885555630283198 1.6
      vertex 39.88 10.86 1.6
    endloop
  endfacet
  facet normal -0.13052619222005066 0.9914448613738106 0
    outer loop
      vertex 40.074114283826894 10.885555630283198 1
      vertex 39.88 10.86 1.6
      vertex 40.074114283826894 10.885555630283198 1.6
    endloop
  endfacet
  facet normal -0.3826834323650919 0.9238795325112859 0
    outer loop
      vertex 40.255 10.96048094716167 1
      vertex 40.074114283826894 10.885555630283198 1.6
      vertex 40.255 10.96048094716167 1.6
    endloop
  endfacet
  facet normal -0.6087614290087253 0.7933533402912316 0
    outer loop
      vertex 40.41033008588991 11.079669914110088 1
      vertex 40.255 10.96048094716167 1.6
      vertex 40.41033008588991 11.079669914110088 1.6
    endloop
  endfacet
  facet normal -0.7933533402912295 0.608761429008728 0
    outer loop
      vertex 40.52951905283833 11.235 1
      vertex 40.41033008588991 11.079669914110088 1.6
      vertex 40.52951905283833 11.235 1.6
    endloop
  endfacet
  facet normal 0.38268343236518937 0.9238795325112454 0
    outer loop
      vertex 39.67338184244582 10.890734904363244 1.2
      vertex 39.67338184244582 10.890734904363244 1.6
      vertex 39.68588571617311 10.885555630283198 1.6
    endloop
  endfacet
  facet normal 0 0 1
    outer loop
      vertex 39.505 10.96048094716167 1
      vertex 39.505 12.259519052838328 1
      vertex 39.349669914110095 11.079669914110088 1
    endloop
  endfacet
  facet normal 0 0 1
    outer loop
      vertex 39.230480947161674 11.235 1
      vertex 39.230480947161674 11.985 1
      vertex 39.1555556302832 11.41588571617311 1
    endloop
  endfacet
  facet normal 0 0 1
    outer loop
      vertex 39.349669914110095 11.079669914110088 1
      vertex 39.349669914110095 12.14033008588991 1
      vertex 39.230480947161674 11.235 1
    endloop
  endfacet
  facet normal 0 0 1
    outer loop
      vertex 39.1555556302832 11.41588571617311 1
      vertex 39.1555556302832 11.80411428382689 1
      vertex 39.13 11.61 1
    endloop
  endfacet
  facet normal 0.9238795325112903 0.3826834323650809 -2.206294125003163e-17
    outer loop
      vertex 39.230480947161674 11.235 1
      vertex 39.1555556302832 11.41588571617311 1
      vertex 39.1555556302832 11.41588571617311 1.2
    endloop
  endfacet
  facet normal 0.9914448613738093 0.13052619222006073 5.285635545637368e-18
    outer loop
      vertex 39.1555556302832 11.41588571617311 1
      vertex 39.13 11.61 1
      vertex 39.13 11.61 1.2
    endloop
  endfacet
  facet normal 0 0 1
    outer loop
      vertex 39.1555556302832 11.41588571617311 1
      vertex 39.230480947161674 11.985 1
      vertex 39.1555556302832 11.80411428382689 1
    endloop
  endfacet
  facet normal 0 0 1
    outer loop
      vertex 39.230480947161674 11.235 1
      vertex 39.349669914110095 12.14033008588991 1
      vertex 39.230480947161674 11.985 1
    endloop
  endfacet
  facet normal 0 0 1
    outer loop
      vertex 39.349669914110095 11.079669914110088 1
      vertex 39.505 12.259519052838328 1
      vertex 39.349669914110095 12.14033008588991 1
    endloop
  endfacet
  facet normal 0 0 1
    outer loop
      vertex 39.505 10.96048094716167 1
      vertex 39.68588571617311 12.3344443697168 1
      vertex 39.505 12.259519052838328 1
    endloop
  endfacet
  facet normal 0.9914448613738093 -0.13052619222006073 -5.285635545637368e-18
    outer loop
      vertex 39.13 11.61 1
      vertex 39.1555556302832 11.80411428382689 1
      vertex 39.1555556302832 11.80411428382689 1.2
    endloop
  endfacet
  facet normal 0.9238795325112903 -0.3826834323650809 2.206294125003163e-17
    outer loop
      vertex 39.1555556302832 11.80411428382689 1
      vertex 39.230480947161674 11.985 1
      vertex 39.230480947161674 11.985 1.2
    endloop
  endfacet
  facet normal 0.7933533402912295 -0.608761429008728 5.02419347988089e-18
    outer loop
      vertex 39.230480947161674 11.985 1
      vertex 39.349669914110095 12.14033008588991 1
      vertex 39.349669914110095 12.14033008588991 1.2
    endloop
  endfacet
  facet normal 0 0 1
    outer loop
      vertex 39.505 10.96048094716167 1
      vertex 39.68588571617311 10.885555630283198 1
      vertex 39.68588571617311 12.3344443697168 1
    endloop
  endfacet
  facet normal 0 0 1
    outer loop
      vertex 39.68588571617311 10.885555630283198 1
      vertex 39.88 10.86 1
      vertex 39.88 12.36 1
    endloop
  endfacet
  facet normal 0 0 1
    outer loop
      vertex 39.88 10.86 1
      vertex 40.074114283826894 10.885555630283198 1
      vertex 40.074114283826894 12.3344443697168 1
    endloop
  endfacet
  facet normal 0 0 1
    outer loop
      vertex 40.074114283826894 10.885555630283198 1
      vertex 40.255 10.96048094716167 1
      vertex 40.255 12.259519052838328 1
    endloop
  endfacet
  facet normal 0 0 1
    outer loop
      vertex 40.255 10.96048094716167 1
      vertex 40.41033008588991 11.079669914110088 1
      vertex 40.41033008588991 12.14033008588991 1
    endloop
  endfacet
  facet normal 0 0 1
    outer loop
      vertex 40.41033008588991 11.079669914110088 1
      vertex 40.52951905283833 11.235 1
      vertex 40.52951905283833 11.985 1
    endloop
  endfacet
  facet normal 0 0 1
    outer loop
      vertex 40.52951905283833 11.235 1
      vertex 40.6044443697168 11.41588571617311 1
      vertex 40.6044443697168 11.80411428382689 1
    endloop
  endfacet
  facet normal 0 0 1
    outer loop
      vertex 40.6044443697168 11.41588571617311 1
      vertex 40.63 11.61 1
      vertex 40.6044443697168 11.80411428382689 1
    endloop
  endfacet
  facet normal 0 0 1
    outer loop
      vertex 40.52951905283833 11.235 1
      vertex 40.6044443697168 11.80411428382689 1
      vertex 40.52951905283833 11.985 1
    endloop
  endfacet
  facet normal 0 0 1
    outer loop
      vertex 39.68588571617311 10.885555630283198 1
      vertex 39.88 12.36 1
      vertex 39.68588571617311 12.3344443697168 1
    endloop
  endfacet
  facet normal 0 0 1
    outer loop
      vertex 39.88 10.86 1
      vertex 40.074114283826894 12.3344443697168 1
      vertex 39.88 12.36 1
    endloop
  endfacet
  facet normal 0 0 1
    outer loop
      vertex 40.074114283826894 10.885555630283198 1
      vertex 40.255 12.259519052838328 1
      vertex 40.074114283826894 12.3344443697168 1
    endloop
  endfacet
  facet normal 0 0 1
    outer loop
      vertex 40.255 10.96048094716167 1
      vertex 40.41033008588991 12.14033008588991 1
      vertex 40.255 12.259519052838328 1
    endloop
  endfacet
  facet normal 0 0 1
    outer loop
      vertex 40.41033008588991 11.079669914110088 1
      vertex 40.52951905283833 11.985 1
      vertex 40.41033008588991 12.14033008588991 1
    endloop
  endfacet
  facet normal 0.9238795325112903 0.3826834323650809 0
    outer loop
      vertex 39.230480947161674 11.235 1
      vertex 39.1555556302832 11.41588571617311 1.2
      vertex 39.230480947161674 11.235 1.2
    endloop
  endfacet
  facet normal 0.9914448613738093 0.13052619222006073 0
    outer loop
      vertex 39.1555556302832 11.41588571617311 1
      vertex 39.13 11.61 1.2
      vertex 39.1555556302832 11.41588571617311 1.2
    endloop
  endfacet
  facet normal 0.9914448613738093 -0.13052619222006073 0
    outer loop
      vertex 39.13 11.61 1
      vertex 39.1555556302832 11.80411428382689 1.2
      vertex 39.13 11.61 1.2
    endloop
  endfacet
  facet normal 0.9238795325112903 -0.3826834323650809 0
    outer loop
      vertex 39.1555556302832 11.80411428382689 1
      vertex 39.230480947161674 11.985 1.2
      vertex 39.1555556302832 11.80411428382689 1.2
    endloop
  endfacet
  facet normal 0.7933533402912295 -0.608761429008728 0
    outer loop
      vertex 39.230480947161674 11.985 1
      vertex 39.349669914110095 12.14033008588991 1.2
      vertex 39.230480947161674 11.985 1.2
    endloop
  endfacet
  facet normal 0.6087614290087253 -0.7933533402912316 0
    outer loop
      vertex 39.349669914110095 12.14033008588991 1
      vertex 39.505 12.259519052838328 1.2
      vertex 39.349669914110095 12.14033008588991 1.2
    endloop
  endfacet
  facet normal -0.9238795325112904 0.3826834323650809 0
    outer loop
      vertex 40.52951905283833 11.235 1
      vertex 40.52951905283833 11.235 1.6
      vertex 40.6044443697168 11.41588571617311 1
    endloop
  endfacet
  facet normal -0.9914448613738092 0.13052619222006073 0
    outer loop
      vertex 40.6044443697168 11.41588571617311 1
      vertex 40.6044443697168 11.41588571617311 1.6
      vertex 40.63 11.61 1
    endloop
  endfacet
  facet normal -0.9914448613738092 -0.13052619222006073 1.7618785152124553e-18
    outer loop
      vertex 40.6044443697168 11.80411428382689 1
      vertex 40.63 11.61 1
      vertex 40.63 11.61 1.6
    endloop
  endfacet
  facet normal -0.9238795325112904 -0.3826834323650809 0
    outer loop
      vertex 40.6044443697168 11.80411428382689 1
      vertex 40.6044443697168 11.80411428382689 1.6
      vertex 40.52951905283833 11.985 1
    endloop
  endfacet
  facet normal -0.6087614290087253 -0.7933533402912316 0
    outer loop
      vertex 40.41033008588991 12.14033008588991 1
      vertex 40.41033008588991 12.14033008588991 1.6
      vertex 40.255 12.259519052838328 1
    endloop
  endfacet
  facet normal -0.7933533402912295 -0.608761429008728 0
    outer loop
      vertex 40.52951905283833 11.985 1
      vertex 40.52951905283833 11.985 1.6
      vertex 40.41033008588991 12.14033008588991 1
    endloop
  endfacet
  facet normal 0.6087614290087253 -0.7933533402912316 -4.501368779033574e-18
    outer loop
      vertex 39.349669914110095 12.14033008588991 1
      vertex 39.505 12.259519052838328 1
      vertex 39.505 12.259519052838328 1.2
    endloop
  endfacet
  facet normal 0.38268343236509184 -0.9238795325112859 6.534127386830055e-20
    outer loop
      vertex 39.505 12.259519052838328 1
      vertex 39.68588571617311 12.3344443697168 1
      vertex 39.68588571617311 12.3344443697168 1.2
    endloop
  endfacet
  facet normal 0.13052619222005063 -0.9914448613738106 -9.895628716701008e-18
    outer loop
      vertex 39.68588571617311 12.3344443697168 1
      vertex 39.88 12.36 1
      vertex 39.88 12.36 1.2
    endloop
  endfacet
  facet normal -0.13052619222005063 -0.9914448613738106 9.895628716701008e-18
    outer loop
      vertex 39.88 12.36 1
      vertex 40.074114283826894 12.3344443697168 1
      vertex 40.074114283826894 12.3344443697168 1.2
    endloop
  endfacet
  facet normal -0.38268343236509184 -0.9238795325112859 -1.7561943641215776e-15
    outer loop
      vertex 40.074114283826894 12.3344443697168 1
      vertex 40.255 12.259519052838328 1
      vertex 40.08661815755419 12.329265095636753 1.2
    endloop
  endfacet
  facet normal 0.38268343236509184 -0.9238795325112859 0
    outer loop
      vertex 39.505 12.259519052838328 1
      vertex 39.68588571617311 12.3344443697168 1.2
      vertex 39.505 12.259519052838328 1.2
    endloop
  endfacet
  facet normal 0.13052619222005063 -0.9914448613738106 0
    outer loop
      vertex 39.68588571617311 12.3344443697168 1
      vertex 39.88 12.36 1.2
      vertex 39.68588571617311 12.3344443697168 1.2
    endloop
  endfacet
  facet normal -0.13052619222005063 -0.9914448613738106 0
    outer loop
      vertex 39.88 12.36 1
      vertex 40.074114283826894 12.3344443697168 1.2
      vertex 39.88 12.36 1.2
    endloop
  endfacet
  facet normal -0.38268343236511587 -0.9238795325112759 0
    outer loop
      vertex 40.074114283826894 12.3344443697168 1
      vertex 40.08661815755419 12.329265095636753 1.2
      vertex 40.074114283826894 12.3344443697168 1.2
    endloop
  endfacet
  facet normal -0.9238795325112904 0.3826834323650809 0
    outer loop
      vertex 40.6044443697168 11.41588571617311 1
      vertex 40.52951905283833 11.235 1.6
      vertex 40.6044443697168 11.41588571617311 1.6
    endloop
  endfacet
  facet normal -0.9914448613738092 0.13052619222006073 0
    outer loop
      vertex 40.63 11.61 1
      vertex 40.6044443697168 11.41588571617311 1.6
      vertex 40.63 11.61 1.6
    endloop
  endfacet
  facet normal -0.9914448613738092 -0.13052619222006073 0
    outer loop
      vertex 40.6044443697168 11.80411428382689 1
      vertex 40.63 11.61 1.6
      vertex 40.6044443697168 11.80411428382689 1.6
    endloop
  endfacet
  facet normal -0.9238795325112904 -0.3826834323650809 0
    outer loop
      vertex 40.52951905283833 11.985 1
      vertex 40.6044443697168 11.80411428382689 1.6
      vertex 40.52951905283833 11.985 1.6
    endloop
  endfacet
  facet normal -0.7933533402912295 -0.608761429008728 0
    outer loop
      vertex 40.41033008588991 12.14033008588991 1
      vertex 40.52951905283833 11.985 1.6
      vertex 40.41033008588991 12.14033008588991 1.6
    endloop
  endfacet
  facet normal -0.38268343236509006 -0.9238795325112866 0
    outer loop
      vertex 40.255 12.259519052838328 1
      vertex 40.255 12.259519052838328 1.6
      vertex 40.08661815755419 12.329265095636753 1.2
    endloop
  endfacet
  facet normal -0.6087614290087253 -0.7933533402912316 0
    outer loop
      vertex 40.255 12.259519052838328 1
      vertex 40.41033008588991 12.14033008588991 1.6
      vertex 40.255 12.259519052838328 1.6
    endloop
  endfacet
  facet normal -0.3826834323650901 -0.9238795325112866 0
    outer loop
      vertex 40.08661815755419 12.329265095636753 1.2
      vertex 40.255 12.259519052838328 1.6
      vertex 40.08661815755419 12.329265095636753 1.6
    endloop
  endfacet
  facet normal 0.13052619222005957 0.9914448613738094 0
    outer loop
      vertex 24.92588571617311 25.2855556302832 1
      vertex 24.92588571617311 25.2855556302832 1.6
      vertex 25.12 25.259999999999998 1
    endloop
  endfacet
  facet normal -0.13052619222005957 0.9914448613738094 0
    outer loop
      vertex 25.12 25.259999999999998 1
      vertex 25.12 25.259999999999998 1.6
      vertex 25.314114283826893 25.2855556302832 1
    endloop
  endfacet
  facet normal -0.3826834323650841 0.9238795325112892 0
    outer loop
      vertex 25.314114283826893 25.2855556302832 1
      vertex 25.314114283826893 25.2855556302832 1.6
      vertex 25.495 25.36048094716167 1
    endloop
  endfacet
  facet normal 0 0 1
    outer loop
      vertex 24.92588571617311 25.2855556302832 1
      vertex 25.12 25.259999999999998 1
      vertex 25.12 26.759999999999998 1
    endloop
  endfacet
  facet normal 0 0 1
    outer loop
      vertex 25.12 25.259999999999998 1
      vertex 25.314114283826893 25.2855556302832 1
      vertex 25.314114283826893 26.734444369716797 1
    endloop
  endfacet
  facet normal 0 0 1
    outer loop
      vertex 24.58966991411009 25.479669914110087 1
      vertex 24.58966991411009 26.54033008588991 1
      vertex 24.470480947161672 25.634999999999998 1
    endloop
  endfacet
  facet normal 0 0 1
    outer loop
      vertex 24.470480947161672 25.634999999999998 1
      vertex 24.470480947161672 26.384999999999998 1
      vertex 24.395555630283198 25.815885716173106 1
    endloop
  endfacet
  facet normal 0 0 1
    outer loop
      vertex 24.37 26.009999999999998 1
      vertex 24.395555630283198 25.815885716173106 1
      vertex 24.395555630283198 26.20411428382689 1
    endloop
  endfacet
  facet normal 0 0 1
    outer loop
      vertex 24.58966991411009 25.479669914110087 1
      vertex 24.745 25.36048094716167 1
      vertex 24.745 26.659519052838327 1
    endloop
  endfacet
  facet normal 0 0 1
    outer loop
      vertex 24.92588571617311 25.2855556302832 1
      vertex 24.92588571617311 26.734444369716797 1
      vertex 24.745 25.36048094716167 1
    endloop
  endfacet
  facet normal 0 0 1
    outer loop
      vertex 24.395555630283198 25.815885716173106 1
      vertex 24.470480947161672 26.384999999999998 1
      vertex 24.395555630283198 26.20411428382689 1
    endloop
  endfacet
  facet normal 0 0 1
    outer loop
      vertex 24.470480947161672 25.634999999999998 1
      vertex 24.58966991411009 26.54033008588991 1
      vertex 24.470480947161672 26.384999999999998 1
    endloop
  endfacet
  facet normal 0 0 1
    outer loop
      vertex 24.58966991411009 25.479669914110087 1
      vertex 24.745 26.659519052838327 1
      vertex 24.58966991411009 26.54033008588991 1
    endloop
  endfacet
  facet normal 0 0 1
    outer loop
      vertex 25.314114283826893 25.2855556302832 1
      vertex 25.495 26.659519052838327 1
      vertex 25.314114283826893 26.734444369716797 1
    endloop
  endfacet
  facet normal 0 0 1
    outer loop
      vertex 25.314114283826893 25.2855556302832 1
      vertex 25.495 25.36048094716167 1
      vertex 25.495 26.659519052838327 1
    endloop
  endfacet
  facet normal -0.7933533402912384 0.6087614290087165 2.418655432611857e-15
    outer loop
      vertex 25.650330085889912 25.479669914110087 1
      vertex 25.67360317934096 25.509999999999998 1.2
      vertex 25.76951905283833 25.634999999999998 1
    endloop
  endfacet
  facet normal -0.9238795325112826 0.3826834323650996 0
    outer loop
      vertex 25.76951905283833 25.634999999999998 1
      vertex 25.76951905283833 25.634999999999998 1.2
      vertex 25.844444369716804 25.815885716173106 1
    endloop
  endfacet
  facet normal 0 0 1
    outer loop
      vertex 25.495 25.36048094716167 1
      vertex 25.650330085889912 25.479669914110087 1
      vertex 25.650330085889912 26.54033008588991 1
    endloop
  endfacet
  facet normal 0 0 1
    outer loop
      vertex 25.650330085889912 25.479669914110087 1
      vertex 25.76951905283833 25.634999999999998 1
      vertex 25.76951905283833 26.384999999999998 1
    endloop
  endfacet
  facet normal 0 0 1
    outer loop
      vertex 25.76951905283833 25.634999999999998 1
      vertex 25.844444369716804 25.815885716173106 1
      vertex 25.844444369716804 26.20411428382689 1
    endloop
  endfacet
  facet normal 0 0 1
    outer loop
      vertex 25.844444369716804 25.815885716173106 1
      vertex 25.87 26.009999999999998 1
      vertex 25.844444369716804 26.20411428382689 1
    endloop
  endfacet
  facet normal 0 0 1
    outer loop
      vertex 25.495 25.36048094716167 1
      vertex 25.650330085889912 26.54033008588991 1
      vertex 25.495 26.659519052838327 1
    endloop
  endfacet
  facet normal 0 0 1
    outer loop
      vertex 25.76951905283833 25.634999999999998 1
      vertex 25.844444369716804 26.20411428382689 1
      vertex 25.76951905283833 26.384999999999998 1
    endloop
  endfacet
  facet normal 0 0 1
    outer loop
      vertex 25.650330085889912 25.479669914110087 1
      vertex 25.76951905283833 26.384999999999998 1
      vertex 25.650330085889912 26.54033008588991 1
    endloop
  endfacet
  facet normal -0.9914448613738116 0.1305261922200417 0
    outer loop
      vertex 25.844444369716804 25.815885716173106 1
      vertex 25.844444369716804 25.815885716173106 1.2
      vertex 25.87 26.009999999999998 1
    endloop
  endfacet
  facet normal -0.9914448613738116 -0.1305261922200417 0
    outer loop
      vertex 25.87 26.009999999999998 1
      vertex 25.87 26.009999999999998 1.2
      vertex 25.844444369716804 26.20411428382689 1
    endloop
  endfacet
  facet normal 0.3826834323650841 0.9238795325112892 3.32991824390015e-18
    outer loop
      vertex 24.92588571617311 25.2855556302832 1
      vertex 24.745 25.36048094716167 1
      vertex 24.745 25.36048094716167 1.6
    endloop
  endfacet
  facet normal 0.6087614290087165 0.7933533402912382 0
    outer loop
      vertex 24.58966991411009 25.479669914110087 1
      vertex 24.58966991411009 25.479669914110087 1.6
      vertex 24.745 25.36048094716167 1
    endloop
  endfacet
  facet normal 0.7933533402912382 0.6087614290087165 3.846700524325316e-20
    outer loop
      vertex 24.58966991411009 25.479669914110087 1
      vertex 24.470480947161672 25.634999999999998 1
      vertex 24.470480947161672 25.634999999999998 1.6
    endloop
  endfacet
  facet normal 0.9238795325112827 0.3826834323650996 -3.37347909314566e-18
    outer loop
      vertex 24.470480947161672 25.634999999999998 1
      vertex 24.395555630283198 25.815885716173106 1
      vertex 24.395555630283198 25.815885716173106 1.6
    endloop
  endfacet
  facet normal 0.9914448613738117 0.13052619222004172 0
    outer loop
      vertex 24.37 26.009999999999998 1
      vertex 24.37 26.009999999999998 1.6
      vertex 24.395555630283198 25.815885716173106 1
    endloop
  endfacet
  facet normal 0.9914448613738117 -0.13052619222004172 5.3155762955868156e-20
    outer loop
      vertex 24.37 26.009999999999998 1
      vertex 24.395555630283198 26.20411428382689 1
      vertex 24.395555630283198 26.20411428382689 1.6
    endloop
  endfacet
  facet normal -0.79335334029124 0.6087614290087141 0
    outer loop
      vertex 25.76951905283833 25.634999999999998 1
      vertex 25.67360317934096 25.509999999999998 1.2
      vertex 25.76951905283833 25.634999999999998 1.2
    endloop
  endfacet
  facet normal -0.9238795325112826 0.3826834323650996 0
    outer loop
      vertex 25.844444369716804 25.815885716173106 1
      vertex 25.76951905283833 25.634999999999998 1.2
      vertex 25.844444369716804 25.815885716173106 1.2
    endloop
  endfacet
  facet normal -0.6087614290087165 0.7933533402912382 0
    outer loop
      vertex 25.495 25.36048094716167 1
      vertex 25.495 25.36048094716167 1.6
      vertex 25.650330085889912 25.479669914110087 1
    endloop
  endfacet
  facet normal -0.9914448613738116 0.1305261922200417 0
    outer loop
      vertex 25.87 26.009999999999998 1
      vertex 25.844444369716804 25.815885716173106 1.2
      vertex 25.87 26.009999999999998 1.2
    endloop
  endfacet
  facet normal -0.9914448613738116 -0.1305261922200417 0
    outer loop
      vertex 25.844444369716804 26.20411428382689 1
      vertex 25.87 26.009999999999998 1.2
      vertex 25.844444369716804 26.20411428382689 1.2
    endloop
  endfacet
  facet normal 0.3826834323650841 0.9238795325112892 0
    outer loop
      vertex 24.92588571617311 25.2855556302832 1
      vertex 24.745 25.36048094716167 1.6
      vertex 24.92588571617311 25.2855556302832 1.6
    endloop
  endfacet
  facet normal 0.13052619222005957 0.9914448613738094 0
    outer loop
      vertex 25.12 25.259999999999998 1
      vertex 24.92588571617311 25.2855556302832 1.6
      vertex 25.12 25.259999999999998 1.6
    endloop
  endfacet
  facet normal -0.13052619222005957 0.9914448613738094 0
    outer loop
      vertex 25.314114283826893 25.2855556302832 1
      vertex 25.12 25.259999999999998 1.6
      vertex 25.314114283826893 25.2855556302832 1.6
    endloop
  endfacet
  facet normal -0.7933533402912307 0.6087614290087267 0
    outer loop
      vertex 25.650330085889912 25.479669914110087 1
      vertex 25.650330085889912 25.479669914110087 1.6
      vertex 25.67360317934096 25.509999999999998 1.2
    endloop
  endfacet
  facet normal 0.7933533402912382 0.6087614290087165 0
    outer loop
      vertex 24.58966991411009 25.479669914110087 1
      vertex 24.470480947161672 25.634999999999998 1.6
      vertex 24.58966991411009 25.479669914110087 1.6
    endloop
  endfacet
  facet normal 0.6087614290087165 0.7933533402912382 0
    outer loop
      vertex 24.745 25.36048094716167 1
      vertex 24.58966991411009 25.479669914110087 1.6
      vertex 24.745 25.36048094716167 1.6
    endloop
  endfacet
  facet normal 0.9238795325112827 0.3826834323650996 0
    outer loop
      vertex 24.470480947161672 25.634999999999998 1
      vertex 24.395555630283198 25.815885716173106 1.6
      vertex 24.470480947161672 25.634999999999998 1.6
    endloop
  endfacet
  facet normal 0.9914448613738117 0.13052619222004172 0
    outer loop
      vertex 24.395555630283198 25.815885716173106 1
      vertex 24.37 26.009999999999998 1.6
      vertex 24.395555630283198 25.815885716173106 1.6
    endloop
  endfacet
  facet normal 0.9914448613738117 -0.13052619222004172 0
    outer loop
      vertex 24.37 26.009999999999998 1
      vertex 24.395555630283198 26.20411428382689 1.6
      vertex 24.37 26.009999999999998 1.6
    endloop
  endfacet
  facet normal -0.3826834323650841 0.9238795325112892 0
    outer loop
      vertex 25.495 25.36048094716167 1
      vertex 25.314114283826893 25.2855556302832 1.6
      vertex 25.495 25.36048094716167 1.6
    endloop
  endfacet
  facet normal -0.6087614290087165 0.7933533402912382 0
    outer loop
      vertex 25.650330085889912 25.479669914110087 1
      vertex 25.495 25.36048094716167 1.6
      vertex 25.650330085889912 25.479669914110087 1.6
    endloop
  endfacet
  facet normal -0.7933533402912306 0.6087614290087267 0
    outer loop
      vertex 25.67360317934096 25.509999999999998 1.2
      vertex 25.650330085889912 25.479669914110087 1.6
      vertex 25.67360317934096 25.509999999999998 1.6
    endloop
  endfacet
  facet normal 0 0 1
    outer loop
      vertex 24.745 25.36048094716167 1
      vertex 24.92588571617311 26.734444369716797 1
      vertex 24.745 26.659519052838327 1
    endloop
  endfacet
  facet normal 0 0 1
    outer loop
      vertex 24.92588571617311 25.2855556302832 1
      vertex 25.12 26.759999999999998 1
      vertex 24.92588571617311 26.734444369716797 1
    endloop
  endfacet
  facet normal 0 0 1
    outer loop
      vertex 25.12 25.259999999999998 1
      vertex 25.314114283826893 26.734444369716797 1
      vertex 25.12 26.759999999999998 1
    endloop
  endfacet
  facet normal -0.9238795325112826 -0.3826834323650996 0
    outer loop
      vertex 25.844444369716804 26.20411428382689 1
      vertex 25.844444369716804 26.20411428382689 1.2
      vertex 25.76951905283833 26.384999999999998 1
    endloop
  endfacet
  facet normal -0.7933533402912384 -0.6087614290087165 0
    outer loop
      vertex 25.76951905283833 26.384999999999998 1
      vertex 25.76951905283833 26.384999999999998 1.2
      vertex 25.650330085889912 26.54033008588991 1
    endloop
  endfacet
  facet normal 0.9238795325112827 -0.3826834323650996 3.37347909314566e-18
    outer loop
      vertex 24.395555630283198 26.20411428382689 1
      vertex 24.470480947161672 26.384999999999998 1
      vertex 24.470480947161672 26.384999999999998 1.6
    endloop
  endfacet
  facet normal 0.7933533402912382 -0.6087614290087165 -3.846700524325316e-20
    outer loop
      vertex 24.470480947161672 26.384999999999998 1
      vertex 24.58966991411009 26.54033008588991 1
      vertex 24.58966991411009 26.54033008588991 1.6
    endloop
  endfacet
  facet normal 0.6087614290087165 -0.7933533402912382 -3.846700524325316e-20
    outer loop
      vertex 24.58966991411009 26.54033008588991 1
      vertex 24.745 26.659519052838327 1
      vertex 24.745 26.659519052838327 1.6
    endloop
  endfacet
  facet normal 0.3826834323650841 -0.9238795325112892 -3.32991824390015e-18
    outer loop
      vertex 24.745 26.659519052838327 1
      vertex 24.92588571617311 26.734444369716797 1
      vertex 24.92588571617311 26.734444369716797 1.6
    endloop
  endfacet
  facet normal 0.13052619222005957 -0.9914448613738094 7.33221070762369e-19
    outer loop
      vertex 24.92588571617311 26.734444369716797 1
      vertex 25.12 26.759999999999998 1
      vertex 25.12 26.759999999999998 1.6
    endloop
  endfacet
  facet normal -0.13052619222005957 -0.9914448613738094 -7.33221070762369e-19
    outer loop
      vertex 25.12 26.759999999999998 1
      vertex 25.314114283826893 26.734444369716797 1
      vertex 25.314114283826893 26.734444369716797 1.6
    endloop
  endfacet
  facet normal -0.9238795325112826 -0.3826834323650996 0
    outer loop
      vertex 25.76951905283833 26.384999999999998 1
      vertex 25.844444369716804 26.20411428382689 1.2
      vertex 25.76951905283833 26.384999999999998 1.2
    endloop
  endfacet
  facet normal -0.79335334029124 -0.6087614290087141 3.0003654898397523e-15
    outer loop
      vertex 25.650330085889912 26.54033008588991 1
      vertex 25.76951905283833 26.384999999999998 1.2
      vertex 25.67360317934096 26.509999999999998 1.2
    endloop
  endfacet
  facet normal -0.6087614290087165 -0.7933533402912382 3.846700524325316e-20
    outer loop
      vertex 25.495 26.659519052838327 1
      vertex 25.650330085889912 26.54033008588991 1
      vertex 25.650330085889912 26.54033008588991 1.6
    endloop
  endfacet
  facet normal -0.3826834323650841 -0.9238795325112892 3.32991824390015e-18
    outer loop
      vertex 25.314114283826893 26.734444369716797 1
      vertex 25.495 26.659519052838327 1
      vertex 25.495 26.659519052838327 1.6
    endloop
  endfacet
  facet normal -0.7933533402912307 -0.6087614290087267 0
    outer loop
      vertex 25.650330085889912 26.54033008588991 1
      vertex 25.67360317934096 26.509999999999998 1.2
      vertex 25.650330085889912 26.54033008588991 1.6
    endloop
  endfacet
  facet normal 0.9238795325112827 -0.3826834323650996 0
    outer loop
      vertex 24.395555630283198 26.20411428382689 1
      vertex 24.470480947161672 26.384999999999998 1.6
      vertex 24.395555630283198 26.20411428382689 1.6
    endloop
  endfacet
  facet normal 0.7933533402912382 -0.6087614290087165 0
    outer loop
      vertex 24.470480947161672 26.384999999999998 1
      vertex 24.58966991411009 26.54033008588991 1.6
      vertex 24.470480947161672 26.384999999999998 1.6
    endloop
  endfacet
  facet normal 0.6087614290087165 -0.7933533402912382 0
    outer loop
      vertex 24.58966991411009 26.54033008588991 1
      vertex 24.745 26.659519052838327 1.6
      vertex 24.58966991411009 26.54033008588991 1.6
    endloop
  endfacet
  facet normal 0.3826834323650841 -0.9238795325112892 0
    outer loop
      vertex 24.745 26.659519052838327 1
      vertex 24.92588571617311 26.734444369716797 1.6
      vertex 24.745 26.659519052838327 1.6
    endloop
  endfacet
  facet normal -0.3826834323650841 -0.9238795325112892 0
    outer loop
      vertex 25.314114283826893 26.734444369716797 1
      vertex 25.495 26.659519052838327 1.6
      vertex 25.314114283826893 26.734444369716797 1.6
    endloop
  endfacet
  facet normal 0.13052619222005957 -0.9914448613738094 0
    outer loop
      vertex 24.92588571617311 26.734444369716797 1
      vertex 25.12 26.759999999999998 1.6
      vertex 24.92588571617311 26.734444369716797 1.6
    endloop
  endfacet
  facet normal -0.13052619222005957 -0.9914448613738094 0
    outer loop
      vertex 25.12 26.759999999999998 1
      vertex 25.314114283826893 26.734444369716797 1.6
      vertex 25.12 26.759999999999998 1.6
    endloop
  endfacet
  facet normal -0.6087614290087165 -0.7933533402912382 0
    outer loop
      vertex 25.495 26.659519052838327 1
      vertex 25.650330085889912 26.54033008588991 1.6
      vertex 25.495 26.659519052838327 1.6
    endloop
  endfacet
  facet normal -0.7933533402912306 -0.6087614290087267 0
    outer loop
      vertex 25.67360317934096 26.509999999999998 1.2
      vertex 25.67360317934096 26.509999999999998 1.6
      vertex 25.650330085889912 26.54033008588991 1.6
    endloop
  endfacet
  facet normal 0 0 1
    outer loop
      vertex 39.68588571617311 3.265555630283198 1
      vertex 39.88 3.2399999999999993 1
      vertex 39.88 4.739999999999999 1
    endloop
  endfacet
  facet normal 0 0 1
    outer loop
      vertex 39.88 3.2399999999999993 1
      vertex 40.074114283826894 3.265555630283198 1
      vertex 40.074114283826894 4.714444369716801 1
    endloop
  endfacet
  facet normal 0 0 1
    outer loop
      vertex 40.074114283826894 3.265555630283198 1
      vertex 40.255 3.3404809471616703 1
      vertex 40.255 4.639519052838328 1
    endloop
  endfacet
  facet normal -0.7933533402912278 0.6087614290087302 -1.2246311905669847e-14
    outer loop
      vertex 40.41033008588991 3.459669914110089 1
      vertex 40.433603179340956 3.4899999999999993 1.2
      vertex 40.52951905283833 3.6149999999999993 1
    endloop
  endfacet
  facet normal -0.9238795325112896 0.3826834323650825 0
    outer loop
      vertex 40.52951905283833 3.6149999999999993 1
      vertex 40.52951905283833 3.6149999999999993 1.2
      vertex 40.6044443697168 3.7958857161731085 1
    endloop
  endfacet
  facet normal 0.3826834323650919 0.9238795325112859 0
    outer loop
      vertex 39.505 3.3404809471616703 1
      vertex 39.505 3.3404809471616703 1.6
      vertex 39.68588571617311 3.265555630283198 1
    endloop
  endfacet
  facet normal 0.6087614290087282 0.7933533402912294 0
    outer loop
      vertex 39.349669914110095 3.459669914110089 1
      vertex 39.349669914110095 3.459669914110089 1.6
      vertex 39.505 3.3404809471616703 1
    endloop
  endfacet
  facet normal 0.793353340291228 0.6087614290087302 1.3457691443379643e-17
    outer loop
      vertex 39.349669914110095 3.459669914110089 1
      vertex 39.230480947161674 3.6149999999999993 1
      vertex 39.230480947161674 3.6149999999999993 1.6
    endloop
  endfacet
  facet normal 0.9238795325112898 0.38268343236508257 -2.012197753055218e-18
    outer loop
      vertex 39.230480947161674 3.6149999999999993 1
      vertex 39.1555556302832 3.7958857161731085 1
      vertex 39.1555556302832 3.7958857161731085 1.6
    endloop
  endfacet
  facet normal 0.13052619222005066 0.9914448613738106 0
    outer loop
      vertex 39.68588571617311 3.265555630283198 1
      vertex 39.68588571617311 3.265555630283198 1.6
      vertex 39.88 3.2399999999999993 1
    endloop
  endfacet
  facet normal -0.13052619222005066 0.9914448613738106 0
    outer loop
      vertex 39.88 3.2399999999999993 1
      vertex 39.88 3.2399999999999993 1.6
      vertex 40.074114283826894 3.265555630283198 1
    endloop
  endfacet
  facet normal -0.7933533402912184 0.6087614290087426 0
    outer loop
      vertex 40.52951905283833 3.6149999999999993 1
      vertex 40.433603179340956 3.4899999999999993 1.2
      vertex 40.52951905283833 3.6149999999999993 1.2
    endloop
  endfacet
  facet normal -0.9238795325112896 0.3826834323650825 0
    outer loop
      vertex 40.6044443697168 3.7958857161731085 1
      vertex 40.52951905283833 3.6149999999999993 1.2
      vertex 40.6044443697168 3.7958857161731085 1.2
    endloop
  endfacet
  facet normal -0.3826834323650919 0.9238795325112859 0
    outer loop
      vertex 40.074114283826894 3.265555630283198 1
      vertex 40.074114283826894 3.265555630283198 1.6
      vertex 40.255 3.3404809471616703 1
    endloop
  endfacet
  facet normal -0.6087614290087282 0.7933533402912294 0
    outer loop
      vertex 40.255 3.3404809471616703 1
      vertex 40.255 3.3404809471616703 1.6
      vertex 40.41033008588991 3.459669914110089 1
    endloop
  endfacet
  facet normal -0.7933533402912668 0.6087614290086794 0
    outer loop
      vertex 40.41033008588991 3.459669914110089 1
      vertex 40.41033008588991 3.459669914110089 1.6
      vertex 40.433603179340956 3.4899999999999993 1.2
    endloop
  endfacet
  facet normal 0.793353340291228 0.6087614290087302 0
    outer loop
      vertex 39.349669914110095 3.459669914110089 1
      vertex 39.230480947161674 3.6149999999999993 1.6
      vertex 39.349669914110095 3.459669914110089 1.6
    endloop
  endfacet
  facet normal 0.6087614290087282 0.7933533402912294 0
    outer loop
      vertex 39.505 3.3404809471616703 1
      vertex 39.349669914110095 3.459669914110089 1.6
      vertex 39.505 3.3404809471616703 1.6
    endloop
  endfacet
  facet normal 0.9238795325112898 0.38268343236508257 0
    outer loop
      vertex 39.230480947161674 3.6149999999999993 1
      vertex 39.1555556302832 3.7958857161731085 1.6
      vertex 39.230480947161674 3.6149999999999993 1.6
    endloop
  endfacet
  facet normal 0.13052619222005066 0.9914448613738106 0
    outer loop
      vertex 39.88 3.2399999999999993 1
      vertex 39.68588571617311 3.265555630283198 1.6
      vertex 39.88 3.2399999999999993 1.6
    endloop
  endfacet
  facet normal -0.13052619222005066 0.9914448613738106 0
    outer loop
      vertex 40.074114283826894 3.265555630283198 1
      vertex 39.88 3.2399999999999993 1.6
      vertex 40.074114283826894 3.265555630283198 1.6
    endloop
  endfacet
  facet normal 0.3826834323650919 0.9238795325112859 0
    outer loop
      vertex 39.68588571617311 3.265555630283198 1
      vertex 39.505 3.3404809471616703 1.6
      vertex 39.68588571617311 3.265555630283198 1.6
    endloop
  endfacet
  facet normal -0.3826834323650919 0.9238795325112859 0
    outer loop
      vertex 40.255 3.3404809471616703 1
      vertex 40.074114283826894 3.265555630283198 1.6
      vertex 40.255 3.3404809471616703 1.6
    endloop
  endfacet
  facet normal -0.6087614290087282 0.7933533402912294 0
    outer loop
      vertex 40.41033008588991 3.459669914110089 1
      vertex 40.255 3.3404809471616703 1.6
      vertex 40.41033008588991 3.459669914110089 1.6
    endloop
  endfacet
  facet normal -0.7933533402912669 0.6087614290086792 0
    outer loop
      vertex 40.433603179340956 3.4899999999999993 1.2
      vertex 40.41033008588991 3.459669914110089 1.6
      vertex 40.433603179340956 3.4899999999999993 1.6
    endloop
  endfacet
  facet normal 0 0 1
    outer loop
      vertex 39.349669914110095 3.459669914110089 1
      vertex 39.349669914110095 4.52033008588991 1
      vertex 39.230480947161674 3.6149999999999993 1
    endloop
  endfacet
  facet normal 0 0 1
    outer loop
      vertex 39.230480947161674 3.6149999999999993 1
      vertex 39.230480947161674 4.364999999999999 1
      vertex 39.1555556302832 3.7958857161731085 1
    endloop
  endfacet
  facet normal 0 0 1
    outer loop
      vertex 39.349669914110095 3.459669914110089 1
      vertex 39.505 3.3404809471616703 1
      vertex 39.505 4.639519052838328 1
    endloop
  endfacet
  facet normal 0 0 1
    outer loop
      vertex 39.1555556302832 3.7958857161731085 1
      vertex 39.1555556302832 4.18411428382689 1
      vertex 39.13 3.9899999999999993 1
    endloop
  endfacet
  facet normal 0 0 1
    outer loop
      vertex 39.1555556302832 3.7958857161731085 1
      vertex 39.230480947161674 4.364999999999999 1
      vertex 39.1555556302832 4.18411428382689 1
    endloop
  endfacet
  facet normal 0 0 1
    outer loop
      vertex 39.230480947161674 3.6149999999999993 1
      vertex 39.349669914110095 4.52033008588991 1
      vertex 39.230480947161674 4.364999999999999 1
    endloop
  endfacet
  facet normal 0 0 1
    outer loop
      vertex 39.349669914110095 3.459669914110089 1
      vertex 39.505 4.639519052838328 1
      vertex 39.349669914110095 4.52033008588991 1
    endloop
  endfacet
  facet normal 0 0 1
    outer loop
      vertex 39.505 3.3404809471616703 1
      vertex 39.68588571617311 4.714444369716801 1
      vertex 39.505 4.639519052838328 1
    endloop
  endfacet
  facet normal 0 0 1
    outer loop
      vertex 39.505 3.3404809471616703 1
      vertex 39.68588571617311 3.265555630283198 1
      vertex 39.68588571617311 4.714444369716801 1
    endloop
  endfacet
  facet normal 0 0 1
    outer loop
      vertex 40.255 3.3404809471616703 1
      vertex 40.41033008588991 3.459669914110089 1
      vertex 40.41033008588991 4.52033008588991 1
    endloop
  endfacet
  facet normal 0 0 1
    outer loop
      vertex 40.41033008588991 3.459669914110089 1
      vertex 40.52951905283833 3.6149999999999993 1
      vertex 40.52951905283833 4.364999999999999 1
    endloop
  endfacet
  facet normal 0 0 1
    outer loop
      vertex 40.52951905283833 3.6149999999999993 1
      vertex 40.6044443697168 3.7958857161731085 1
      vertex 40.6044443697168 4.18411428382689 1
    endloop
  endfacet
  facet normal 0 0 1
    outer loop
      vertex 40.074114283826894 3.265555630283198 1
      vertex 40.255 4.639519052838328 1
      vertex 40.074114283826894 4.714444369716801 1
    endloop
  endfacet
  facet normal 0 0 1
    outer loop
      vertex 40.255 3.3404809471616703 1
      vertex 40.41033008588991 4.52033008588991 1
      vertex 40.255 4.639519052838328 1
    endloop
  endfacet
  facet normal 0 0 1
    outer loop
      vertex 40.6044443697168 3.7958857161731085 1
      vertex 40.63 3.9899999999999993 1
      vertex 40.6044443697168 4.18411428382689 1
    endloop
  endfacet
  facet normal 0 0 1
    outer loop
      vertex 40.52951905283833 3.6149999999999993 1
      vertex 40.6044443697168 4.18411428382689 1
      vertex 40.52951905283833 4.364999999999999 1
    endloop
  endfacet
  facet normal 0 0 1
    outer loop
      vertex 40.41033008588991 3.459669914110089 1
      vertex 40.52951905283833 4.364999999999999 1
      vertex 40.41033008588991 4.52033008588991 1
    endloop
  endfacet
  facet normal -0.9914448613738093 0.13052619222006015 0
    outer loop
      vertex 40.6044443697168 3.7958857161731085 1
      vertex 40.6044443697168 3.7958857161731085 1.2
      vertex 40.63 3.9899999999999993 1
    endloop
  endfacet
  facet normal -0.9914448613738093 -0.13052619222006015 1.5429861666751134e-18
    outer loop
      vertex 40.6044443697168 4.18411428382689 1
      vertex 40.63 3.9899999999999993 1
      vertex 40.63 3.9899999999999993 1.2
    endloop
  endfacet
  facet normal 0 0 1
    outer loop
      vertex 39.68588571617311 3.265555630283198 1
      vertex 39.88 4.739999999999999 1
      vertex 39.68588571617311 4.714444369716801 1
    endloop
  endfacet
  facet normal 0 0 1
    outer loop
      vertex 39.88 3.2399999999999993 1
      vertex 40.074114283826894 4.714444369716801 1
      vertex 39.88 4.739999999999999 1
    endloop
  endfacet
  facet normal -0.9238795325112896 -0.3826834323650825 0
    outer loop
      vertex 40.6044443697168 4.18411428382689 1
      vertex 40.6044443697168 4.18411428382689 1.2
      vertex 40.52951905283833 4.364999999999999 1
    endloop
  endfacet
  facet normal -0.7933533402912278 -0.6087614290087302 0
    outer loop
      vertex 40.52951905283833 4.364999999999999 1
      vertex 40.52951905283833 4.364999999999999 1.2
      vertex 40.41033008588991 4.52033008588991 1
    endloop
  endfacet
  facet normal 0.9914448613738093 0.13052619222006012 5.143287222250376e-19
    outer loop
      vertex 39.1555556302832 3.7958857161731085 1
      vertex 39.13 3.9899999999999993 1
      vertex 39.13 3.9899999999999993 1.6
    endloop
  endfacet
  facet normal 0.9914448613738093 -0.13052619222006012 -5.143287222250376e-19
    outer loop
      vertex 39.13 3.9899999999999993 1
      vertex 39.1555556302832 4.18411428382689 1
      vertex 39.1555556302832 4.18411428382689 1.6
    endloop
  endfacet
  facet normal 0.9238795325112898 -0.38268343236508257 2.012197753055218e-18
    outer loop
      vertex 39.1555556302832 4.18411428382689 1
      vertex 39.230480947161674 4.364999999999999 1
      vertex 39.230480947161674 4.364999999999999 1.6
    endloop
  endfacet
  facet normal 0.793353340291228 -0.6087614290087302 -1.3457691443379643e-17
    outer loop
      vertex 39.230480947161674 4.364999999999999 1
      vertex 39.349669914110095 4.52033008588991 1
      vertex 39.349669914110095 4.52033008588991 1.6
    endloop
  endfacet
  facet normal 0.6087614290087282 -0.7933533402912294 -8.455619363256178e-18
    outer loop
      vertex 39.349669914110095 4.52033008588991 1
      vertex 39.505 4.639519052838328 1
      vertex 39.505 4.639519052838328 1.6
    endloop
  endfacet
  facet normal -0.9914448613738093 0.13052619222006015 0
    outer loop
      vertex 40.63 3.9899999999999993 1
      vertex 40.6044443697168 3.7958857161731085 1.2
      vertex 40.63 3.9899999999999993 1.2
    endloop
  endfacet
  facet normal -0.9914448613738093 -0.13052619222006015 0
    outer loop
      vertex 40.6044443697168 4.18411428382689 1
      vertex 40.63 3.9899999999999993 1.2
      vertex 40.6044443697168 4.18411428382689 1.2
    endloop
  endfacet
  facet normal -0.9238795325112896 -0.3826834323650825 0
    outer loop
      vertex 40.52951905283833 4.364999999999999 1
      vertex 40.6044443697168 4.18411428382689 1.2
      vertex 40.52951905283833 4.364999999999999 1.2
    endloop
  endfacet
  facet normal -0.7933533402912184 -0.6087614290087426 -1.5226190947213786e-14
    outer loop
      vertex 40.41033008588991 4.52033008588991 1
      vertex 40.52951905283833 4.364999999999999 1.2
      vertex 40.433603179340956 4.489999999999999 1.2
    endloop
  endfacet
  facet normal -0.6087614290087282 -0.7933533402912294 8.455619363256178e-18
    outer loop
      vertex 40.255 4.639519052838328 1
      vertex 40.41033008588991 4.52033008588991 1
      vertex 40.41033008588991 4.52033008588991 1.6
    endloop
  endfacet
  facet normal -0.3826834323650919 -0.9238795325112859 0
    outer loop
      vertex 40.255 4.639519052838328 1
      vertex 40.255 4.639519052838328 1.6
      vertex 40.074114283826894 4.714444369716801 1
    endloop
  endfacet
  facet normal 0.3826834323650919 -0.9238795325112859 2.178042462276684e-20
    outer loop
      vertex 39.505 4.639519052838328 1
      vertex 39.68588571617311 4.714444369716801 1
      vertex 39.68588571617311 4.714444369716801 1.6
    endloop
  endfacet
  facet normal 0.13052619222005066 -0.9914448613738106 -3.2985429055670014e-18
    outer loop
      vertex 39.68588571617311 4.714444369716801 1
      vertex 39.88 4.739999999999999 1
      vertex 39.88 4.739999999999999 1.6
    endloop
  endfacet
  facet normal -0.13052619222005066 -0.9914448613738106 3.2985429055670014e-18
    outer loop
      vertex 39.88 4.739999999999999 1
      vertex 40.074114283826894 4.714444369716801 1
      vertex 40.074114283826894 4.714444369716801 1.6
    endloop
  endfacet
  facet normal -0.7933533402912668 -0.6087614290086794 0
    outer loop
      vertex 40.41033008588991 4.52033008588991 1
      vertex 40.433603179340956 4.489999999999999 1.2
      vertex 40.41033008588991 4.52033008588991 1.6
    endloop
  endfacet
  facet normal 0.9914448613738093 0.13052619222006012 0
    outer loop
      vertex 39.1555556302832 3.7958857161731085 1
      vertex 39.13 3.9899999999999993 1.6
      vertex 39.1555556302832 3.7958857161731085 1.6
    endloop
  endfacet
  facet normal 0.9914448613738093 -0.13052619222006012 0
    outer loop
      vertex 39.13 3.9899999999999993 1
      vertex 39.1555556302832 4.18411428382689 1.6
      vertex 39.13 3.9899999999999993 1.6
    endloop
  endfacet
  facet normal 0.9238795325112898 -0.38268343236508257 0
    outer loop
      vertex 39.1555556302832 4.18411428382689 1
      vertex 39.230480947161674 4.364999999999999 1.6
      vertex 39.1555556302832 4.18411428382689 1.6
    endloop
  endfacet
  facet normal 0.793353340291228 -0.6087614290087302 0
    outer loop
      vertex 39.230480947161674 4.364999999999999 1
      vertex 39.349669914110095 4.52033008588991 1.6
      vertex 39.230480947161674 4.364999999999999 1.6
    endloop
  endfacet
  facet normal 0.6087614290087282 -0.7933533402912294 0
    outer loop
      vertex 39.349669914110095 4.52033008588991 1
      vertex 39.505 4.639519052838328 1.6
      vertex 39.349669914110095 4.52033008588991 1.6
    endloop
  endfacet
  facet normal 0.3826834323650919 -0.9238795325112859 0
    outer loop
      vertex 39.505 4.639519052838328 1
      vertex 39.68588571617311 4.714444369716801 1.6
      vertex 39.505 4.639519052838328 1.6
    endloop
  endfacet
  facet normal -0.6087614290087282 -0.7933533402912294 0
    outer loop
      vertex 40.255 4.639519052838328 1
      vertex 40.41033008588991 4.52033008588991 1.6
      vertex 40.255 4.639519052838328 1.6
    endloop
  endfacet
  facet normal -0.7933533402912669 -0.6087614290086792 0
    outer loop
      vertex 40.433603179340956 4.489999999999999 1.2
      vertex 40.433603179340956 4.489999999999999 1.6
      vertex 40.41033008588991 4.52033008588991 1.6
    endloop
  endfacet
  facet normal 0.13052619222005066 -0.9914448613738106 0
    outer loop
      vertex 39.68588571617311 4.714444369716801 1
      vertex 39.88 4.739999999999999 1.6
      vertex 39.68588571617311 4.714444369716801 1.6
    endloop
  endfacet
  facet normal -0.13052619222005066 -0.9914448613738106 0
    outer loop
      vertex 39.88 4.739999999999999 1
      vertex 40.074114283826894 4.714444369716801 1.6
      vertex 39.88 4.739999999999999 1.6
    endloop
  endfacet
  facet normal -0.3826834323650919 -0.9238795325112859 0
    outer loop
      vertex 40.074114283826894 4.714444369716801 1
      vertex 40.255 4.639519052838328 1.6
      vertex 40.074114283826894 4.714444369716801 1.6
    endloop
  endfacet
  facet normal 0 0 1
    outer loop
      vertex 24.470480947161672 23.095 1
      vertex 24.470480947161672 23.845 1
      vertex 24.395555630283198 23.275885716173107 1
    endloop
  endfacet
  facet normal 0 0 1
    outer loop
      vertex 24.58966991411009 22.939669914110087 1
      vertex 24.58966991411009 24.00033008588991 1
      vertex 24.470480947161672 23.095 1
    endloop
  endfacet
  facet normal 0 0 1
    outer loop
      vertex 24.58966991411009 22.939669914110087 1
      vertex 24.745 22.82048094716167 1
      vertex 24.745 24.119519052838328 1
    endloop
  endfacet
  facet normal 0 0 1
    outer loop
      vertex 24.745 22.82048094716167 1
      vertex 24.92588571617311 22.7455556302832 1
      vertex 24.92588571617311 24.1944443697168 1
    endloop
  endfacet
  facet normal 0 0 1
    outer loop
      vertex 25.12 22.72 1
      vertex 25.12 24.22 1
      vertex 24.92588571617311 22.7455556302832 1
    endloop
  endfacet
  facet normal 0 0 1
    outer loop
      vertex 25.12 22.72 1
      vertex 25.314114283826893 22.7455556302832 1
      vertex 25.314114283826893 24.1944443697168 1
    endloop
  endfacet
  facet normal 0.7933533402912384 0.6087614290087165 1.1540101572975953e-19
    outer loop
      vertex 24.58966991411009 22.939669914110087 1
      vertex 24.470480947161672 23.095 1
      vertex 24.470480947161672 23.095 1.2
    endloop
  endfacet
  facet normal 0.9238795325112826 0.3826834323650996 -1.0120437279436984e-17
    outer loop
      vertex 24.470480947161672 23.095 1
      vertex 24.395555630283198 23.275885716173107 1
      vertex 24.395555630283198 23.275885716173107 1.2
    endloop
  endfacet
  facet normal 0.9914448613738116 0.1305261922200417 0
    outer loop
      vertex 24.37 23.47 1
      vertex 24.37 23.47 1.2
      vertex 24.395555630283198 23.275885716173107 1
    endloop
  endfacet
  facet normal 0 0 1
    outer loop
      vertex 25.314114283826893 22.7455556302832 1
      vertex 25.495 22.82048094716167 1
      vertex 25.495 24.119519052838328 1
    endloop
  endfacet
  facet normal 0 0 1
    outer loop
      vertex 25.495 22.82048094716167 1
      vertex 25.650330085889912 22.939669914110087 1
      vertex 25.650330085889912 24.00033008588991 1
    endloop
  endfacet
  facet normal 0 0 1
    outer loop
      vertex 25.650330085889912 22.939669914110087 1
      vertex 25.76951905283833 23.095 1
      vertex 25.76951905283833 23.845 1
    endloop
  endfacet
  facet normal 0 0 1
    outer loop
      vertex 25.76951905283833 23.095 1
      vertex 25.844444369716804 23.275885716173107 1
      vertex 25.844444369716804 23.66411428382689 1
    endloop
  endfacet
  facet normal 0.3826834323650841 0.9238795325112892 0
    outer loop
      vertex 24.745 22.82048094716167 1
      vertex 24.745 22.82048094716167 1.6
      vertex 24.92588571617311 22.7455556302832 1
    endloop
  endfacet
  facet normal 0.6087614290087165 0.7933533402912382 0
    outer loop
      vertex 24.58966991411009 22.939669914110087 1
      vertex 24.58966991411009 22.939669914110087 1.6
      vertex 24.745 22.82048094716167 1
    endloop
  endfacet
  facet normal -0.13052619222005957 0.9914448613738094 0
    outer loop
      vertex 25.12 22.72 1
      vertex 25.12 22.72 1.6
      vertex 25.314114283826893 22.7455556302832 1
    endloop
  endfacet
  facet normal 0.13052619222005957 0.9914448613738094 -7.33221070762369e-19
    outer loop
      vertex 25.12 22.72 1
      vertex 24.92588571617311 22.7455556302832 1
      vertex 24.92588571617311 22.7455556302832 1.6
    endloop
  endfacet
  facet normal -0.3826834323650841 0.9238795325112892 0
    outer loop
      vertex 25.314114283826893 22.7455556302832 1
      vertex 25.314114283826893 22.7455556302832 1.6
      vertex 25.495 22.82048094716167 1
    endloop
  endfacet
  facet normal 0.79335334029124 0.6087614290087141 3.0003654898397523e-15
    outer loop
      vertex 24.58966991411009 22.939669914110087 1
      vertex 24.470480947161672 23.095 1.2
      vertex 24.56639682065904 22.97 1.2
    endloop
  endfacet
  facet normal 0.9238795325112826 0.3826834323650996 0
    outer loop
      vertex 24.470480947161672 23.095 1
      vertex 24.395555630283198 23.275885716173107 1.2
      vertex 24.470480947161672 23.095 1.2
    endloop
  endfacet
  facet normal 0.9914448613738116 0.1305261922200417 0
    outer loop
      vertex 24.395555630283198 23.275885716173107 1
      vertex 24.37 23.47 1.2
      vertex 24.395555630283198 23.275885716173107 1.2
    endloop
  endfacet
  facet normal -0.6087614290087165 0.7933533402912382 0
    outer loop
      vertex 25.495 22.82048094716167 1
      vertex 25.495 22.82048094716167 1.6
      vertex 25.650330085889912 22.939669914110087 1
    endloop
  endfacet
  facet normal -0.7933533402912382 0.6087614290087165 0
    outer loop
      vertex 25.650330085889912 22.939669914110087 1
      vertex 25.650330085889912 22.939669914110087 1.6
      vertex 25.76951905283833 23.095 1
    endloop
  endfacet
  facet normal -0.9238795325112827 0.3826834323650996 0
    outer loop
      vertex 25.76951905283833 23.095 1
      vertex 25.76951905283833 23.095 1.6
      vertex 25.844444369716804 23.275885716173107 1
    endloop
  endfacet
  facet normal -0.9914448613738117 0.13052619222004172 0
    outer loop
      vertex 25.844444369716804 23.275885716173107 1
      vertex 25.844444369716804 23.275885716173107 1.6
      vertex 25.87 23.47 1
    endloop
  endfacet
  facet normal 0 0 1
    outer loop
      vertex 24.37 23.47 1
      vertex 24.395555630283198 23.275885716173107 1
      vertex 24.395555630283198 23.66411428382689 1
    endloop
  endfacet
  facet normal 0 0 1
    outer loop
      vertex 24.395555630283198 23.275885716173107 1
      vertex 24.470480947161672 23.845 1
      vertex 24.395555630283198 23.66411428382689 1
    endloop
  endfacet
  facet normal 0 0 1
    outer loop
      vertex 24.470480947161672 23.095 1
      vertex 24.58966991411009 24.00033008588991 1
      vertex 24.470480947161672 23.845 1
    endloop
  endfacet
  facet normal 0 0 1
    outer loop
      vertex 24.58966991411009 22.939669914110087 1
      vertex 24.745 24.119519052838328 1
      vertex 24.58966991411009 24.00033008588991 1
    endloop
  endfacet
  facet normal 0 0 1
    outer loop
      vertex 24.745 22.82048094716167 1
      vertex 24.92588571617311 24.1944443697168 1
      vertex 24.745 24.119519052838328 1
    endloop
  endfacet
  facet normal 0 0 1
    outer loop
      vertex 24.92588571617311 22.7455556302832 1
      vertex 25.12 24.22 1
      vertex 24.92588571617311 24.1944443697168 1
    endloop
  endfacet
  facet normal 0 0 1
    outer loop
      vertex 25.12 22.72 1
      vertex 25.314114283826893 24.1944443697168 1
      vertex 25.12 24.22 1
    endloop
  endfacet
  facet normal 0 0 1
    outer loop
      vertex 25.314114283826893 22.7455556302832 1
      vertex 25.495 24.119519052838328 1
      vertex 25.314114283826893 24.1944443697168 1
    endloop
  endfacet
  facet normal 0.9914448613738116 -0.1305261922200417 1.594672888676045e-19
    outer loop
      vertex 24.37 23.47 1
      vertex 24.395555630283198 23.66411428382689 1
      vertex 24.395555630283198 23.66411428382689 1.2
    endloop
  endfacet
  facet normal 0.9238795325112826 -0.3826834323650996 1.0120437279436984e-17
    outer loop
      vertex 24.395555630283198 23.66411428382689 1
      vertex 24.470480947161672 23.845 1
      vertex 24.470480947161672 23.845 1.2
    endloop
  endfacet
  facet normal 0.7933533402912384 -0.6087614290087165 2.436542672801252e-15
    outer loop
      vertex 24.470480947161672 23.845 1
      vertex 24.58966991411009 24.00033008588991 1
      vertex 24.56639682065904 23.97 1.2
    endloop
  endfacet
  facet normal 0 0 1
    outer loop
      vertex 25.495 22.82048094716167 1
      vertex 25.650330085889912 24.00033008588991 1
      vertex 25.495 24.119519052838328 1
    endloop
  endfacet
  facet normal 0 0 1
    outer loop
      vertex 25.844444369716804 23.275885716173107 1
      vertex 25.87 23.47 1
      vertex 25.844444369716804 23.66411428382689 1
    endloop
  endfacet
  facet normal 0 0 1
    outer loop
      vertex 25.76951905283833 23.095 1
      vertex 25.844444369716804 23.66411428382689 1
      vertex 25.76951905283833 23.845 1
    endloop
  endfacet
  facet normal 0 0 1
    outer loop
      vertex 25.650330085889912 22.939669914110087 1
      vertex 25.76951905283833 23.845 1
      vertex 25.650330085889912 24.00033008588991 1
    endloop
  endfacet
  facet normal 0.9914448613738116 -0.1305261922200417 0
    outer loop
      vertex 24.37 23.47 1
      vertex 24.395555630283198 23.66411428382689 1.2
      vertex 24.37 23.47 1.2
    endloop
  endfacet
  facet normal 0.9238795325112826 -0.3826834323650996 0
    outer loop
      vertex 24.395555630283198 23.66411428382689 1
      vertex 24.470480947161672 23.845 1.2
      vertex 24.395555630283198 23.66411428382689 1.2
    endloop
  endfacet
  facet normal 0.79335334029124 -0.6087614290087141 0
    outer loop
      vertex 24.470480947161672 23.845 1
      vertex 24.56639682065904 23.97 1.2
      vertex 24.470480947161672 23.845 1.2
    endloop
  endfacet
  facet normal 0.6087614290087165 -0.7933533402912382 -3.846700524325316e-20
    outer loop
      vertex 24.58966991411009 24.00033008588991 1
      vertex 24.745 24.119519052838328 1
      vertex 24.745 24.119519052838328 1.6
    endloop
  endfacet
  facet normal 0.3826834323650841 -0.9238795325112892 -3.32991824390015e-18
    outer loop
      vertex 24.745 24.119519052838328 1
      vertex 24.92588571617311 24.1944443697168 1
      vertex 24.92588571617311 24.1944443697168 1.6
    endloop
  endfacet
  facet normal 0.13052619222005957 -0.9914448613738094 7.33221070762369e-19
    outer loop
      vertex 24.92588571617311 24.1944443697168 1
      vertex 25.12 24.22 1
      vertex 25.12 24.22 1.6
    endloop
  endfacet
  facet normal -0.13052619222005957 -0.9914448613738094 -7.33221070762369e-19
    outer loop
      vertex 25.12 24.22 1
      vertex 25.314114283826893 24.1944443697168 1
      vertex 25.314114283826893 24.1944443697168 1.6
    endloop
  endfacet
  facet normal -0.9914448613738117 -0.13052619222004172 0
    outer loop
      vertex 25.87 23.47 1
      vertex 25.87 23.47 1.6
      vertex 25.844444369716804 23.66411428382689 1
    endloop
  endfacet
  facet normal -0.9238795325112827 -0.3826834323650996 0
    outer loop
      vertex 25.844444369716804 23.66411428382689 1
      vertex 25.844444369716804 23.66411428382689 1.6
      vertex 25.76951905283833 23.845 1
    endloop
  endfacet
  facet normal -0.7933533402912382 -0.6087614290087165 0
    outer loop
      vertex 25.76951905283833 23.845 1
      vertex 25.76951905283833 23.845 1.6
      vertex 25.650330085889912 24.00033008588991 1
    endloop
  endfacet
  facet normal -0.6087614290087165 -0.7933533402912382 3.846700524325316e-20
    outer loop
      vertex 25.495 24.119519052838328 1
      vertex 25.650330085889912 24.00033008588991 1
      vertex 25.650330085889912 24.00033008588991 1.6
    endloop
  endfacet
  facet normal -0.3826834323650841 -0.9238795325112892 3.32991824390015e-18
    outer loop
      vertex 25.314114283826893 24.1944443697168 1
      vertex 25.495 24.119519052838328 1
      vertex 25.495 24.119519052838328 1.6
    endloop
  endfacet
  facet normal 0.7933533402912307 0.6087614290087267 0
    outer loop
      vertex 24.58966991411009 22.939669914110087 1
      vertex 24.56639682065904 22.97 1.2
      vertex 24.58966991411009 22.939669914110087 1.6
    endloop
  endfacet
  facet normal 0.3826834323650841 0.9238795325112892 0
    outer loop
      vertex 24.92588571617311 22.7455556302832 1
      vertex 24.745 22.82048094716167 1.6
      vertex 24.92588571617311 22.7455556302832 1.6
    endloop
  endfacet
  facet normal 0.6087614290087165 0.7933533402912382 0
    outer loop
      vertex 24.745 22.82048094716167 1
      vertex 24.58966991411009 22.939669914110087 1.6
      vertex 24.745 22.82048094716167 1.6
    endloop
  endfacet
  facet normal 0.13052619222005957 0.9914448613738094 0
    outer loop
      vertex 25.12 22.72 1
      vertex 24.92588571617311 22.7455556302832 1.6
      vertex 25.12 22.72 1.6
    endloop
  endfacet
  facet normal -0.13052619222005957 0.9914448613738094 0
    outer loop
      vertex 25.314114283826893 22.7455556302832 1
      vertex 25.12 22.72 1.6
      vertex 25.314114283826893 22.7455556302832 1.6
    endloop
  endfacet
  facet normal 0.7933533402912306 0.6087614290087267 0
    outer loop
      vertex 24.56639682065904 22.97 1.2
      vertex 24.56639682065904 22.97 1.6
      vertex 24.58966991411009 22.939669914110087 1.6
    endloop
  endfacet
  facet normal -0.3826834323650841 0.9238795325112892 0
    outer loop
      vertex 25.495 22.82048094716167 1
      vertex 25.314114283826893 22.7455556302832 1.6
      vertex 25.495 22.82048094716167 1.6
    endloop
  endfacet
  facet normal -0.6087614290087165 0.7933533402912382 0
    outer loop
      vertex 25.650330085889912 22.939669914110087 1
      vertex 25.495 22.82048094716167 1.6
      vertex 25.650330085889912 22.939669914110087 1.6
    endloop
  endfacet
  facet normal -0.7933533402912382 0.6087614290087165 0
    outer loop
      vertex 25.76951905283833 23.095 1
      vertex 25.650330085889912 22.939669914110087 1.6
      vertex 25.76951905283833 23.095 1.6
    endloop
  endfacet
  facet normal -0.9238795325112827 0.3826834323650996 0
    outer loop
      vertex 25.844444369716804 23.275885716173107 1
      vertex 25.76951905283833 23.095 1.6
      vertex 25.844444369716804 23.275885716173107 1.6
    endloop
  endfacet
  facet normal -0.9914448613738117 0.13052619222004172 0
    outer loop
      vertex 25.87 23.47 1
      vertex 25.844444369716804 23.275885716173107 1.6
      vertex 25.87 23.47 1.6
    endloop
  endfacet
  facet normal 0.7933533402912307 -0.6087614290087267 0
    outer loop
      vertex 24.58966991411009 24.00033008588991 1
      vertex 24.58966991411009 24.00033008588991 1.6
      vertex 24.56639682065904 23.97 1.2
    endloop
  endfacet
  facet normal 0.6087614290087165 -0.7933533402912382 0
    outer loop
      vertex 24.58966991411009 24.00033008588991 1
      vertex 24.745 24.119519052838328 1.6
      vertex 24.58966991411009 24.00033008588991 1.6
    endloop
  endfacet
  facet normal 0.3826834323650841 -0.9238795325112892 0
    outer loop
      vertex 24.745 24.119519052838328 1
      vertex 24.92588571617311 24.1944443697168 1.6
      vertex 24.745 24.119519052838328 1.6
    endloop
  endfacet
  facet normal 0.13052619222005957 -0.9914448613738094 0
    outer loop
      vertex 24.92588571617311 24.1944443697168 1
      vertex 25.12 24.22 1.6
      vertex 24.92588571617311 24.1944443697168 1.6
    endloop
  endfacet
  facet normal -0.13052619222005957 -0.9914448613738094 0
    outer loop
      vertex 25.12 24.22 1
      vertex 25.314114283826893 24.1944443697168 1.6
      vertex 25.12 24.22 1.6
    endloop
  endfacet
  facet normal -0.3826834323650841 -0.9238795325112892 0
    outer loop
      vertex 25.314114283826893 24.1944443697168 1
      vertex 25.495 24.119519052838328 1.6
      vertex 25.314114283826893 24.1944443697168 1.6
    endloop
  endfacet
  facet normal 0.7933533402912306 -0.6087614290087267 0
    outer loop
      vertex 24.56639682065904 23.97 1.2
      vertex 24.58966991411009 24.00033008588991 1.6
      vertex 24.56639682065904 23.97 1.6
    endloop
  endfacet
  facet normal -0.9914448613738117 -0.13052619222004172 0
    outer loop
      vertex 25.844444369716804 23.66411428382689 1
      vertex 25.87 23.47 1.6
      vertex 25.844444369716804 23.66411428382689 1.6
    endloop
  endfacet
  facet normal -0.9238795325112827 -0.3826834323650996 0
    outer loop
      vertex 25.76951905283833 23.845 1
      vertex 25.844444369716804 23.66411428382689 1.6
      vertex 25.76951905283833 23.845 1.6
    endloop
  endfacet
  facet normal -0.6087614290087165 -0.7933533402912382 0
    outer loop
      vertex 25.495 24.119519052838328 1
      vertex 25.650330085889912 24.00033008588991 1.6
      vertex 25.495 24.119519052838328 1.6
    endloop
  endfacet
  facet normal -0.7933533402912382 -0.6087614290087165 0
    outer loop
      vertex 25.650330085889912 24.00033008588991 1
      vertex 25.76951905283833 23.845 1.6
      vertex 25.650330085889912 24.00033008588991 1.6
    endloop
  endfacet
  facet normal 0 0 1
    outer loop
      vertex 39.349669914110095 5.999669914110089 1
      vertex 39.349669914110095 7.06033008588991 1
      vertex 39.230480947161674 6.154999999999999 1
    endloop
  endfacet
  facet normal 0 0 1
    outer loop
      vertex 39.230480947161674 6.154999999999999 1
      vertex 39.230480947161674 6.904999999999999 1
      vertex 39.1555556302832 6.335885716173109 1
    endloop
  endfacet
  facet normal 0 0 1
    outer loop
      vertex 39.1555556302832 6.335885716173109 1
      vertex 39.1555556302832 6.72411428382689 1
      vertex 39.13 6.529999999999999 1
    endloop
  endfacet
  facet normal 0 0 1
    outer loop
      vertex 39.349669914110095 5.999669914110089 1
      vertex 39.505 5.88048094716167 1
      vertex 39.505 7.179519052838328 1
    endloop
  endfacet
  facet normal 0.7933533402912278 0.6087614290087302 4.0373074330138945e-17
    outer loop
      vertex 39.349669914110095 5.999669914110089 1
      vertex 39.230480947161674 6.154999999999999 1
      vertex 39.230480947161674 6.154999999999999 1.2
    endloop
  endfacet
  facet normal 0.9238795325112896 0.3826834323650825 -6.036593259165655e-18
    outer loop
      vertex 39.230480947161674 6.154999999999999 1
      vertex 39.1555556302832 6.335885716173109 1
      vertex 39.1555556302832 6.335885716173109 1.2
    endloop
  endfacet
  facet normal 0.9914448613738093 0.13052619222006015 1.5429861666751134e-18
    outer loop
      vertex 39.1555556302832 6.335885716173109 1
      vertex 39.13 6.529999999999999 1
      vertex 39.13 6.529999999999999 1.2
    endloop
  endfacet
  facet normal 0 0 1
    outer loop
      vertex 39.505 5.88048094716167 1
      vertex 39.68588571617311 5.805555630283198 1
      vertex 39.68588571617311 7.254444369716801 1
    endloop
  endfacet
  facet normal 0 0 1
    outer loop
      vertex 39.68588571617311 5.805555630283198 1
      vertex 39.88 5.779999999999999 1
      vertex 39.88 7.279999999999999 1
    endloop
  endfacet
  facet normal 0 0 1
    outer loop
      vertex 39.88 5.779999999999999 1
      vertex 40.074114283826894 5.805555630283198 1
      vertex 40.074114283826894 7.254444369716801 1
    endloop
  endfacet
  facet normal 0 0 1
    outer loop
      vertex 40.074114283826894 5.805555630283198 1
      vertex 40.255 5.88048094716167 1
      vertex 40.255 7.179519052838328 1
    endloop
  endfacet
  facet normal 0 0 1
    outer loop
      vertex 40.255 5.88048094716167 1
      vertex 40.41033008588991 5.999669914110089 1
      vertex 40.41033008588991 7.06033008588991 1
    endloop
  endfacet
  facet normal 0 0 1
    outer loop
      vertex 40.41033008588991 5.999669914110089 1
      vertex 40.52951905283833 6.154999999999999 1
      vertex 40.52951905283833 6.904999999999999 1
    endloop
  endfacet
  facet normal 0 0 1
    outer loop
      vertex 40.52951905283833 6.154999999999999 1
      vertex 40.6044443697168 6.335885716173109 1
      vertex 40.6044443697168 6.72411428382689 1
    endloop
  endfacet
  facet normal 0 0 1
    outer loop
      vertex 40.6044443697168 6.335885716173109 1
      vertex 40.63 6.529999999999999 1
      vertex 40.6044443697168 6.72411428382689 1
    endloop
  endfacet
  facet normal 0.7933533402912184 0.6087614290087426 -1.5226190947213786e-14
    outer loop
      vertex 39.349669914110095 5.999669914110089 1
      vertex 39.230480947161674 6.154999999999999 1.2
      vertex 39.32639682065905 6.029999999999999 1.2
    endloop
  endfacet
  facet normal 0.3826834323650919 0.9238795325112859 0
    outer loop
      vertex 39.505 5.88048094716167 1
      vertex 39.505 5.88048094716167 1.6
      vertex 39.68588571617311 5.805555630283198 1
    endloop
  endfacet
  facet normal 0.6087614290087282 0.7933533402912294 0
    outer loop
      vertex 39.349669914110095 5.999669914110089 1
      vertex 39.349669914110095 5.999669914110089 1.6
      vertex 39.505 5.88048094716167 1
    endloop
  endfacet
  facet normal 0.9238795325112896 0.3826834323650825 0
    outer loop
      vertex 39.230480947161674 6.154999999999999 1
      vertex 39.1555556302832 6.335885716173109 1.2
      vertex 39.230480947161674 6.154999999999999 1.2
    endloop
  endfacet
  facet normal 0.9914448613738093 0.13052619222006015 0
    outer loop
      vertex 39.1555556302832 6.335885716173109 1
      vertex 39.13 6.529999999999999 1.2
      vertex 39.1555556302832 6.335885716173109 1.2
    endloop
  endfacet
  facet normal 0.13052619222005066 0.9914448613738106 0
    outer loop
      vertex 39.68588571617311 5.805555630283198 1
      vertex 39.68588571617311 5.805555630283198 1.6
      vertex 39.88 5.779999999999999 1
    endloop
  endfacet
  facet normal -0.13052619222005066 0.9914448613738106 0
    outer loop
      vertex 39.88 5.779999999999999 1
      vertex 39.88 5.779999999999999 1.6
      vertex 40.074114283826894 5.805555630283198 1
    endloop
  endfacet
  facet normal -0.3826834323650919 0.9238795325112859 0
    outer loop
      vertex 40.074114283826894 5.805555630283198 1
      vertex 40.074114283826894 5.805555630283198 1.6
      vertex 40.255 5.88048094716167 1
    endloop
  endfacet
  facet normal -0.6087614290087282 0.7933533402912294 0
    outer loop
      vertex 40.255 5.88048094716167 1
      vertex 40.255 5.88048094716167 1.6
      vertex 40.41033008588991 5.999669914110089 1
    endloop
  endfacet
  facet normal -0.793353340291228 0.6087614290087302 0
    outer loop
      vertex 40.41033008588991 5.999669914110089 1
      vertex 40.41033008588991 5.999669914110089 1.6
      vertex 40.52951905283833 6.154999999999999 1
    endloop
  endfacet
  facet normal -0.9238795325112898 0.38268343236508257 0
    outer loop
      vertex 40.52951905283833 6.154999999999999 1
      vertex 40.52951905283833 6.154999999999999 1.6
      vertex 40.6044443697168 6.335885716173109 1
    endloop
  endfacet
  facet normal -0.9914448613738093 0.13052619222006012 0
    outer loop
      vertex 40.6044443697168 6.335885716173109 1
      vertex 40.6044443697168 6.335885716173109 1.6
      vertex 40.63 6.529999999999999 1
    endloop
  endfacet
  facet normal 0 0 1
    outer loop
      vertex 39.1555556302832 6.335885716173109 1
      vertex 39.230480947161674 6.904999999999999 1
      vertex 39.1555556302832 6.72411428382689 1
    endloop
  endfacet
  facet normal 0 0 1
    outer loop
      vertex 39.230480947161674 6.154999999999999 1
      vertex 39.349669914110095 7.06033008588991 1
      vertex 39.230480947161674 6.904999999999999 1
    endloop
  endfacet
  facet normal 0 0 1
    outer loop
      vertex 39.349669914110095 5.999669914110089 1
      vertex 39.505 7.179519052838328 1
      vertex 39.349669914110095 7.06033008588991 1
    endloop
  endfacet
  facet normal 0 0 1
    outer loop
      vertex 39.505 5.88048094716167 1
      vertex 39.68588571617311 7.254444369716801 1
      vertex 39.505 7.179519052838328 1
    endloop
  endfacet
  facet normal 0.9914448613738093 -0.13052619222006015 -1.5429861666751134e-18
    outer loop
      vertex 39.13 6.529999999999999 1
      vertex 39.1555556302832 6.72411428382689 1
      vertex 39.1555556302832 6.72411428382689 1.2
    endloop
  endfacet
  facet normal 0.9238795325112896 -0.3826834323650825 6.036593259165655e-18
    outer loop
      vertex 39.1555556302832 6.72411428382689 1
      vertex 39.230480947161674 6.904999999999999 1
      vertex 39.230480947161674 6.904999999999999 1.2
    endloop
  endfacet
  facet normal 0.7933533402912278 -0.6087614290087302 -1.2271314915744396e-14
    outer loop
      vertex 39.230480947161674 6.904999999999999 1
      vertex 39.349669914110095 7.06033008588991 1
      vertex 39.32639682065905 7.029999999999999 1.2
    endloop
  endfacet
  facet normal 0 0 1
    outer loop
      vertex 39.68588571617311 5.805555630283198 1
      vertex 39.88 7.279999999999999 1
      vertex 39.68588571617311 7.254444369716801 1
    endloop
  endfacet
  facet normal 0 0 1
    outer loop
      vertex 39.88 5.779999999999999 1
      vertex 40.074114283826894 7.254444369716801 1
      vertex 39.88 7.279999999999999 1
    endloop
  endfacet
  facet normal 0 0 1
    outer loop
      vertex 40.074114283826894 5.805555630283198 1
      vertex 40.255 7.179519052838328 1
      vertex 40.074114283826894 7.254444369716801 1
    endloop
  endfacet
  facet normal 0 0 1
    outer loop
      vertex 40.255 5.88048094716167 1
      vertex 40.41033008588991 7.06033008588991 1
      vertex 40.255 7.179519052838328 1
    endloop
  endfacet
  facet normal 0 0 1
    outer loop
      vertex 40.41033008588991 5.999669914110089 1
      vertex 40.52951905283833 6.904999999999999 1
      vertex 40.41033008588991 7.06033008588991 1
    endloop
  endfacet
  facet normal 0 0 1
    outer loop
      vertex 40.52951905283833 6.154999999999999 1
      vertex 40.6044443697168 6.72411428382689 1
      vertex 40.52951905283833 6.904999999999999 1
    endloop
  endfacet
  facet normal 0.9914448613738093 -0.13052619222006015 0
    outer loop
      vertex 39.13 6.529999999999999 1
      vertex 39.1555556302832 6.72411428382689 1.2
      vertex 39.13 6.529999999999999 1.2
    endloop
  endfacet
  facet normal 0.9238795325112896 -0.3826834323650825 0
    outer loop
      vertex 39.1555556302832 6.72411428382689 1
      vertex 39.230480947161674 6.904999999999999 1.2
      vertex 39.1555556302832 6.72411428382689 1.2
    endloop
  endfacet
  facet normal 0.7933533402912184 -0.6087614290087426 0
    outer loop
      vertex 39.230480947161674 6.904999999999999 1
      vertex 39.32639682065905 7.029999999999999 1.2
      vertex 39.230480947161674 6.904999999999999 1.2
    endloop
  endfacet
  facet normal 0.6087614290087282 -0.7933533402912294 -8.455619363256178e-18
    outer loop
      vertex 39.349669914110095 7.06033008588991 1
      vertex 39.505 7.179519052838328 1
      vertex 39.505 7.179519052838328 1.6
    endloop
  endfacet
  facet normal -0.9914448613738093 -0.13052619222006012 5.143287222250376e-19
    outer loop
      vertex 40.6044443697168 6.72411428382689 1
      vertex 40.63 6.529999999999999 1
      vertex 40.63 6.529999999999999 1.6
    endloop
  endfacet
  facet normal -0.9238795325112898 -0.38268343236508257 0
    outer loop
      vertex 40.6044443697168 6.72411428382689 1
      vertex 40.6044443697168 6.72411428382689 1.6
      vertex 40.52951905283833 6.904999999999999 1
    endloop
  endfacet
  facet normal -0.793353340291228 -0.6087614290087302 0
    outer loop
      vertex 40.52951905283833 6.904999999999999 1
      vertex 40.52951905283833 6.904999999999999 1.6
      vertex 40.41033008588991 7.06033008588991 1
    endloop
  endfacet
  facet normal 0.3826834323650919 -0.9238795325112859 2.178042462276684e-20
    outer loop
      vertex 39.505 7.179519052838328 1
      vertex 39.68588571617311 7.254444369716801 1
      vertex 39.68588571617311 7.254444369716801 1.6
    endloop
  endfacet
  facet normal -0.13052619222005066 -0.9914448613738106 0
    outer loop
      vertex 40.074114283826894 7.254444369716801 1
      vertex 40.074114283826894 7.254444369716801 1.6
      vertex 39.88 7.279999999999999 1
    endloop
  endfacet
  facet normal 0.13052619222005066 -0.9914448613738106 -3.2985429055670014e-18
    outer loop
      vertex 39.68588571617311 7.254444369716801 1
      vertex 39.88 7.279999999999999 1
      vertex 39.88 7.279999999999999 1.6
    endloop
  endfacet
  facet normal -0.6087614290087282 -0.7933533402912294 8.455619363256178e-18
    outer loop
      vertex 40.255 7.179519052838328 1
      vertex 40.41033008588991 7.06033008588991 1
      vertex 40.41033008588991 7.06033008588991 1.6
    endloop
  endfacet
  facet normal -0.3826834323650919 -0.9238795325112859 -2.178042462276684e-20
    outer loop
      vertex 40.074114283826894 7.254444369716801 1
      vertex 40.255 7.179519052838328 1
      vertex 40.255 7.179519052838328 1.6
    endloop
  endfacet
  facet normal 0.7933533402912668 0.6087614290086794 0
    outer loop
      vertex 39.349669914110095 5.999669914110089 1
      vertex 39.32639682065905 6.029999999999999 1.2
      vertex 39.349669914110095 5.999669914110089 1.6
    endloop
  endfacet
  facet normal 0.6087614290087282 0.7933533402912294 0
    outer loop
      vertex 39.505 5.88048094716167 1
      vertex 39.349669914110095 5.999669914110089 1.6
      vertex 39.505 5.88048094716167 1.6
    endloop
  endfacet
  facet normal 0.7933533402912669 0.6087614290086792 0
    outer loop
      vertex 39.32639682065905 6.029999999999999 1.2
      vertex 39.32639682065905 6.029999999999999 1.6
      vertex 39.349669914110095 5.999669914110089 1.6
    endloop
  endfacet
  facet normal 0.3826834323650919 0.9238795325112859 0
    outer loop
      vertex 39.68588571617311 5.805555630283198 1
      vertex 39.505 5.88048094716167 1.6
      vertex 39.68588571617311 5.805555630283198 1.6
    endloop
  endfacet
  facet normal 0.13052619222005066 0.9914448613738106 0
    outer loop
      vertex 39.88 5.779999999999999 1
      vertex 39.68588571617311 5.805555630283198 1.6
      vertex 39.88 5.779999999999999 1.6
    endloop
  endfacet
  facet normal -0.13052619222005066 0.9914448613738106 0
    outer loop
      vertex 40.074114283826894 5.805555630283198 1
      vertex 39.88 5.779999999999999 1.6
      vertex 40.074114283826894 5.805555630283198 1.6
    endloop
  endfacet
  facet normal -0.3826834323650919 0.9238795325112859 0
    outer loop
      vertex 40.255 5.88048094716167 1
      vertex 40.074114283826894 5.805555630283198 1.6
      vertex 40.255 5.88048094716167 1.6
    endloop
  endfacet
  facet normal -0.6087614290087282 0.7933533402912294 0
    outer loop
      vertex 40.41033008588991 5.999669914110089 1
      vertex 40.255 5.88048094716167 1.6
      vertex 40.41033008588991 5.999669914110089 1.6
    endloop
  endfacet
  facet normal -0.793353340291228 0.6087614290087302 0
    outer loop
      vertex 40.52951905283833 6.154999999999999 1
      vertex 40.41033008588991 5.999669914110089 1.6
      vertex 40.52951905283833 6.154999999999999 1.6
    endloop
  endfacet
  facet normal -0.9238795325112898 0.38268343236508257 0
    outer loop
      vertex 40.6044443697168 6.335885716173109 1
      vertex 40.52951905283833 6.154999999999999 1.6
      vertex 40.6044443697168 6.335885716173109 1.6
    endloop
  endfacet
  facet normal -0.9914448613738093 0.13052619222006012 0
    outer loop
      vertex 40.63 6.529999999999999 1
      vertex 40.6044443697168 6.335885716173109 1.6
      vertex 40.63 6.529999999999999 1.6
    endloop
  endfacet
  facet normal 0.7933533402912668 -0.6087614290086794 0
    outer loop
      vertex 39.349669914110095 7.06033008588991 1
      vertex 39.349669914110095 7.06033008588991 1.6
      vertex 39.32639682065905 7.029999999999999 1.2
    endloop
  endfacet
  facet normal 0.6087614290087282 -0.7933533402912294 0
    outer loop
      vertex 39.349669914110095 7.06033008588991 1
      vertex 39.505 7.179519052838328 1.6
      vertex 39.349669914110095 7.06033008588991 1.6
    endloop
  endfacet
  facet normal 0.3826834323650919 -0.9238795325112859 0
    outer loop
      vertex 39.505 7.179519052838328 1
      vertex 39.68588571617311 7.254444369716801 1.6
      vertex 39.505 7.179519052838328 1.6
    endloop
  endfacet
  facet normal 0.7933533402912669 -0.6087614290086792 0
    outer loop
      vertex 39.32639682065905 7.029999999999999 1.2
      vertex 39.349669914110095 7.06033008588991 1.6
      vertex 39.32639682065905 7.029999999999999 1.6
    endloop
  endfacet
  facet normal -0.9914448613738093 -0.13052619222006012 0
    outer loop
      vertex 40.6044443697168 6.72411428382689 1
      vertex 40.63 6.529999999999999 1.6
      vertex 40.6044443697168 6.72411428382689 1.6
    endloop
  endfacet
  facet normal -0.9238795325112898 -0.38268343236508257 0
    outer loop
      vertex 40.52951905283833 6.904999999999999 1
      vertex 40.6044443697168 6.72411428382689 1.6
      vertex 40.52951905283833 6.904999999999999 1.6
    endloop
  endfacet
  facet normal -0.793353340291228 -0.6087614290087302 0
    outer loop
      vertex 40.41033008588991 7.06033008588991 1
      vertex 40.52951905283833 6.904999999999999 1.6
      vertex 40.41033008588991 7.06033008588991 1.6
    endloop
  endfacet
  facet normal 0.13052619222005066 -0.9914448613738106 0
    outer loop
      vertex 39.68588571617311 7.254444369716801 1
      vertex 39.88 7.279999999999999 1.6
      vertex 39.68588571617311 7.254444369716801 1.6
    endloop
  endfacet
  facet normal -0.13052619222005066 -0.9914448613738106 0
    outer loop
      vertex 39.88 7.279999999999999 1
      vertex 40.074114283826894 7.254444369716801 1.6
      vertex 39.88 7.279999999999999 1.6
    endloop
  endfacet
  facet normal -0.6087614290087282 -0.7933533402912294 0
    outer loop
      vertex 40.255 7.179519052838328 1
      vertex 40.41033008588991 7.06033008588991 1.6
      vertex 40.255 7.179519052838328 1.6
    endloop
  endfacet
  facet normal -0.3826834323650919 -0.9238795325112859 0
    outer loop
      vertex 40.074114283826894 7.254444369716801 1
      vertex 40.255 7.179519052838328 1.6
      vertex 40.074114283826894 7.254444369716801 1.6
    endloop
  endfacet
  facet normal 0.13052619222005954 0.9914448613738094 0
    outer loop
      vertex 43.80588571617311 25.2855556302832 1
      vertex 43.80588571617311 25.2855556302832 1.2
      vertex 44 25.259999999999998 1
    endloop
  endfacet
  facet normal -0.13052619222005954 0.9914448613738094 0
    outer loop
      vertex 44 25.259999999999998 1
      vertex 44 25.259999999999998 1.2
      vertex 44.19411428382689 25.2855556302832 1
    endloop
  endfacet
  facet normal -0.3826834323650841 0.923879532511289 0
    outer loop
      vertex 44.19411428382689 25.2855556302832 1
      vertex 44.19411428382689 25.2855556302832 1.2
      vertex 44.375 25.36048094716167 1
    endloop
  endfacet
  facet normal 0.3826834323650841 0.923879532511289 0
    outer loop
      vertex 43.80588571617311 25.2855556302832 1
      vertex 43.625 25.36048094716167 1.2
      vertex 43.80588571617311 25.2855556302832 1.2
    endloop
  endfacet
  facet normal 0.13052619222005954 0.9914448613738094 0
    outer loop
      vertex 44 25.259999999999998 1
      vertex 43.80588571617311 25.2855556302832 1.2
      vertex 44 25.259999999999998 1.2
    endloop
  endfacet
  facet normal -0.13052619222005954 0.9914448613738094 0
    outer loop
      vertex 44.19411428382689 25.2855556302832 1
      vertex 44 25.259999999999998 1.2
      vertex 44.19411428382689 25.2855556302832 1.2
    endloop
  endfacet
  facet normal 0.6087614290087253 0.7933533402912316 -2.971761173574871e-15
    outer loop
      vertex 43.625 25.36048094716167 1
      vertex 43.46966991411009 25.479669914110087 1
      vertex 43.5 25.45639682065904 1.2
    endloop
  endfacet
  facet normal 0.7933533402912295 0.608761429008728 -5.02419347988089e-18
    outer loop
      vertex 43.46966991411009 25.479669914110087 1
      vertex 43.35048094716167 25.634999999999998 1
      vertex 43.35048094716167 25.634999999999998 1.2
    endloop
  endfacet
  facet normal 0.923879532511289 0.3826834323650841 9.989754731700452e-18
    outer loop
      vertex 43.35048094716167 25.634999999999998 1
      vertex 43.2755556302832 25.815885716173106 1
      vertex 43.2755556302832 25.815885716173106 1.2
    endloop
  endfacet
  facet normal 0 0 1
    outer loop
      vertex 43.2755556302832 25.815885716173106 1
      vertex 43.2755556302832 26.20411428382689 1
      vertex 43.25 26.009999999999998 1
    endloop
  endfacet
  facet normal 0 0 1
    outer loop
      vertex 43.35048094716167 25.634999999999998 1
      vertex 43.35048094716167 26.384999999999998 1
      vertex 43.2755556302832 25.815885716173106 1
    endloop
  endfacet
  facet normal 0 0 1
    outer loop
      vertex 43.46966991411009 25.479669914110087 1
      vertex 43.46966991411009 26.54033008588991 1
      vertex 43.35048094716167 25.634999999999998 1
    endloop
  endfacet
  facet normal 0 0 1
    outer loop
      vertex 43.625 25.36048094716167 1
      vertex 43.625 26.659519052838327 1
      vertex 43.46966991411009 25.479669914110087 1
    endloop
  endfacet
  facet normal 0 0 1
    outer loop
      vertex 43.2755556302832 25.815885716173106 1
      vertex 43.35048094716167 26.384999999999998 1
      vertex 43.2755556302832 26.20411428382689 1
    endloop
  endfacet
  facet normal 0 0 1
    outer loop
      vertex 43.35048094716167 25.634999999999998 1
      vertex 43.46966991411009 26.54033008588991 1
      vertex 43.35048094716167 26.384999999999998 1
    endloop
  endfacet
  facet normal 0 0 1
    outer loop
      vertex 43.46966991411009 25.479669914110087 1
      vertex 43.625 26.659519052838327 1
      vertex 43.46966991411009 26.54033008588991 1
    endloop
  endfacet
  facet normal 0.9914448613738094 0.13052619222005954 -2.1996632122871075e-18
    outer loop
      vertex 43.2755556302832 25.815885716173106 1
      vertex 43.25 26.009999999999998 1
      vertex 43.25 26.009999999999998 1.2
    endloop
  endfacet
  facet normal 0.9914448613738094 -0.13052619222005954 2.1996632122871075e-18
    outer loop
      vertex 43.25 26.009999999999998 1
      vertex 43.2755556302832 26.20411428382689 1
      vertex 43.2755556302832 26.20411428382689 1.2
    endloop
  endfacet
  facet normal 0 0 1
    outer loop
      vertex 43.80588571617311 25.2855556302832 1
      vertex 44 25.259999999999998 1
      vertex 44 26.759999999999998 1
    endloop
  endfacet
  facet normal 0 0 1
    outer loop
      vertex 44 25.259999999999998 1
      vertex 44.19411428382689 25.2855556302832 1
      vertex 44.19411428382689 26.734444369716797 1
    endloop
  endfacet
  facet normal 0 0 1
    outer loop
      vertex 44.19411428382689 25.2855556302832 1
      vertex 44.375 25.36048094716167 1
      vertex 44.375 26.659519052838327 1
    endloop
  endfacet
  facet normal 0.3826834323650841 0.923879532511289 9.989754731700452e-18
    outer loop
      vertex 43.80588571617311 25.2855556302832 1
      vertex 43.625 25.36048094716167 1
      vertex 43.625 25.36048094716167 1.2
    endloop
  endfacet
  facet normal -0.6087614290087253 0.7933533402912316 0
    outer loop
      vertex 44.375 25.36048094716167 1
      vertex 44.375 25.36048094716167 1.2
      vertex 44.53033008588991 25.479669914110087 1
    endloop
  endfacet
  facet normal 0 0 1
    outer loop
      vertex 43.80588571617311 25.2855556302832 1
      vertex 43.80588571617311 26.734444369716797 1
      vertex 43.625 25.36048094716167 1
    endloop
  endfacet
  facet normal 0 0 1
    outer loop
      vertex 44.375 25.36048094716167 1
      vertex 44.53033008588991 25.479669914110087 1
      vertex 44.53033008588991 26.54033008588991 1
    endloop
  endfacet
  facet normal 0 0 1
    outer loop
      vertex 44.53033008588991 25.479669914110087 1
      vertex 44.64951905283833 25.634999999999998 1
      vertex 44.64951905283833 26.384999999999998 1
    endloop
  endfacet
  facet normal 0 0 1
    outer loop
      vertex 44.19411428382689 25.2855556302832 1
      vertex 44.375 26.659519052838327 1
      vertex 44.19411428382689 26.734444369716797 1
    endloop
  endfacet
  facet normal 0 0 1
    outer loop
      vertex 44.375 25.36048094716167 1
      vertex 44.53033008588991 26.54033008588991 1
      vertex 44.375 26.659519052838327 1
    endloop
  endfacet
  facet normal 0 0 1
    outer loop
      vertex 44.64951905283833 25.634999999999998 1
      vertex 44.7244443697168 26.20411428382689 1
      vertex 44.64951905283833 26.384999999999998 1
    endloop
  endfacet
  facet normal 0 0 1
    outer loop
      vertex 44.53033008588991 25.479669914110087 1
      vertex 44.64951905283833 26.384999999999998 1
      vertex 44.53033008588991 26.54033008588991 1
    endloop
  endfacet
  facet normal 0.6087614290087283 0.7933533402912293 0
    outer loop
      vertex 43.625 25.36048094716167 1
      vertex 43.5 25.45639682065904 1.2
      vertex 43.625 25.36048094716167 1.2
    endloop
  endfacet
  facet normal 0.79335334029124 0.6087614290087141 1.710052762811948e-14
    outer loop
      vertex 43.46966991411009 25.479669914110087 1
      vertex 43.35048094716167 25.634999999999998 1.2
      vertex 43.44639682065904 25.509999999999998 1.2
    endloop
  endfacet
  facet normal 0.923879532511289 0.3826834323650841 0
    outer loop
      vertex 43.35048094716167 25.634999999999998 1
      vertex 43.2755556302832 25.815885716173106 1.2
      vertex 43.35048094716167 25.634999999999998 1.2
    endloop
  endfacet
  facet normal 0.9914448613738094 0.13052619222005954 0
    outer loop
      vertex 43.2755556302832 25.815885716173106 1
      vertex 43.25 26.009999999999998 1.2
      vertex 43.2755556302832 25.815885716173106 1.2
    endloop
  endfacet
  facet normal 0.9914448613738094 -0.13052619222005954 0
    outer loop
      vertex 43.25 26.009999999999998 1
      vertex 43.2755556302832 26.20411428382689 1.2
      vertex 43.25 26.009999999999998 1.2
    endloop
  endfacet
  facet normal -0.3826834323650841 0.923879532511289 0
    outer loop
      vertex 44.375 25.36048094716167 1
      vertex 44.19411428382689 25.2855556302832 1.2
      vertex 44.375 25.36048094716167 1.2
    endloop
  endfacet
  facet normal -0.6087614290087283 0.7933533402912293 -3.698424930677969e-15
    outer loop
      vertex 44.53033008588991 25.479669914110087 1
      vertex 44.375 25.36048094716167 1.2
      vertex 44.5 25.45639682065904 1.2
    endloop
  endfacet
  facet normal -0.7933533402912295 0.608761429008728 0
    outer loop
      vertex 44.53033008588991 25.479669914110087 1
      vertex 44.53033008588991 25.479669914110087 2
      vertex 44.64951905283833 25.634999999999998 1
    endloop
  endfacet
  facet normal -0.9238795325112892 0.3826834323650842 0
    outer loop
      vertex 44.64951905283833 25.634999999999998 1
      vertex 44.64951905283833 25.634999999999998 2
      vertex 44.7244443697168 25.815885716173106 1
    endloop
  endfacet
  facet normal 0.608761429008713 0.793353340291241 0
    outer loop
      vertex 43.46966991411009 25.479669914110087 1
      vertex 43.46966991411009 25.479669914110087 2
      vertex 43.5 25.45639682065904 1.2
    endloop
  endfacet
  facet normal 0.7933533402911856 0.608761429008785 0
    outer loop
      vertex 43.46966991411009 25.479669914110087 1
      vertex 43.44639682065904 25.509999999999998 1.2
      vertex 43.46966991411009 25.479669914110087 2
    endloop
  endfacet
  facet normal -0.608761429008713 0.793353340291241 0
    outer loop
      vertex 44.53033008588991 25.479669914110087 1
      vertex 44.5 25.45639682065904 1.2
      vertex 44.53033008588991 25.479669914110087 2
    endloop
  endfacet
  facet normal 0 0 1
    outer loop
      vertex 44.64951905283833 25.634999999999998 1
      vertex 44.7244443697168 25.815885716173106 1
      vertex 44.7244443697168 26.20411428382689 1
    endloop
  endfacet
  facet normal 0 0 1
    outer loop
      vertex 44.7244443697168 25.815885716173106 1
      vertex 44.75 26.009999999999998 1
      vertex 44.7244443697168 26.20411428382689 1
    endloop
  endfacet
  facet normal -0.9914448613738094 0.13052619222005957 0
    outer loop
      vertex 44.7244443697168 25.815885716173106 1
      vertex 44.7244443697168 25.815885716173106 2
      vertex 44.75 26.009999999999998 1
    endloop
  endfacet
  facet normal -0.9914448613738094 -0.13052619222005957 0
    outer loop
      vertex 44.75 26.009999999999998 1
      vertex 44.75 26.009999999999998 2
      vertex 44.7244443697168 26.20411428382689 1
    endloop
  endfacet
  facet normal 0.608761429008713 0.793353340291241 0
    outer loop
      vertex 43.5 25.45639682065904 1.2
      vertex 43.46966991411009 25.479669914110087 2
      vertex 43.5 25.45639682065904 2
    endloop
  endfacet
  facet normal 0.7933533402911856 0.608761429008785 0
    outer loop
      vertex 43.44639682065904 25.509999999999998 1.2
      vertex 43.44639682065904 25.509999999999998 2
      vertex 43.46966991411009 25.479669914110087 2
    endloop
  endfacet
  facet normal -0.7933533402912295 0.608761429008728 0
    outer loop
      vertex 44.64951905283833 25.634999999999998 1
      vertex 44.53033008588991 25.479669914110087 2
      vertex 44.64951905283833 25.634999999999998 2
    endloop
  endfacet
  facet normal -0.608761429008713 0.793353340291241 0
    outer loop
      vertex 44.5 25.45639682065904 1.2
      vertex 44.5 25.45639682065904 2
      vertex 44.53033008588991 25.479669914110087 2
    endloop
  endfacet
  facet normal -0.9238795325112892 0.3826834323650842 0
    outer loop
      vertex 44.7244443697168 25.815885716173106 1
      vertex 44.64951905283833 25.634999999999998 2
      vertex 44.7244443697168 25.815885716173106 2
    endloop
  endfacet
  facet normal -0.9914448613738094 0.13052619222005957 0
    outer loop
      vertex 44.75 26.009999999999998 1
      vertex 44.7244443697168 25.815885716173106 2
      vertex 44.75 26.009999999999998 2
    endloop
  endfacet
  facet normal -0.9914448613738094 -0.13052619222005957 0
    outer loop
      vertex 44.7244443697168 26.20411428382689 1
      vertex 44.75 26.009999999999998 2
      vertex 44.7244443697168 26.20411428382689 2
    endloop
  endfacet
  facet normal 0.923879532511289 -0.3826834323650841 -9.989754731700452e-18
    outer loop
      vertex 43.2755556302832 26.20411428382689 1
      vertex 43.35048094716167 26.384999999999998 1
      vertex 43.35048094716167 26.384999999999998 1.2
    endloop
  endfacet
  facet normal 0.7933533402912295 -0.608761429008728 1.3777541295294199e-14
    outer loop
      vertex 43.35048094716167 26.384999999999998 1
      vertex 43.46966991411009 26.54033008588991 1
      vertex 43.44639682065904 26.509999999999998 1.2
    endloop
  endfacet
  facet normal 0 0 1
    outer loop
      vertex 43.625 25.36048094716167 1
      vertex 43.80588571617311 26.734444369716797 1
      vertex 43.625 26.659519052838327 1
    endloop
  endfacet
  facet normal 0 0 1
    outer loop
      vertex 43.80588571617311 25.2855556302832 1
      vertex 44 26.759999999999998 1
      vertex 43.80588571617311 26.734444369716797 1
    endloop
  endfacet
  facet normal 0 0 1
    outer loop
      vertex 44 25.259999999999998 1
      vertex 44.19411428382689 26.734444369716797 1
      vertex 44 26.759999999999998 1
    endloop
  endfacet
  facet normal 0.923879532511289 -0.3826834323650841 0
    outer loop
      vertex 43.2755556302832 26.20411428382689 1
      vertex 43.35048094716167 26.384999999999998 1.2
      vertex 43.2755556302832 26.20411428382689 1.2
    endloop
  endfacet
  facet normal 0.79335334029124 -0.6087614290087141 0
    outer loop
      vertex 43.35048094716167 26.384999999999998 1
      vertex 43.44639682065904 26.509999999999998 1.2
      vertex 43.35048094716167 26.384999999999998 1.2
    endloop
  endfacet
  facet normal 0.6087614290087253 -0.7933533402912316 -9.002737558067146e-19
    outer loop
      vertex 43.46966991411009 26.54033008588991 1
      vertex 43.625 26.659519052838327 1
      vertex 43.625 26.659519052838327 2
    endloop
  endfacet
  facet normal 0.3826834323650842 -0.9238795325112892 -1.99795094634009e-18
    outer loop
      vertex 43.625 26.659519052838327 1
      vertex 43.80588571617311 26.734444369716797 1
      vertex 43.80588571617311 26.734444369716797 2
    endloop
  endfacet
  facet normal -0.7933533402912295 -0.608761429008728 0
    outer loop
      vertex 44.64951905283833 26.384999999999998 1
      vertex 44.64951905283833 26.384999999999998 2
      vertex 44.53033008588991 26.54033008588991 1
    endloop
  endfacet
  facet normal -0.3826834323650842 -0.9238795325112892 0
    outer loop
      vertex 44.375 26.659519052838327 1
      vertex 44.375 26.659519052838327 2
      vertex 44.19411428382689 26.734444369716797 1
    endloop
  endfacet
  facet normal -0.6087614290087253 -0.7933533402912316 9.002737558067146e-19
    outer loop
      vertex 44.375 26.659519052838327 1
      vertex 44.53033008588991 26.54033008588991 1
      vertex 44.53033008588991 26.54033008588991 2
    endloop
  endfacet
  facet normal 0.13052619222005957 -0.9914448613738094 4.399326424574214e-19
    outer loop
      vertex 43.80588571617311 26.734444369716797 1
      vertex 44 26.759999999999998 1
      vertex 44 26.759999999999998 2
    endloop
  endfacet
  facet normal -0.13052619222005957 -0.9914448613738094 -4.399326424574214e-19
    outer loop
      vertex 44 26.759999999999998 1
      vertex 44.19411428382689 26.734444369716797 1
      vertex 44.19411428382689 26.734444369716797 2
    endloop
  endfacet
  facet normal 0.7933533402911856 -0.608761429008785 0
    outer loop
      vertex 43.46966991411009 26.54033008588991 1
      vertex 43.46966991411009 26.54033008588991 2
      vertex 43.44639682065904 26.509999999999998 1.2
    endloop
  endfacet
  facet normal -0.9238795325112892 -0.3826834323650842 0
    outer loop
      vertex 44.7244443697168 26.20411428382689 1
      vertex 44.7244443697168 26.20411428382689 2
      vertex 44.64951905283833 26.384999999999998 1
    endloop
  endfacet
  facet normal 0.6087614290087253 -0.7933533402912316 0
    outer loop
      vertex 43.46966991411009 26.54033008588991 1
      vertex 43.625 26.659519052838327 2
      vertex 43.46966991411009 26.54033008588991 2
    endloop
  endfacet
  facet normal 0.7933533402911856 -0.608761429008785 0
    outer loop
      vertex 43.44639682065904 26.509999999999998 1.2
      vertex 43.46966991411009 26.54033008588991 2
      vertex 43.44639682065904 26.509999999999998 2
    endloop
  endfacet
  facet normal 0.3826834323650842 -0.9238795325112892 0
    outer loop
      vertex 43.625 26.659519052838327 1
      vertex 43.80588571617311 26.734444369716797 2
      vertex 43.625 26.659519052838327 2
    endloop
  endfacet
  facet normal -0.9238795325112892 -0.3826834323650842 0
    outer loop
      vertex 44.64951905283833 26.384999999999998 1
      vertex 44.7244443697168 26.20411428382689 2
      vertex 44.64951905283833 26.384999999999998 2
    endloop
  endfacet
  facet normal -0.3826834323650842 -0.9238795325112892 0
    outer loop
      vertex 44.19411428382689 26.734444369716797 1
      vertex 44.375 26.659519052838327 2
      vertex 44.19411428382689 26.734444369716797 2
    endloop
  endfacet
  facet normal -0.6087614290087253 -0.7933533402912316 0
    outer loop
      vertex 44.375 26.659519052838327 1
      vertex 44.53033008588991 26.54033008588991 2
      vertex 44.375 26.659519052838327 2
    endloop
  endfacet
  facet normal -0.7933533402912295 -0.608761429008728 0
    outer loop
      vertex 44.53033008588991 26.54033008588991 1
      vertex 44.64951905283833 26.384999999999998 2
      vertex 44.53033008588991 26.54033008588991 2
    endloop
  endfacet
  facet normal 0.13052619222005957 -0.9914448613738094 0
    outer loop
      vertex 43.80588571617311 26.734444369716797 1
      vertex 44 26.759999999999998 2
      vertex 43.80588571617311 26.734444369716797 2
    endloop
  endfacet
  facet normal -0.13052619222005957 -0.9914448613738094 0
    outer loop
      vertex 44 26.759999999999998 1
      vertex 44.19411428382689 26.734444369716797 2
      vertex 44 26.759999999999998 2
    endloop
  endfacet
  facet normal 0.7933533402912278 0.6087614290087302 4.0373074330138945e-17
    outer loop
      vertex 43.46966991411009 3.459669914110089 1
      vertex 43.35048094716167 3.6149999999999993 1
      vertex 43.35048094716167 3.6149999999999993 1.2
    endloop
  endfacet
  facet normal 0.9238795325112896 0.3826834323650825 -6.036593259165655e-18
    outer loop
      vertex 43.35048094716167 3.6149999999999993 1
      vertex 43.2755556302832 3.7958857161731085 1
      vertex 43.2755556302832 3.7958857161731085 1.2
    endloop
  endfacet
  facet normal 0 0 1
    outer loop
      vertex 43.80588571617311 3.265555630283198 1
      vertex 44 3.2399999999999993 1
      vertex 44 4.739999999999999 1
    endloop
  endfacet
  facet normal 0 0 1
    outer loop
      vertex 44 3.2399999999999993 1
      vertex 44.19411428382689 3.265555630283198 1
      vertex 44.19411428382689 4.714444369716801 1
    endloop
  endfacet
  facet normal 0 0 1
    outer loop
      vertex 44.19411428382689 3.265555630283198 1
      vertex 44.375 3.3404809471616703 1
      vertex 44.375 4.639519052838328 1
    endloop
  endfacet
  facet normal 0.9238795325112896 0.3826834323650825 0
    outer loop
      vertex 43.35048094716167 3.6149999999999993 1
      vertex 43.2755556302832 3.7958857161731085 1.2
      vertex 43.35048094716167 3.6149999999999993 1.2
    endloop
  endfacet
  facet normal 0.7933533402912184 0.6087614290087426 -1.5226190947213786e-14
    outer loop
      vertex 43.46966991411009 3.459669914110089 1
      vertex 43.35048094716167 3.6149999999999993 1.2
      vertex 43.44639682065905 3.4899999999999993 1.2
    endloop
  endfacet
  facet normal 0.6087614290087282 0.7933533402912294 8.455619363256178e-18
    outer loop
      vertex 43.625 3.3404809471616703 1
      vertex 43.46966991411009 3.459669914110089 1
      vertex 43.46966991411009 3.459669914110089 1.6
    endloop
  endfacet
  facet normal 0.13052619222005066 0.9914448613738106 0
    outer loop
      vertex 43.80588571617311 3.265555630283198 1
      vertex 43.80588571617311 3.265555630283198 1.6
      vertex 44 3.2399999999999993 1
    endloop
  endfacet
  facet normal -0.13052619222005066 0.9914448613738106 0
    outer loop
      vertex 44 3.2399999999999993 1
      vertex 44 3.2399999999999993 1.6
      vertex 44.19411428382689 3.265555630283198 1
    endloop
  endfacet
  facet normal 0.3826834323650919 0.9238795325112859 0
    outer loop
      vertex 43.625 3.3404809471616703 1
      vertex 43.625 3.3404809471616703 1.6
      vertex 43.80588571617311 3.265555630283198 1
    endloop
  endfacet
  facet normal -0.3826834323650919 0.9238795325112859 0
    outer loop
      vertex 44.19411428382689 3.265555630283198 1
      vertex 44.19411428382689 3.265555630283198 1.6
      vertex 44.375 3.3404809471616703 1
    endloop
  endfacet
  facet normal -0.6087614290087282 0.7933533402912294 0
    outer loop
      vertex 44.375 3.3404809471616703 1
      vertex 44.375 3.3404809471616703 1.6
      vertex 44.53033008588991 3.459669914110089 1
    endloop
  endfacet
  facet normal -0.793353340291228 0.6087614290087302 0
    outer loop
      vertex 44.53033008588991 3.459669914110089 1
      vertex 44.53033008588991 3.459669914110089 1.6
      vertex 44.64951905283833 3.6149999999999993 1
    endloop
  endfacet
  facet normal -0.9238795325112898 0.38268343236508257 0
    outer loop
      vertex 44.64951905283833 3.6149999999999993 1
      vertex 44.64951905283833 3.6149999999999993 1.6
      vertex 44.7244443697168 3.7958857161731085 1
    endloop
  endfacet
  facet normal 0.7933533402912668 0.6087614290086794 0
    outer loop
      vertex 43.46966991411009 3.459669914110089 1
      vertex 43.44639682065905 3.4899999999999993 1.2
      vertex 43.46966991411009 3.459669914110089 1.6
    endloop
  endfacet
  facet normal 0.6087614290087282 0.7933533402912294 0
    outer loop
      vertex 43.625 3.3404809471616703 1
      vertex 43.46966991411009 3.459669914110089 1.6
      vertex 43.625 3.3404809471616703 1.6
    endloop
  endfacet
  facet normal 0.7933533402912669 0.6087614290086792 0
    outer loop
      vertex 43.44639682065905 3.4899999999999993 1.2
      vertex 43.44639682065905 3.4899999999999993 1.6
      vertex 43.46966991411009 3.459669914110089 1.6
    endloop
  endfacet
  facet normal 0.13052619222005066 0.9914448613738106 0
    outer loop
      vertex 44 3.2399999999999993 1
      vertex 43.80588571617311 3.265555630283198 1.6
      vertex 44 3.2399999999999993 1.6
    endloop
  endfacet
  facet normal -0.13052619222005066 0.9914448613738106 0
    outer loop
      vertex 44.19411428382689 3.265555630283198 1
      vertex 44 3.2399999999999993 1.6
      vertex 44.19411428382689 3.265555630283198 1.6
    endloop
  endfacet
  facet normal 0.3826834323650919 0.9238795325112859 0
    outer loop
      vertex 43.80588571617311 3.265555630283198 1
      vertex 43.625 3.3404809471616703 1.6
      vertex 43.80588571617311 3.265555630283198 1.6
    endloop
  endfacet
  facet normal -0.3826834323650919 0.9238795325112859 0
    outer loop
      vertex 44.375 3.3404809471616703 1
      vertex 44.19411428382689 3.265555630283198 1.6
      vertex 44.375 3.3404809471616703 1.6
    endloop
  endfacet
  facet normal -0.6087614290087282 0.7933533402912294 0
    outer loop
      vertex 44.53033008588991 3.459669914110089 1
      vertex 44.375 3.3404809471616703 1.6
      vertex 44.53033008588991 3.459669914110089 1.6
    endloop
  endfacet
  facet normal -0.793353340291228 0.6087614290087302 0
    outer loop
      vertex 44.64951905283833 3.6149999999999993 1
      vertex 44.53033008588991 3.459669914110089 1.6
      vertex 44.64951905283833 3.6149999999999993 1.6
    endloop
  endfacet
  facet normal -0.9238795325112898 0.38268343236508257 0
    outer loop
      vertex 44.7244443697168 3.7958857161731085 1
      vertex 44.64951905283833 3.6149999999999993 1.6
      vertex 44.7244443697168 3.7958857161731085 1.6
    endloop
  endfacet
  facet normal 0 0 1
    outer loop
      vertex 43.35048094716167 3.6149999999999993 1
      vertex 43.35048094716167 4.364999999999999 1
      vertex 43.2755556302832 3.7958857161731085 1
    endloop
  endfacet
  facet normal 0 0 1
    outer loop
      vertex 43.46966991411009 3.459669914110089 1
      vertex 43.46966991411009 4.52033008588991 1
      vertex 43.35048094716167 3.6149999999999993 1
    endloop
  endfacet
  facet normal 0 0 1
    outer loop
      vertex 43.625 3.3404809471616703 1
      vertex 43.625 4.639519052838328 1
      vertex 43.46966991411009 3.459669914110089 1
    endloop
  endfacet
  facet normal 0 0 1
    outer loop
      vertex 43.2755556302832 3.7958857161731085 1
      vertex 43.2755556302832 4.18411428382689 1
      vertex 43.25 3.9899999999999993 1
    endloop
  endfacet
  facet normal 0 0 1
    outer loop
      vertex 43.2755556302832 3.7958857161731085 1
      vertex 43.35048094716167 4.364999999999999 1
      vertex 43.2755556302832 4.18411428382689 1
    endloop
  endfacet
  facet normal 0 0 1
    outer loop
      vertex 43.35048094716167 3.6149999999999993 1
      vertex 43.46966991411009 4.52033008588991 1
      vertex 43.35048094716167 4.364999999999999 1
    endloop
  endfacet
  facet normal 0 0 1
    outer loop
      vertex 43.46966991411009 3.459669914110089 1
      vertex 43.625 4.639519052838328 1
      vertex 43.46966991411009 4.52033008588991 1
    endloop
  endfacet
  facet normal 0.9914448613738093 0.13052619222006015 1.5429861666751134e-18
    outer loop
      vertex 43.2755556302832 3.7958857161731085 1
      vertex 43.25 3.9899999999999993 1
      vertex 43.25 3.9899999999999993 1.2
    endloop
  endfacet
  facet normal 0.9914448613738093 -0.13052619222006015 -1.5429861666751134e-18
    outer loop
      vertex 43.25 3.9899999999999993 1
      vertex 43.2755556302832 4.18411428382689 1
      vertex 43.2755556302832 4.18411428382689 1.2
    endloop
  endfacet
  facet normal 0.9238795325112896 -0.3826834323650825 6.036593259165655e-18
    outer loop
      vertex 43.2755556302832 4.18411428382689 1
      vertex 43.35048094716167 4.364999999999999 1
      vertex 43.35048094716167 4.364999999999999 1.2
    endloop
  endfacet
  facet normal 0.7933533402912278 -0.6087614290087302 -1.2271314915744396e-14
    outer loop
      vertex 43.35048094716167 4.364999999999999 1
      vertex 43.46966991411009 4.52033008588991 1
      vertex 43.44639682065905 4.489999999999999 1.2
    endloop
  endfacet
  facet normal 0.6087614290087281 -0.7933533402912293 -2.5366858089768543e-17
    outer loop
      vertex 43.46966991411009 4.52033008588991 1
      vertex 43.625 4.639519052838328 1
      vertex 43.625 4.639519052838328 1.2
    endloop
  endfacet
  facet normal 0 0 1
    outer loop
      vertex 43.625 3.3404809471616703 1
      vertex 43.80588571617311 3.265555630283198 1
      vertex 43.80588571617311 4.714444369716801 1
    endloop
  endfacet
  facet normal 0 0 1
    outer loop
      vertex 44.375 3.3404809471616703 1
      vertex 44.53033008588991 3.459669914110089 1
      vertex 44.53033008588991 4.52033008588991 1
    endloop
  endfacet
  facet normal 0 0 1
    outer loop
      vertex 44.53033008588991 3.459669914110089 1
      vertex 44.64951905283833 3.6149999999999993 1
      vertex 44.64951905283833 4.364999999999999 1
    endloop
  endfacet
  facet normal 0 0 1
    outer loop
      vertex 44.19411428382689 3.265555630283198 1
      vertex 44.375 4.639519052838328 1
      vertex 44.19411428382689 4.714444369716801 1
    endloop
  endfacet
  facet normal 0 0 1
    outer loop
      vertex 44.375 3.3404809471616703 1
      vertex 44.53033008588991 4.52033008588991 1
      vertex 44.375 4.639519052838328 1
    endloop
  endfacet
  facet normal 0 0 1
    outer loop
      vertex 44.64951905283833 3.6149999999999993 1
      vertex 44.7244443697168 4.18411428382689 1
      vertex 44.64951905283833 4.364999999999999 1
    endloop
  endfacet
  facet normal 0 0 1
    outer loop
      vertex 44.53033008588991 3.459669914110089 1
      vertex 44.64951905283833 4.364999999999999 1
      vertex 44.53033008588991 4.52033008588991 1
    endloop
  endfacet
  facet normal 0 0 1
    outer loop
      vertex 43.625 3.3404809471616703 1
      vertex 43.80588571617311 4.714444369716801 1
      vertex 43.625 4.639519052838328 1
    endloop
  endfacet
  facet normal 0 0 1
    outer loop
      vertex 43.80588571617311 3.265555630283198 1
      vertex 44 4.739999999999999 1
      vertex 43.80588571617311 4.714444369716801 1
    endloop
  endfacet
  facet normal 0 0 1
    outer loop
      vertex 44 3.2399999999999993 1
      vertex 44.19411428382689 4.714444369716801 1
      vertex 44 4.739999999999999 1
    endloop
  endfacet
  facet normal -0.38268343236509184 -0.9238795325112859 0
    outer loop
      vertex 44.375 4.639519052838328 1
      vertex 44.375 4.639519052838328 1.2
      vertex 44.19411428382689 4.714444369716801 1
    endloop
  endfacet
  facet normal -0.6087614290087281 -0.7933533402912293 -1.3651151795155502e-16
    outer loop
      vertex 44.375 4.639519052838328 1
      vertex 44.53033008588991 4.52033008588991 1
      vertex 44.5 4.543603179340956 1.2
    endloop
  endfacet
  facet normal 0.9914448613738093 0.13052619222006015 0
    outer loop
      vertex 43.2755556302832 3.7958857161731085 1
      vertex 43.25 3.9899999999999993 1.2
      vertex 43.2755556302832 3.7958857161731085 1.2
    endloop
  endfacet
  facet normal 0.9914448613738093 -0.13052619222006015 0
    outer loop
      vertex 43.25 3.9899999999999993 1
      vertex 43.2755556302832 4.18411428382689 1.2
      vertex 43.25 3.9899999999999993 1.2
    endloop
  endfacet
  facet normal 0.9238795325112896 -0.3826834323650825 0
    outer loop
      vertex 43.2755556302832 4.18411428382689 1
      vertex 43.35048094716167 4.364999999999999 1.2
      vertex 43.2755556302832 4.18411428382689 1.2
    endloop
  endfacet
  facet normal 0.7933533402912184 -0.6087614290087426 0
    outer loop
      vertex 43.35048094716167 4.364999999999999 1
      vertex 43.44639682065905 4.489999999999999 1.2
      vertex 43.35048094716167 4.364999999999999 1.2
    endloop
  endfacet
  facet normal 0.6087614290087283 -0.7933533402912293 -1.7363168315078443e-16
    outer loop
      vertex 43.46966991411009 4.52033008588991 1
      vertex 43.625 4.639519052838328 1.2
      vertex 43.5 4.543603179340956 1.2
    endloop
  endfacet
  facet normal 0.38268343236509184 -0.9238795325112859 0
    outer loop
      vertex 43.625 4.639519052838328 1
      vertex 43.80588571617311 4.714444369716801 1.2
      vertex 43.625 4.639519052838328 1.2
    endloop
  endfacet
  facet normal -0.6087614290087283 -0.7933533402912293 0
    outer loop
      vertex 44.375 4.639519052838328 1
      vertex 44.5 4.543603179340956 1.2
      vertex 44.375 4.639519052838328 1.2
    endloop
  endfacet
  facet normal -0.793353340291228 -0.6087614290087302 0
    outer loop
      vertex 44.64951905283833 4.364999999999999 1
      vertex 44.64951905283833 4.364999999999999 1.6
      vertex 44.53033008588991 4.52033008588991 1
    endloop
  endfacet
  facet normal 0.38268343236509184 -0.9238795325112859 6.534127386830055e-20
    outer loop
      vertex 43.625 4.639519052838328 1
      vertex 43.80588571617311 4.714444369716801 1
      vertex 43.80588571617311 4.714444369716801 1.2
    endloop
  endfacet
  facet normal 0.13052619222005063 -0.9914448613738106 -9.895628716701008e-18
    outer loop
      vertex 43.80588571617311 4.714444369716801 1
      vertex 44 4.739999999999999 1
      vertex 44 4.739999999999999 1.2
    endloop
  endfacet
  facet normal -0.13052619222005063 -0.9914448613738106 9.895628716701008e-18
    outer loop
      vertex 44 4.739999999999999 1
      vertex 44.19411428382689 4.714444369716801 1
      vertex 44.19411428382689 4.714444369716801 1.2
    endloop
  endfacet
  facet normal 0.13052619222005063 -0.9914448613738106 0
    outer loop
      vertex 43.80588571617311 4.714444369716801 1
      vertex 44 4.739999999999999 1.2
      vertex 43.80588571617311 4.714444369716801 1.2
    endloop
  endfacet
  facet normal -0.13052619222005063 -0.9914448613738106 0
    outer loop
      vertex 44 4.739999999999999 1
      vertex 44.19411428382689 4.714444369716801 1.2
      vertex 44 4.739999999999999 1.2
    endloop
  endfacet
  facet normal -0.38268343236509184 -0.9238795325112859 0
    outer loop
      vertex 44.19411428382689 4.714444369716801 1
      vertex 44.375 4.639519052838328 1.2
      vertex 44.19411428382689 4.714444369716801 1.2
    endloop
  endfacet
  facet normal 0.7933533402912668 -0.6087614290086794 0
    outer loop
      vertex 43.46966991411009 4.52033008588991 1
      vertex 43.46966991411009 4.52033008588991 1.6
      vertex 43.44639682065905 4.489999999999999 1.2
    endloop
  endfacet
  facet normal 0.6087614290087277 -0.7933533402912298 0
    outer loop
      vertex 43.46966991411009 4.52033008588991 1
      vertex 43.5 4.543603179340956 1.2
      vertex 43.46966991411009 4.52033008588991 1.6
    endloop
  endfacet
  facet normal -0.6087614290087277 -0.7933533402912298 0
    outer loop
      vertex 44.53033008588991 4.52033008588991 1
      vertex 44.53033008588991 4.52033008588991 1.6
      vertex 44.5 4.543603179340956 1.2
    endloop
  endfacet
  facet normal 0.7933533402912669 -0.6087614290086792 0
    outer loop
      vertex 43.44639682065905 4.489999999999999 1.2
      vertex 43.46966991411009 4.52033008588991 1.6
      vertex 43.44639682065905 4.489999999999999 1.6
    endloop
  endfacet
  facet normal 0.6087614290087277 -0.79335334029123 0
    outer loop
      vertex 43.5 4.543603179340956 1.2
      vertex 43.5 4.543603179340956 1.6
      vertex 43.46966991411009 4.52033008588991 1.6
    endloop
  endfacet
  facet normal -0.9238795325112898 -0.38268343236508257 0
    outer loop
      vertex 44.64951905283833 4.364999999999999 1
      vertex 44.7244443697168 4.18411428382689 1.6
      vertex 44.64951905283833 4.364999999999999 1.6
    endloop
  endfacet
  facet normal -0.793353340291228 -0.6087614290087302 0
    outer loop
      vertex 44.53033008588991 4.52033008588991 1
      vertex 44.64951905283833 4.364999999999999 1.6
      vertex 44.53033008588991 4.52033008588991 1.6
    endloop
  endfacet
  facet normal -0.6087614290087277 -0.79335334029123 0
    outer loop
      vertex 44.5 4.543603179340956 1.2
      vertex 44.53033008588991 4.52033008588991 1.6
      vertex 44.5 4.543603179340956 1.6
    endloop
  endfacet
  facet normal 0 0 1
    outer loop
      vertex 44.64951905283833 3.6149999999999993 1
      vertex 44.7244443697168 3.7958857161731085 1
      vertex 44.7244443697168 4.18411428382689 1
    endloop
  endfacet
  facet normal 0 0 1
    outer loop
      vertex 44.7244443697168 3.7958857161731085 1
      vertex 44.75 3.9899999999999993 1
      vertex 44.7244443697168 4.18411428382689 1
    endloop
  endfacet
  facet normal -0.9914448613738093 0.13052619222006012 0
    outer loop
      vertex 44.7244443697168 3.7958857161731085 1
      vertex 44.7244443697168 3.7958857161731085 1.6
      vertex 44.75 3.9899999999999993 1
    endloop
  endfacet
  facet normal -0.9914448613738093 -0.13052619222006012 0
    outer loop
      vertex 44.75 3.9899999999999993 1
      vertex 44.75 3.9899999999999993 1.6
      vertex 44.7244443697168 4.18411428382689 1
    endloop
  endfacet
  facet normal -0.9238795325112898 -0.38268343236508257 -2.012197753055218e-18
    outer loop
      vertex 44.64951905283833 4.364999999999999 1
      vertex 44.7244443697168 4.18411428382689 1
      vertex 44.7244443697168 4.18411428382689 1.6
    endloop
  endfacet
  facet normal -0.9914448613738093 0.13052619222006012 0
    outer loop
      vertex 44.75 3.9899999999999993 1
      vertex 44.7244443697168 3.7958857161731085 1.6
      vertex 44.75 3.9899999999999993 1.6
    endloop
  endfacet
  facet normal -0.9914448613738093 -0.13052619222006012 0
    outer loop
      vertex 44.7244443697168 4.18411428382689 1
      vertex 44.75 3.9899999999999993 1.6
      vertex 44.7244443697168 4.18411428382689 1.6
    endloop
  endfacet
  facet normal 0.6087614290087165 0.7933533402912384 2.414507685882425e-15
    outer loop
      vertex 19.46966991411009 22.939669914110087 1
      vertex 19.5 22.91639682065904 1.2
      vertex 19.625 22.82048094716167 1
    endloop
  endfacet
  facet normal 0.3826834323650841 0.923879532511289 0
    outer loop
      vertex 19.625 22.82048094716167 1
      vertex 19.625 22.82048094716167 1.2
      vertex 19.80588571617311 22.7455556302832 1
    endloop
  endfacet
  facet normal -0.13052619222005954 0.9914448613738094 0
    outer loop
      vertex 20 22.72 1
      vertex 20 22.72 1.2
      vertex 20.19411428382689 22.7455556302832 1
    endloop
  endfacet
  facet normal 0.13052619222005954 0.9914448613738094 -2.1996632122871075e-18
    outer loop
      vertex 20 22.72 1
      vertex 19.80588571617311 22.7455556302832 1
      vertex 19.80588571617311 22.7455556302832 1.2
    endloop
  endfacet
  facet normal -0.3826834323650841 0.923879532511289 0
    outer loop
      vertex 20.19411428382689 22.7455556302832 1
      vertex 20.19411428382689 22.7455556302832 1.2
      vertex 20.375 22.82048094716167 1
    endloop
  endfacet
  facet normal 0 0 1
    outer loop
      vertex 19.2755556302832 23.275885716173107 1
      vertex 19.35048094716167 23.095 1
      vertex 19.35048094716167 23.845 1
    endloop
  endfacet
  facet normal 0 0 1
    outer loop
      vertex 19.46966991411009 22.939669914110087 1
      vertex 19.46966991411009 24.00033008588991 1
      vertex 19.35048094716167 23.095 1
    endloop
  endfacet
  facet normal 0 0 1
    outer loop
      vertex 19.46966991411009 22.939669914110087 1
      vertex 19.625 22.82048094716167 1
      vertex 19.625 24.119519052838328 1
    endloop
  endfacet
  facet normal 0 0 1
    outer loop
      vertex 19.625 22.82048094716167 1
      vertex 19.80588571617311 22.7455556302832 1
      vertex 19.80588571617311 24.1944443697168 1
    endloop
  endfacet
  facet normal 0 0 1
    outer loop
      vertex 20 22.72 1
      vertex 20 24.22 1
      vertex 19.80588571617311 22.7455556302832 1
    endloop
  endfacet
  facet normal 0 0 1
    outer loop
      vertex 20 22.72 1
      vertex 20.19411428382689 22.7455556302832 1
      vertex 20.19411428382689 24.1944443697168 1
    endloop
  endfacet
  facet normal 0.9914448613738094 0.13052619222005957 -7.33221070762369e-19
    outer loop
      vertex 19.2755556302832 23.275885716173107 1
      vertex 19.25 23.47 1
      vertex 19.25 23.47 1.6
    endloop
  endfacet
  facet normal 0.3826834323650841 0.923879532511289 0
    outer loop
      vertex 19.80588571617311 22.7455556302832 1
      vertex 19.625 22.82048094716167 1.2
      vertex 19.80588571617311 22.7455556302832 1.2
    endloop
  endfacet
  facet normal 0.6087614290087141 0.79335334029124 0
    outer loop
      vertex 19.625 22.82048094716167 1
      vertex 19.5 22.91639682065904 1.2
      vertex 19.625 22.82048094716167 1.2
    endloop
  endfacet
  facet normal 0.13052619222005954 0.9914448613738094 0
    outer loop
      vertex 20 22.72 1
      vertex 19.80588571617311 22.7455556302832 1.2
      vertex 20 22.72 1.2
    endloop
  endfacet
  facet normal -0.13052619222005954 0.9914448613738094 0
    outer loop
      vertex 20.19411428382689 22.7455556302832 1
      vertex 20 22.72 1.2
      vertex 20.19411428382689 22.7455556302832 1.2
    endloop
  endfacet
  facet normal 0.7933533402912382 0.6087614290087165 3.846700524325316e-20
    outer loop
      vertex 19.46966991411009 22.939669914110087 1
      vertex 19.35048094716167 23.095 1
      vertex 19.35048094716167 23.095 1.6
    endloop
  endfacet
  facet normal 0.9238795325112892 0.3826834323650841 0
    outer loop
      vertex 19.2755556302832 23.275885716173107 1
      vertex 19.2755556302832 23.275885716173107 1.6
      vertex 19.35048094716167 23.095 1
    endloop
  endfacet
  facet normal 0 0 1
    outer loop
      vertex 19.2755556302832 23.275885716173107 1
      vertex 19.2755556302832 23.66411428382689 1
      vertex 19.25 23.47 1
    endloop
  endfacet
  facet normal 0 0 1
    outer loop
      vertex 19.2755556302832 23.275885716173107 1
      vertex 19.35048094716167 23.845 1
      vertex 19.2755556302832 23.66411428382689 1
    endloop
  endfacet
  facet normal 0 0 1
    outer loop
      vertex 19.35048094716167 23.095 1
      vertex 19.46966991411009 24.00033008588991 1
      vertex 19.35048094716167 23.845 1
    endloop
  endfacet
  facet normal 0 0 1
    outer loop
      vertex 19.46966991411009 22.939669914110087 1
      vertex 19.625 24.119519052838328 1
      vertex 19.46966991411009 24.00033008588991 1
    endloop
  endfacet
  facet normal 0 0 1
    outer loop
      vertex 19.625 22.82048094716167 1
      vertex 19.80588571617311 24.1944443697168 1
      vertex 19.625 24.119519052838328 1
    endloop
  endfacet
  facet normal 0 0 1
    outer loop
      vertex 19.80588571617311 22.7455556302832 1
      vertex 20 24.22 1
      vertex 19.80588571617311 24.1944443697168 1
    endloop
  endfacet
  facet normal 0 0 1
    outer loop
      vertex 20 22.72 1
      vertex 20.19411428382689 24.1944443697168 1
      vertex 20 24.22 1
    endloop
  endfacet
  facet normal 0 0 1
    outer loop
      vertex 20.19411428382689 22.7455556302832 1
      vertex 20.375 24.119519052838328 1
      vertex 20.19411428382689 24.1944443697168 1
    endloop
  endfacet
  facet normal 0.9914448613738094 -0.13052619222005957 7.33221070762369e-19
    outer loop
      vertex 19.25 23.47 1
      vertex 19.2755556302832 23.66411428382689 1
      vertex 19.2755556302832 23.66411428382689 1.6
    endloop
  endfacet
  facet normal 0.9238795325112892 -0.3826834323650841 -3.32991824390015e-18
    outer loop
      vertex 19.2755556302832 23.66411428382689 1
      vertex 19.35048094716167 23.845 1
      vertex 19.35048094716167 23.845 1.6
    endloop
  endfacet
  facet normal 0.7933533402912382 -0.6087614290087165 -3.846700524325316e-20
    outer loop
      vertex 19.35048094716167 23.845 1
      vertex 19.46966991411009 24.00033008588991 1
      vertex 19.46966991411009 24.00033008588991 1.6
    endloop
  endfacet
  facet normal 0.6087614290087165 -0.7933533402912382 -3.846700524325316e-20
    outer loop
      vertex 19.46966991411009 24.00033008588991 1
      vertex 19.625 24.119519052838328 1
      vertex 19.625 24.119519052838328 1.6
    endloop
  endfacet
  facet normal 0.3826834323650841 -0.9238795325112892 -3.32991824390015e-18
    outer loop
      vertex 19.625 24.119519052838328 1
      vertex 19.80588571617311 24.1944443697168 1
      vertex 19.80588571617311 24.1944443697168 1.6
    endloop
  endfacet
  facet normal 0.13052619222005957 -0.9914448613738094 7.33221070762369e-19
    outer loop
      vertex 19.80588571617311 24.1944443697168 1
      vertex 20 24.22 1
      vertex 20 24.22 1.6
    endloop
  endfacet
  facet normal -0.13052619222005957 -0.9914448613738094 -7.33221070762369e-19
    outer loop
      vertex 20 24.22 1
      vertex 20.19411428382689 24.1944443697168 1
      vertex 20.19411428382689 24.1944443697168 1.6
    endloop
  endfacet
  facet normal 0.6087614290087267 0.7933533402912307 0
    outer loop
      vertex 19.46966991411009 22.939669914110087 1
      vertex 19.46966991411009 22.939669914110087 1.6
      vertex 19.5 22.91639682065904 1.2
    endloop
  endfacet
  facet normal 0.9914448613738094 0.13052619222005957 0
    outer loop
      vertex 19.2755556302832 23.275885716173107 1
      vertex 19.25 23.47 1.6
      vertex 19.2755556302832 23.275885716173107 1.6
    endloop
  endfacet
  facet normal 0.6087614290087267 0.7933533402912306 0
    outer loop
      vertex 19.5 22.91639682065904 1.2
      vertex 19.46966991411009 22.939669914110087 1.6
      vertex 19.5 22.91639682065904 1.6
    endloop
  endfacet
  facet normal 0.7933533402912382 0.6087614290087165 0
    outer loop
      vertex 19.46966991411009 22.939669914110087 1
      vertex 19.35048094716167 23.095 1.6
      vertex 19.46966991411009 22.939669914110087 1.6
    endloop
  endfacet
  facet normal 0.9238795325112892 0.3826834323650841 0
    outer loop
      vertex 19.35048094716167 23.095 1
      vertex 19.2755556302832 23.275885716173107 1.6
      vertex 19.35048094716167 23.095 1.6
    endloop
  endfacet
  facet normal 0.9914448613738094 -0.13052619222005957 0
    outer loop
      vertex 19.25 23.47 1
      vertex 19.2755556302832 23.66411428382689 1.6
      vertex 19.25 23.47 1.6
    endloop
  endfacet
  facet normal 0.9238795325112892 -0.3826834323650841 0
    outer loop
      vertex 19.2755556302832 23.66411428382689 1
      vertex 19.35048094716167 23.845 1.6
      vertex 19.2755556302832 23.66411428382689 1.6
    endloop
  endfacet
  facet normal 0.7933533402912382 -0.6087614290087165 0
    outer loop
      vertex 19.35048094716167 23.845 1
      vertex 19.46966991411009 24.00033008588991 1.6
      vertex 19.35048094716167 23.845 1.6
    endloop
  endfacet
  facet normal 0.6087614290087165 -0.7933533402912382 0
    outer loop
      vertex 19.46966991411009 24.00033008588991 1
      vertex 19.625 24.119519052838328 1.6
      vertex 19.46966991411009 24.00033008588991 1.6
    endloop
  endfacet
  facet normal 0.3826834323650841 -0.9238795325112892 0
    outer loop
      vertex 19.625 24.119519052838328 1
      vertex 19.80588571617311 24.1944443697168 1.6
      vertex 19.625 24.119519052838328 1.6
    endloop
  endfacet
  facet normal 0.13052619222005957 -0.9914448613738094 0
    outer loop
      vertex 19.80588571617311 24.1944443697168 1
      vertex 20 24.22 1.6
      vertex 19.80588571617311 24.1944443697168 1.6
    endloop
  endfacet
  facet normal -0.13052619222005957 -0.9914448613738094 0
    outer loop
      vertex 20 24.22 1
      vertex 20.19411428382689 24.1944443697168 1.6
      vertex 20 24.22 1.6
    endloop
  endfacet
  facet normal -0.3826834323650841 -0.9238795325112892 0
    outer loop
      vertex 20.19411428382689 24.1944443697168 1
      vertex 20.375 24.119519052838328 1.6
      vertex 20.19411428382689 24.1944443697168 1.6
    endloop
  endfacet
  facet normal -0.6087614290087165 0.7933533402912384 0
    outer loop
      vertex 20.375 22.82048094716167 1
      vertex 20.375 22.82048094716167 1.2
      vertex 20.53033008588991 22.939669914110087 1
    endloop
  endfacet
  facet normal 0 0 1
    outer loop
      vertex 20.19411428382689 22.7455556302832 1
      vertex 20.375 22.82048094716167 1
      vertex 20.375 24.119519052838328 1
    endloop
  endfacet
  facet normal 0 0 1
    outer loop
      vertex 20.375 22.82048094716167 1
      vertex 20.53033008588991 22.939669914110087 1
      vertex 20.53033008588991 24.00033008588991 1
    endloop
  endfacet
  facet normal 0 0 1
    outer loop
      vertex 20.53033008588991 22.939669914110087 1
      vertex 20.64951905283833 23.095 1
      vertex 20.64951905283833 23.845 1
    endloop
  endfacet
  facet normal 0 0 1
    outer loop
      vertex 20.64951905283833 23.095 1
      vertex 20.7244443697168 23.275885716173107 1
      vertex 20.7244443697168 23.66411428382689 1
    endloop
  endfacet
  facet normal -0.7933533402912384 0.6087614290087165 2.418655432611857e-15
    outer loop
      vertex 20.53033008588991 22.939669914110087 1
      vertex 20.55360317934096 22.97 1.2
      vertex 20.64951905283833 23.095 1
    endloop
  endfacet
  facet normal -0.923879532511289 0.3826834323650841 0
    outer loop
      vertex 20.64951905283833 23.095 1
      vertex 20.64951905283833 23.095 1.2
      vertex 20.7244443697168 23.275885716173107 1
    endloop
  endfacet
  facet normal -0.9914448613738094 0.13052619222005954 0
    outer loop
      vertex 20.7244443697168 23.275885716173107 1
      vertex 20.7244443697168 23.275885716173107 1.2
      vertex 20.75 23.47 1
    endloop
  endfacet
  facet normal -0.3826834323650841 0.923879532511289 0
    outer loop
      vertex 20.375 22.82048094716167 1
      vertex 20.19411428382689 22.7455556302832 1.2
      vertex 20.375 22.82048094716167 1.2
    endloop
  endfacet
  facet normal -0.6087614290087141 0.79335334029124 3.005519648685611e-15
    outer loop
      vertex 20.53033008588991 22.939669914110087 1
      vertex 20.375 22.82048094716167 1.2
      vertex 20.5 22.91639682065904 1.2
    endloop
  endfacet
  facet normal -0.79335334029124 0.6087614290087141 0
    outer loop
      vertex 20.64951905283833 23.095 1
      vertex 20.55360317934096 22.97 1.2
      vertex 20.64951905283833 23.095 1.2
    endloop
  endfacet
  facet normal -0.923879532511289 0.3826834323650841 0
    outer loop
      vertex 20.7244443697168 23.275885716173107 1
      vertex 20.64951905283833 23.095 1.2
      vertex 20.7244443697168 23.275885716173107 1.2
    endloop
  endfacet
  facet normal -0.9914448613738094 0.13052619222005954 0
    outer loop
      vertex 20.75 23.47 1
      vertex 20.7244443697168 23.275885716173107 1.2
      vertex 20.75 23.47 1.2
    endloop
  endfacet
  facet normal 0 0 1
    outer loop
      vertex 20.375 22.82048094716167 1
      vertex 20.53033008588991 24.00033008588991 1
      vertex 20.375 24.119519052838328 1
    endloop
  endfacet
  facet normal 0 0 1
    outer loop
      vertex 20.64951905283833 23.095 1
      vertex 20.7244443697168 23.66411428382689 1
      vertex 20.64951905283833 23.845 1
    endloop
  endfacet
  facet normal 0 0 1
    outer loop
      vertex 20.7244443697168 23.275885716173107 1
      vertex 20.75 23.47 1
      vertex 20.7244443697168 23.66411428382689 1
    endloop
  endfacet
  facet normal 0 0 1
    outer loop
      vertex 20.53033008588991 22.939669914110087 1
      vertex 20.64951905283833 23.845 1
      vertex 20.53033008588991 24.00033008588991 1
    endloop
  endfacet
  facet normal -0.9914448613738094 -0.13052619222005954 0
    outer loop
      vertex 20.75 23.47 1
      vertex 20.75 23.47 1.2
      vertex 20.7244443697168 23.66411428382689 1
    endloop
  endfacet
  facet normal -0.923879532511289 -0.3826834323650841 0
    outer loop
      vertex 20.7244443697168 23.66411428382689 1
      vertex 20.7244443697168 23.66411428382689 1.2
      vertex 20.64951905283833 23.845 1
    endloop
  endfacet
  facet normal -0.7933533402912384 -0.6087614290087165 0
    outer loop
      vertex 20.64951905283833 23.845 1
      vertex 20.64951905283833 23.845 1.2
      vertex 20.53033008588991 24.00033008588991 1
    endloop
  endfacet
  facet normal -0.9914448613738094 -0.13052619222005954 0
    outer loop
      vertex 20.7244443697168 23.66411428382689 1
      vertex 20.75 23.47 1.2
      vertex 20.7244443697168 23.66411428382689 1.2
    endloop
  endfacet
  facet normal -0.923879532511289 -0.3826834323650841 0
    outer loop
      vertex 20.64951905283833 23.845 1
      vertex 20.7244443697168 23.66411428382689 1.2
      vertex 20.64951905283833 23.845 1.2
    endloop
  endfacet
  facet normal -0.79335334029124 -0.6087614290087141 3.0003654898397523e-15
    outer loop
      vertex 20.53033008588991 24.00033008588991 1
      vertex 20.64951905283833 23.845 1.2
      vertex 20.55360317934096 23.97 1.2
    endloop
  endfacet
  facet normal -0.6087614290087165 -0.7933533402912382 0
    outer loop
      vertex 20.53033008588991 24.00033008588991 1
      vertex 20.53033008588991 24.00033008588991 1.6
      vertex 20.375 24.119519052838328 1
    endloop
  endfacet
  facet normal -0.3826834323650841 -0.9238795325112892 3.32991824390015e-18
    outer loop
      vertex 20.19411428382689 24.1944443697168 1
      vertex 20.375 24.119519052838328 1
      vertex 20.375 24.119519052838328 1.6
    endloop
  endfacet
  facet normal -0.6087614290087267 0.7933533402912307 0
    outer loop
      vertex 20.53033008588991 22.939669914110087 1
      vertex 20.5 22.91639682065904 1.2
      vertex 20.53033008588991 22.939669914110087 1.6
    endloop
  endfacet
  facet normal -0.7933533402912307 0.6087614290087267 0
    outer loop
      vertex 20.53033008588991 22.939669914110087 1
      vertex 20.53033008588991 22.939669914110087 1.6
      vertex 20.55360317934096 22.97 1.2
    endloop
  endfacet
  facet normal -0.6087614290087267 0.7933533402912306 0
    outer loop
      vertex 20.5 22.91639682065904 1.2
      vertex 20.5 22.91639682065904 1.6
      vertex 20.53033008588991 22.939669914110087 1.6
    endloop
  endfacet
  facet normal -0.7933533402912306 0.6087614290087267 0
    outer loop
      vertex 20.55360317934096 22.97 1.2
      vertex 20.53033008588991 22.939669914110087 1.6
      vertex 20.55360317934096 22.97 1.6
    endloop
  endfacet
  facet normal -0.7933533402912307 -0.6087614290087267 0
    outer loop
      vertex 20.53033008588991 24.00033008588991 1
      vertex 20.55360317934096 23.97 1.2
      vertex 20.53033008588991 24.00033008588991 1.6
    endloop
  endfacet
  facet normal -0.6087614290087165 -0.7933533402912382 0
    outer loop
      vertex 20.375 24.119519052838328 1
      vertex 20.53033008588991 24.00033008588991 1.6
      vertex 20.375 24.119519052838328 1.6
    endloop
  endfacet
  facet normal -0.7933533402912306 -0.6087614290087267 0
    outer loop
      vertex 20.55360317934096 23.97 1.2
      vertex 20.55360317934096 23.97 1.6
      vertex 20.53033008588991 24.00033008588991 1.6
    endloop
  endfacet
  facet normal 0 0 1
    outer loop
      vertex 19.2755556302832 4.305885716173109 1
      vertex 19.2755556302832 4.694114283826891 1
      vertex 19.25 4.5 1
    endloop
  endfacet
  facet normal 0 0 1
    outer loop
      vertex 19.2755556302832 4.305885716173109 1
      vertex 19.35048094716167 4.125 1
      vertex 19.35048094716167 4.875 1
    endloop
  endfacet
  facet normal 0 0 1
    outer loop
      vertex 19.46966991411009 3.9696699141100895 1
      vertex 19.46966991411009 5.0303300858899105 1
      vertex 19.35048094716167 4.125 1
    endloop
  endfacet
  facet normal 0 0 1
    outer loop
      vertex 19.46966991411009 3.9696699141100895 1
      vertex 19.625 3.850480947161671 1
      vertex 19.625 5.149519052838329 1
    endloop
  endfacet
  facet normal 0 0 1
    outer loop
      vertex 19.625 3.850480947161671 1
      vertex 19.80588571617311 3.7755556302831987 1
      vertex 19.80588571617311 5.224444369716801 1
    endloop
  endfacet
  facet normal 0 0 1
    outer loop
      vertex 19.2755556302832 4.305885716173109 1
      vertex 19.35048094716167 4.875 1
      vertex 19.2755556302832 4.694114283826891 1
    endloop
  endfacet
  facet normal 0 0 1
    outer loop
      vertex 19.35048094716167 4.125 1
      vertex 19.46966991411009 5.0303300858899105 1
      vertex 19.35048094716167 4.875 1
    endloop
  endfacet
  facet normal 0 0 1
    outer loop
      vertex 19.80588571617311 3.7755556302831987 1
      vertex 20 3.75 1
      vertex 20 5.25 1
    endloop
  endfacet
  facet normal 0 0 1
    outer loop
      vertex 20 3.75 1
      vertex 20.19411428382689 3.7755556302831987 1
      vertex 20.19411428382689 5.224444369716801 1
    endloop
  endfacet
  facet normal 0 0 1
    outer loop
      vertex 19.46966991411009 3.9696699141100895 1
      vertex 19.625 5.149519052838329 1
      vertex 19.46966991411009 5.0303300858899105 1
    endloop
  endfacet
  facet normal 0 0 1
    outer loop
      vertex 19.625 3.850480947161671 1
      vertex 19.80588571617311 5.224444369716801 1
      vertex 19.625 5.149519052838329 1
    endloop
  endfacet
  facet normal 0 0 1
    outer loop
      vertex 19.80588571617311 3.7755556302831987 1
      vertex 20 5.25 1
      vertex 19.80588571617311 5.224444369716801 1
    endloop
  endfacet
  facet normal 0 0 1
    outer loop
      vertex 20 3.75 1
      vertex 20.19411428382689 5.224444369716801 1
      vertex 20 5.25 1
    endloop
  endfacet
  facet normal 0 0 1
    outer loop
      vertex 20.19411428382689 3.7755556302831987 1
      vertex 20.375 5.149519052838329 1
      vertex 20.19411428382689 5.224444369716801 1
    endloop
  endfacet
  facet normal 0.6087614290087193 -0.793353340291236 -2.098089032638386e-17
    outer loop
      vertex 19.46966991411009 5.0303300858899105 1
      vertex 19.625 5.149519052838329 1
      vertex 19.625 5.149519052838329 1.2
    endloop
  endfacet
  facet normal 0.38268343236509184 -0.9238795325112859 6.534127386830055e-20
    outer loop
      vertex 19.625 5.149519052838329 1
      vertex 19.80588571617311 5.224444369716801 1
      vertex 19.80588571617311 5.224444369716801 1.2
    endloop
  endfacet
  facet normal 0.13052619222005063 -0.9914448613738106 -9.895628716701008e-18
    outer loop
      vertex 19.80588571617311 5.224444369716801 1
      vertex 20 5.25 1
      vertex 20 5.25 1.2
    endloop
  endfacet
  facet normal -0.13052619222005063 -0.9914448613738106 9.895628716701008e-18
    outer loop
      vertex 20 5.25 1
      vertex 20.19411428382689 5.224444369716801 1
      vertex 20.19411428382689 5.224444369716801 1.2
    endloop
  endfacet
  facet normal 0.6087614290087177 -0.7933533402912375 2.1522454769139488e-15
    outer loop
      vertex 19.46966991411009 5.0303300858899105 1
      vertex 19.625 5.149519052838329 1.2
      vertex 19.5 5.05360317934096 1.2
    endloop
  endfacet
  facet normal 0.38268343236509184 -0.9238795325112859 0
    outer loop
      vertex 19.625 5.149519052838329 1
      vertex 19.80588571617311 5.224444369716801 1.2
      vertex 19.625 5.149519052838329 1.2
    endloop
  endfacet
  facet normal 0.13052619222005063 -0.9914448613738106 0
    outer loop
      vertex 19.80588571617311 5.224444369716801 1
      vertex 20 5.25 1.2
      vertex 19.80588571617311 5.224444369716801 1.2
    endloop
  endfacet
  facet normal -0.13052619222005063 -0.9914448613738106 0
    outer loop
      vertex 20 5.25 1
      vertex 20.19411428382689 5.224444369716801 1.2
      vertex 20 5.25 1.2
    endloop
  endfacet
  facet normal -0.38268343236509184 -0.9238795325112859 0
    outer loop
      vertex 20.19411428382689 5.224444369716801 1
      vertex 20.375 5.149519052838329 1.2
      vertex 20.19411428382689 5.224444369716801 1.2
    endloop
  endfacet
  facet normal 0.9914448613738094 0.13052619222006015 3.085972333350226e-19
    outer loop
      vertex 19.2755556302832 4.305885716173109 1
      vertex 19.25 4.5 1
      vertex 19.25 4.5 2
    endloop
  endfacet
  facet normal 0.9914448613738094 -0.13052619222006015 -3.085972333350226e-19
    outer loop
      vertex 19.25 4.5 1
      vertex 19.2755556302832 4.694114283826891 1
      vertex 19.2755556302832 4.694114283826891 2
    endloop
  endfacet
  facet normal 0.6087614290087193 0.793353340291236 0
    outer loop
      vertex 19.46966991411009 3.9696699141100895 1
      vertex 19.46966991411009 3.9696699141100895 2
      vertex 19.625 3.850480947161671 1
    endloop
  endfacet
  facet normal 0.3826834323650919 0.9238795325112859 0
    outer loop
      vertex 19.625 3.850480947161671 1
      vertex 19.625 3.850480947161671 2
      vertex 19.80588571617311 3.7755556302831987 1
    endloop
  endfacet
  facet normal 0.7933533402912366 0.6087614290087188 -8.617776582511623e-18
    outer loop
      vertex 19.46966991411009 3.9696699141100895 1
      vertex 19.35048094716167 4.125 1
      vertex 19.35048094716167 4.125 2
    endloop
  endfacet
  facet normal 0.13052619222005063 0.9914448613738105 0
    outer loop
      vertex 19.80588571617311 3.7755556302831987 1
      vertex 19.80588571617311 3.7755556302831987 2
      vertex 20 3.75 1
    endloop
  endfacet
  facet normal -0.13052619222005063 0.9914448613738105 0
    outer loop
      vertex 20 3.75 1
      vertex 20 3.75 2
      vertex 20.19411428382689 3.7755556302831987 1
    endloop
  endfacet
  facet normal -0.3826834323650919 0.9238795325112859 0
    outer loop
      vertex 20.19411428382689 3.7755556302831987 1
      vertex 20.19411428382689 3.7755556302831987 2
      vertex 20.375 3.850480947161671 1
    endloop
  endfacet
  facet normal 0.9238795325112897 0.3826834323650825 0
    outer loop
      vertex 19.2755556302832 4.305885716173109 1
      vertex 19.2755556302832 4.305885716173109 2
      vertex 19.35048094716167 4.125 1
    endloop
  endfacet
  facet normal 0.9238795325112897 -0.3826834323650825 1.207318651833131e-18
    outer loop
      vertex 19.2755556302832 4.694114283826891 1
      vertex 19.35048094716167 4.875 1
      vertex 19.35048094716167 4.875 2
    endloop
  endfacet
  facet normal 0.7933533402912366 -0.6087614290087188 8.617776582511623e-18
    outer loop
      vertex 19.35048094716167 4.875 1
      vertex 19.46966991411009 5.0303300858899105 1
      vertex 19.46966991411009 5.0303300858899105 2
    endloop
  endfacet
  facet normal 0.6087614290087265 -0.7933533402912306 0
    outer loop
      vertex 19.46966991411009 5.0303300858899105 1
      vertex 19.5 5.05360317934096 1.2
      vertex 19.46966991411009 5.0303300858899105 2
    endloop
  endfacet
  facet normal -0.7933533402912366 0.6087614290087188 4.593122519088803e-15
    outer loop
      vertex 20.53033008588991 3.9696699141100895 1
      vertex 20.55360317934096 4 1.2
      vertex 20.64951905283833 4.125 1
    endloop
  endfacet
  facet normal -0.9238795325112896 0.3826834323650825 0
    outer loop
      vertex 20.64951905283833 4.125 1
      vertex 20.64951905283833 4.125 1.2
      vertex 20.7244443697168 4.305885716173109 1
    endloop
  endfacet
  facet normal 0 0 1
    outer loop
      vertex 20.19411428382689 3.7755556302831987 1
      vertex 20.375 3.850480947161671 1
      vertex 20.375 5.149519052838329 1
    endloop
  endfacet
  facet normal 0 0 1
    outer loop
      vertex 20.375 3.850480947161671 1
      vertex 20.53033008588991 3.9696699141100895 1
      vertex 20.53033008588991 5.0303300858899105 1
    endloop
  endfacet
  facet normal 0 0 1
    outer loop
      vertex 20.53033008588991 3.9696699141100895 1
      vertex 20.64951905283833 4.125 1
      vertex 20.64951905283833 4.875 1
    endloop
  endfacet
  facet normal 0 0 1
    outer loop
      vertex 20.64951905283833 4.125 1
      vertex 20.7244443697168 4.305885716173109 1
      vertex 20.7244443697168 4.694114283826891 1
    endloop
  endfacet
  facet normal 0 0 1
    outer loop
      vertex 20.375 3.850480947161671 1
      vertex 20.53033008588991 5.0303300858899105 1
      vertex 20.375 5.149519052838329 1
    endloop
  endfacet
  facet normal 0 0 1
    outer loop
      vertex 20.64951905283833 4.125 1
      vertex 20.7244443697168 4.694114283826891 1
      vertex 20.64951905283833 4.875 1
    endloop
  endfacet
  facet normal 0 0 1
    outer loop
      vertex 20.7244443697168 4.305885716173109 1
      vertex 20.75 4.5 1
      vertex 20.7244443697168 4.694114283826891 1
    endloop
  endfacet
  facet normal 0 0 1
    outer loop
      vertex 20.53033008588991 3.9696699141100895 1
      vertex 20.64951905283833 4.875 1
      vertex 20.53033008588991 5.0303300858899105 1
    endloop
  endfacet
  facet normal -0.9914448613738093 0.13052619222006015 0
    outer loop
      vertex 20.7244443697168 4.305885716173109 1
      vertex 20.7244443697168 4.305885716173109 1.2
      vertex 20.75 4.5 1
    endloop
  endfacet
  facet normal -0.9914448613738093 -0.13052619222006015 0
    outer loop
      vertex 20.75 4.5 1
      vertex 20.75 4.5 1.2
      vertex 20.7244443697168 4.694114283826891 1
    endloop
  endfacet
  facet normal -0.79335334029124 0.6087614290087141 0
    outer loop
      vertex 20.64951905283833 4.125 1
      vertex 20.55360317934096 4 1.2
      vertex 20.64951905283833 4.125 1.2
    endloop
  endfacet
  facet normal -0.9238795325112896 0.3826834323650825 0
    outer loop
      vertex 20.7244443697168 4.305885716173109 1
      vertex 20.64951905283833 4.125 1.2
      vertex 20.7244443697168 4.305885716173109 1.2
    endloop
  endfacet
  facet normal -0.9914448613738093 0.13052619222006015 0
    outer loop
      vertex 20.75 4.5 1
      vertex 20.7244443697168 4.305885716173109 1.2
      vertex 20.75 4.5 1.2
    endloop
  endfacet
  facet normal -0.9914448613738093 -0.13052619222006015 0
    outer loop
      vertex 20.7244443697168 4.694114283826891 1
      vertex 20.75 4.5 1.2
      vertex 20.7244443697168 4.694114283826891 1.2
    endloop
  endfacet
  facet normal -0.9238795325112896 -0.3826834323650825 0
    outer loop
      vertex 20.7244443697168 4.694114283826891 1
      vertex 20.7244443697168 4.694114283826891 1.2
      vertex 20.64951905283833 4.875 1
    endloop
  endfacet
  facet normal -0.6087614290087193 -0.793353340291236 1.7265607612872554e-15
    outer loop
      vertex 20.53033008588991 5.0303300858899105 1
      vertex 20.5 5.05360317934096 1.2
      vertex 20.375 5.149519052838329 1
    endloop
  endfacet
  facet normal -0.7933533402912366 -0.6087614290087188 0
    outer loop
      vertex 20.64951905283833 4.875 1
      vertex 20.64951905283833 4.875 1.2
      vertex 20.53033008588991 5.0303300858899105 1
    endloop
  endfacet
  facet normal -0.38268343236509184 -0.9238795325112859 -6.534127386830055e-20
    outer loop
      vertex 20.19411428382689 5.224444369716801 1
      vertex 20.375 5.149519052838329 1
      vertex 20.375 5.149519052838329 1.2
    endloop
  endfacet
  facet normal -0.9238795325112896 -0.3826834323650825 0
    outer loop
      vertex 20.64951905283833 4.875 1
      vertex 20.7244443697168 4.694114283826891 1.2
      vertex 20.64951905283833 4.875 1.2
    endloop
  endfacet
  facet normal -0.6087614290087177 -0.7933533402912375 0
    outer loop
      vertex 20.375 5.149519052838329 1
      vertex 20.5 5.05360317934096 1.2
      vertex 20.375 5.149519052838329 1.2
    endloop
  endfacet
  facet normal -0.79335334029124 -0.6087614290087141 5.712937903709748e-15
    outer loop
      vertex 20.53033008588991 5.0303300858899105 1
      vertex 20.64951905283833 4.875 1.2
      vertex 20.55360317934096 5 1.2
    endloop
  endfacet
  facet normal -0.6087614290087193 0.793353340291236 0
    outer loop
      vertex 20.375 3.850480947161671 1
      vertex 20.375 3.850480947161671 2
      vertex 20.53033008588991 3.9696699141100895 1
    endloop
  endfacet
  facet normal -0.7933533402912221 0.6087614290087379 0
    outer loop
      vertex 20.53033008588991 3.9696699141100895 1
      vertex 20.53033008588991 3.9696699141100895 2
      vertex 20.55360317934096 4 1.2
    endloop
  endfacet
  facet normal -0.7933533402912221 -0.6087614290087379 0
    outer loop
      vertex 20.53033008588991 5.0303300858899105 1
      vertex 20.55360317934096 5 1.2
      vertex 20.53033008588991 5.0303300858899105 2
    endloop
  endfacet
  facet normal -0.6087614290087265 -0.7933533402912306 0
    outer loop
      vertex 20.53033008588991 5.0303300858899105 1
      vertex 20.53033008588991 5.0303300858899105 2
      vertex 20.5 5.05360317934096 1.2
    endloop
  endfacet
  facet normal 0.9914448613738094 0.13052619222006015 0
    outer loop
      vertex 19.2755556302832 4.305885716173109 1
      vertex 19.25 4.5 2
      vertex 19.2755556302832 4.305885716173109 2
    endloop
  endfacet
  facet normal 0.9914448613738094 -0.13052619222006015 0
    outer loop
      vertex 19.25 4.5 1
      vertex 19.2755556302832 4.694114283826891 2
      vertex 19.25 4.5 2
    endloop
  endfacet
  facet normal 0.3826834323650919 0.9238795325112859 0
    outer loop
      vertex 19.80588571617311 3.7755556302831987 1
      vertex 19.625 3.850480947161671 2
      vertex 19.80588571617311 3.7755556302831987 2
    endloop
  endfacet
  facet normal 0.6087614290087193 0.793353340291236 0
    outer loop
      vertex 19.625 3.850480947161671 1
      vertex 19.46966991411009 3.9696699141100895 2
      vertex 19.625 3.850480947161671 2
    endloop
  endfacet
  facet normal 0.7933533402912366 0.6087614290087188 0
    outer loop
      vertex 19.46966991411009 3.9696699141100895 1
      vertex 19.35048094716167 4.125 2
      vertex 19.46966991411009 3.9696699141100895 2
    endloop
  endfacet
  facet normal 0.9238795325112897 0.3826834323650825 0
    outer loop
      vertex 19.35048094716167 4.125 1
      vertex 19.2755556302832 4.305885716173109 2
      vertex 19.35048094716167 4.125 2
    endloop
  endfacet
  facet normal 0.13052619222005063 0.9914448613738105 0
    outer loop
      vertex 20 3.75 1
      vertex 19.80588571617311 3.7755556302831987 2
      vertex 20 3.75 2
    endloop
  endfacet
  facet normal -0.13052619222005063 0.9914448613738105 0
    outer loop
      vertex 20.19411428382689 3.7755556302831987 1
      vertex 20 3.75 2
      vertex 20.19411428382689 3.7755556302831987 2
    endloop
  endfacet
  facet normal 0.9238795325112897 -0.3826834323650825 0
    outer loop
      vertex 19.2755556302832 4.694114283826891 1
      vertex 19.35048094716167 4.875 2
      vertex 19.2755556302832 4.694114283826891 2
    endloop
  endfacet
  facet normal 0.7933533402912366 -0.6087614290087188 0
    outer loop
      vertex 19.35048094716167 4.875 1
      vertex 19.46966991411009 5.0303300858899105 2
      vertex 19.35048094716167 4.875 2
    endloop
  endfacet
  facet normal 0.6087614290087267 -0.7933533402912306 0
    outer loop
      vertex 19.5 5.05360317934096 1.2
      vertex 19.5 5.05360317934096 2
      vertex 19.46966991411009 5.0303300858899105 2
    endloop
  endfacet
  facet normal -0.3826834323650919 0.9238795325112859 0
    outer loop
      vertex 20.375 3.850480947161671 1
      vertex 20.19411428382689 3.7755556302831987 2
      vertex 20.375 3.850480947161671 2
    endloop
  endfacet
  facet normal -0.6087614290087193 0.793353340291236 0
    outer loop
      vertex 20.53033008588991 3.9696699141100895 1
      vertex 20.375 3.850480947161671 2
      vertex 20.53033008588991 3.9696699141100895 2
    endloop
  endfacet
  facet normal -0.7933533402912221 0.6087614290087378 0
    outer loop
      vertex 20.55360317934096 4 1.2
      vertex 20.53033008588991 3.9696699141100895 2
      vertex 20.55360317934096 4 2
    endloop
  endfacet
  facet normal -0.7933533402912221 -0.6087614290087378 0
    outer loop
      vertex 20.55360317934096 5 1.2
      vertex 20.55360317934096 5 2
      vertex 20.53033008588991 5.0303300858899105 2
    endloop
  endfacet
  facet normal -0.6087614290087267 -0.7933533402912306 0
    outer loop
      vertex 20.5 5.05360317934096 1.2
      vertex 20.53033008588991 5.0303300858899105 2
      vertex 20.5 5.05360317934096 2
    endloop
  endfacet
  facet normal 0.7933533402912278 0.6087614290087302 4.0373074330138945e-17
    outer loop
      vertex 35.46966991411009 3.9696699141100895 1
      vertex 35.35048094716167 4.125 1
      vertex 35.35048094716167 4.125 1.2
    endloop
  endfacet
  facet normal 0 0 1
    outer loop
      vertex 35.35048094716167 4.125 1
      vertex 35.35048094716167 4.875 1
      vertex 35.2755556302832 4.305885716173109 1
    endloop
  endfacet
  facet normal 0 0 1
    outer loop
      vertex 35.46966991411009 3.9696699141100895 1
      vertex 35.46966991411009 5.0303300858899105 1
      vertex 35.35048094716167 4.125 1
    endloop
  endfacet
  facet normal 0 0 1
    outer loop
      vertex 35.2755556302832 4.305885716173109 1
      vertex 35.2755556302832 4.694114283826891 1
      vertex 35.25 4.5 1
    endloop
  endfacet
  facet normal 0 0 1
    outer loop
      vertex 35.2755556302832 4.305885716173109 1
      vertex 35.35048094716167 4.875 1
      vertex 35.2755556302832 4.694114283826891 1
    endloop
  endfacet
  facet normal 0 0 1
    outer loop
      vertex 35.35048094716167 4.125 1
      vertex 35.46966991411009 5.0303300858899105 1
      vertex 35.35048094716167 4.875 1
    endloop
  endfacet
  facet normal 0.9914448613738093 0.13052619222006015 1.5429861666751134e-18
    outer loop
      vertex 35.2755556302832 4.305885716173109 1
      vertex 35.25 4.5 1
      vertex 35.25 4.5 1.2
    endloop
  endfacet
  facet normal 0.9238795325112896 0.3826834323650825 -6.036593259165655e-18
    outer loop
      vertex 35.35048094716167 4.125 1
      vertex 35.2755556302832 4.305885716173109 1
      vertex 35.2755556302832 4.305885716173109 1.2
    endloop
  endfacet
  facet normal 0.9914448613738093 -0.13052619222006015 -1.5429861666751134e-18
    outer loop
      vertex 35.25 4.5 1
      vertex 35.2755556302832 4.694114283826891 1
      vertex 35.2755556302832 4.694114283826891 1.2
    endloop
  endfacet
  facet normal 0 0 1
    outer loop
      vertex 35.46966991411009 3.9696699141100895 1
      vertex 35.625 3.850480947161671 1
      vertex 35.625 5.149519052838329 1
    endloop
  endfacet
  facet normal 0 0 1
    outer loop
      vertex 35.625 3.850480947161671 1
      vertex 35.80588571617311 3.7755556302831987 1
      vertex 35.80588571617311 5.224444369716801 1
    endloop
  endfacet
  facet normal 0 0 1
    outer loop
      vertex 35.80588571617311 3.7755556302831987 1
      vertex 36 3.75 1
      vertex 36 5.25 1
    endloop
  endfacet
  facet normal 0 0 1
    outer loop
      vertex 36 3.75 1
      vertex 36.19411428382689 3.7755556302831987 1
      vertex 36.19411428382689 5.224444369716801 1
    endloop
  endfacet
  facet normal 0 0 1
    outer loop
      vertex 36.19411428382689 3.7755556302831987 1
      vertex 36.375 3.850480947161671 1
      vertex 36.375 5.149519052838329 1
    endloop
  endfacet
  facet normal 0 0 1
    outer loop
      vertex 36.375 3.850480947161671 1
      vertex 36.53033008588991 3.9696699141100895 1
      vertex 36.53033008588991 5.0303300858899105 1
    endloop
  endfacet
  facet normal 0 0 1
    outer loop
      vertex 36.375 3.850480947161671 1
      vertex 36.53033008588991 5.0303300858899105 1
      vertex 36.375 5.149519052838329 1
    endloop
  endfacet
  facet normal 0.7933533402912184 0.6087614290087426 -1.5226190947213786e-14
    outer loop
      vertex 35.46966991411009 3.9696699141100895 1
      vertex 35.35048094716167 4.125 1.2
      vertex 35.44639682065905 4 1.2
    endloop
  endfacet
  facet normal 0.9238795325112896 0.3826834323650825 0
    outer loop
      vertex 35.35048094716167 4.125 1
      vertex 35.2755556302832 4.305885716173109 1.2
      vertex 35.35048094716167 4.125 1.2
    endloop
  endfacet
  facet normal 0.9914448613738093 0.13052619222006015 0
    outer loop
      vertex 35.2755556302832 4.305885716173109 1
      vertex 35.25 4.5 1.2
      vertex 35.2755556302832 4.305885716173109 1.2
    endloop
  endfacet
  facet normal 0.9914448613738093 -0.13052619222006015 0
    outer loop
      vertex 35.25 4.5 1
      vertex 35.2755556302832 4.694114283826891 1.2
      vertex 35.25 4.5 1.2
    endloop
  endfacet
  facet normal 0 0 1
    outer loop
      vertex 35.46966991411009 3.9696699141100895 1
      vertex 35.625 5.149519052838329 1
      vertex 35.46966991411009 5.0303300858899105 1
    endloop
  endfacet
  facet normal 0.9238795325112896 -0.3826834323650825 6.036593259165655e-18
    outer loop
      vertex 35.2755556302832 4.694114283826891 1
      vertex 35.35048094716167 4.875 1
      vertex 35.35048094716167 4.875 1.2
    endloop
  endfacet
  facet normal 0.7933533402912278 -0.6087614290087302 -1.2271314915744396e-14
    outer loop
      vertex 35.35048094716167 4.875 1
      vertex 35.46966991411009 5.0303300858899105 1
      vertex 35.44639682065905 5 1.2
    endloop
  endfacet
  facet normal 0.6087614290087281 -0.7933533402912293 -1.397279881067665e-16
    outer loop
      vertex 35.46966991411009 5.0303300858899105 1
      vertex 35.625 5.149519052838329 1
      vertex 35.5 5.053603179340957 1.2
    endloop
  endfacet
  facet normal 0 0 1
    outer loop
      vertex 35.625 3.850480947161671 1
      vertex 35.80588571617311 5.224444369716801 1
      vertex 35.625 5.149519052838329 1
    endloop
  endfacet
  facet normal 0 0 1
    outer loop
      vertex 35.80588571617311 3.7755556302831987 1
      vertex 36 5.25 1
      vertex 35.80588571617311 5.224444369716801 1
    endloop
  endfacet
  facet normal 0 0 1
    outer loop
      vertex 36 3.75 1
      vertex 36.19411428382689 5.224444369716801 1
      vertex 36 5.25 1
    endloop
  endfacet
  facet normal 0 0 1
    outer loop
      vertex 36.19411428382689 3.7755556302831987 1
      vertex 36.375 5.149519052838329 1
      vertex 36.19411428382689 5.224444369716801 1
    endloop
  endfacet
  facet normal -0.6087614290087281 -0.7933533402912293 -1.4076105141940963e-16
    outer loop
      vertex 36.53033008588991 5.0303300858899105 1
      vertex 36.5 5.053603179340957 1.2
      vertex 36.375 5.149519052838329 1
    endloop
  endfacet
  facet normal 0.38268343236509184 -0.9238795325112859 6.534127386830055e-20
    outer loop
      vertex 35.625 5.149519052838329 1
      vertex 35.80588571617311 5.224444369716801 1
      vertex 35.80588571617311 5.224444369716801 1.2
    endloop
  endfacet
  facet normal 0.13052619222005063 -0.9914448613738106 -9.895628716701008e-18
    outer loop
      vertex 35.80588571617311 5.224444369716801 1
      vertex 36 5.25 1
      vertex 36 5.25 1.2
    endloop
  endfacet
  facet normal -0.13052619222005063 -0.9914448613738106 9.895628716701008e-18
    outer loop
      vertex 36 5.25 1
      vertex 36.19411428382689 5.224444369716801 1
      vertex 36.19411428382689 5.224444369716801 1.2
    endloop
  endfacet
  facet normal -0.38268343236509184 -0.9238795325112859 0
    outer loop
      vertex 36.375 5.149519052838329 1
      vertex 36.375 5.149519052838329 1.2
      vertex 36.19411428382689 5.224444369716801 1
    endloop
  endfacet
  facet normal 0.9238795325112896 -0.3826834323650825 0
    outer loop
      vertex 35.2755556302832 4.694114283826891 1
      vertex 35.35048094716167 4.875 1.2
      vertex 35.2755556302832 4.694114283826891 1.2
    endloop
  endfacet
  facet normal 0.7933533402912184 -0.6087614290087426 0
    outer loop
      vertex 35.35048094716167 4.875 1
      vertex 35.44639682065905 5 1.2
      vertex 35.35048094716167 4.875 1.2
    endloop
  endfacet
  facet normal 0.6087614290087283 -0.7933533402912293 0
    outer loop
      vertex 35.625 5.149519052838329 1
      vertex 35.625 5.149519052838329 1.2
      vertex 35.5 5.053603179340957 1.2
    endloop
  endfacet
  facet normal -0.6087614290087283 -0.7933533402912293 0
    outer loop
      vertex 36.375 5.149519052838329 1
      vertex 36.5 5.053603179340957 1.2
      vertex 36.375 5.149519052838329 1.2
    endloop
  endfacet
  facet normal 0.38268343236509184 -0.9238795325112859 0
    outer loop
      vertex 35.625 5.149519052838329 1
      vertex 35.80588571617311 5.224444369716801 1.2
      vertex 35.625 5.149519052838329 1.2
    endloop
  endfacet
  facet normal 0.13052619222005063 -0.9914448613738106 0
    outer loop
      vertex 35.80588571617311 5.224444369716801 1
      vertex 36 5.25 1.2
      vertex 35.80588571617311 5.224444369716801 1.2
    endloop
  endfacet
  facet normal -0.13052619222005063 -0.9914448613738106 0
    outer loop
      vertex 36 5.25 1
      vertex 36.19411428382689 5.224444369716801 1.2
      vertex 36 5.25 1.2
    endloop
  endfacet
  facet normal -0.38268343236509184 -0.9238795325112859 0
    outer loop
      vertex 36.19411428382689 5.224444369716801 1
      vertex 36.375 5.149519052838329 1.2
      vertex 36.19411428382689 5.224444369716801 1.2
    endloop
  endfacet
  facet normal 0.6087614290087282 0.7933533402912294 0
    outer loop
      vertex 35.46966991411009 3.9696699141100895 1
      vertex 35.46966991411009 3.9696699141100895 2
      vertex 35.625 3.850480947161671 1
    endloop
  endfacet
  facet normal 0.3826834323650919 0.9238795325112859 0
    outer loop
      vertex 35.625 3.850480947161671 1
      vertex 35.625 3.850480947161671 2
      vertex 35.80588571617311 3.7755556302831987 1
    endloop
  endfacet
  facet normal 0.13052619222005063 0.9914448613738105 0
    outer loop
      vertex 35.80588571617311 3.7755556302831987 1
      vertex 35.80588571617311 3.7755556302831987 2
      vertex 36 3.75 1
    endloop
  endfacet
  facet normal -0.13052619222005063 0.9914448613738105 0
    outer loop
      vertex 36 3.75 1
      vertex 36 3.75 2
      vertex 36.19411428382689 3.7755556302831987 1
    endloop
  endfacet
  facet normal -0.3826834323650919 0.9238795325112859 0
    outer loop
      vertex 36.19411428382689 3.7755556302831987 1
      vertex 36.19411428382689 3.7755556302831987 2
      vertex 36.375 3.850480947161671 1
    endloop
  endfacet
  facet normal -0.6087614290087282 0.7933533402912294 0
    outer loop
      vertex 36.375 3.850480947161671 1
      vertex 36.375 3.850480947161671 2
      vertex 36.53033008588991 3.9696699141100895 1
    endloop
  endfacet
  facet normal 0.7933533402912668 0.6087614290086792 0
    outer loop
      vertex 35.46966991411009 3.9696699141100895 1
      vertex 35.44639682065905 4 1.2
      vertex 35.46966991411009 3.9696699141100895 2
    endloop
  endfacet
  facet normal 0.7933533402912668 -0.6087614290086792 0
    outer loop
      vertex 35.46966991411009 5.0303300858899105 1
      vertex 35.46966991411009 5.0303300858899105 2
      vertex 35.44639682065905 5 1.2
    endloop
  endfacet
  facet normal 0.6087614290087275 -0.7933533402912298 0
    outer loop
      vertex 35.46966991411009 5.0303300858899105 1
      vertex 35.5 5.053603179340957 1.2
      vertex 35.46966991411009 5.0303300858899105 2
    endloop
  endfacet
  facet normal -0.6087614290087275 -0.7933533402912298 0
    outer loop
      vertex 36.53033008588991 5.0303300858899105 1
      vertex 36.53033008588991 5.0303300858899105 2
      vertex 36.5 5.053603179340957 1.2
    endloop
  endfacet
  facet normal 0 0 1
    outer loop
      vertex 36.53033008588991 3.9696699141100895 1
      vertex 36.64951905283833 4.125 1
      vertex 36.64951905283833 4.875 1
    endloop
  endfacet
  facet normal 0 0 1
    outer loop
      vertex 36.64951905283833 4.125 1
      vertex 36.7244443697168 4.305885716173109 1
      vertex 36.7244443697168 4.694114283826891 1
    endloop
  endfacet
  facet normal 0 0 1
    outer loop
      vertex 36.64951905283833 4.125 1
      vertex 36.7244443697168 4.694114283826891 1
      vertex 36.64951905283833 4.875 1
    endloop
  endfacet
  facet normal 0 0 1
    outer loop
      vertex 36.7244443697168 4.305885716173109 1
      vertex 36.75 4.5 1
      vertex 36.7244443697168 4.694114283826891 1
    endloop
  endfacet
  facet normal 0 0 1
    outer loop
      vertex 36.53033008588991 3.9696699141100895 1
      vertex 36.64951905283833 4.875 1
      vertex 36.53033008588991 5.0303300858899105 1
    endloop
  endfacet
  facet normal -0.7933533402912278 0.6087614290087301 0
    outer loop
      vertex 36.53033008588991 3.9696699141100895 1
      vertex 36.53033008588991 3.9696699141100895 2
      vertex 36.64951905283833 4.125 1
    endloop
  endfacet
  facet normal -0.9238795325112897 0.3826834323650825 0
    outer loop
      vertex 36.64951905283833 4.125 1
      vertex 36.64951905283833 4.125 2
      vertex 36.7244443697168 4.305885716173109 1
    endloop
  endfacet
  facet normal -0.9914448613738094 0.13052619222006015 0
    outer loop
      vertex 36.7244443697168 4.305885716173109 1
      vertex 36.7244443697168 4.305885716173109 2
      vertex 36.75 4.5 1
    endloop
  endfacet
  facet normal -0.9914448613738094 -0.13052619222006015 0
    outer loop
      vertex 36.75 4.5 1
      vertex 36.75 4.5 2
      vertex 36.7244443697168 4.694114283826891 1
    endloop
  endfacet
  facet normal -0.9238795325112897 -0.3826834323650825 0
    outer loop
      vertex 36.7244443697168 4.694114283826891 1
      vertex 36.7244443697168 4.694114283826891 2
      vertex 36.64951905283833 4.875 1
    endloop
  endfacet
  facet normal -0.7933533402912278 -0.6087614290087301 8.074614866027787e-18
    outer loop
      vertex 36.53033008588991 5.0303300858899105 1
      vertex 36.64951905283833 4.875 1
      vertex 36.64951905283833 4.875 2
    endloop
  endfacet
  facet normal 0.7933533402912669 0.6087614290086792 0
    outer loop
      vertex 35.44639682065905 4 1.2
      vertex 35.44639682065905 4 2
      vertex 35.46966991411009 3.9696699141100895 2
    endloop
  endfacet
  facet normal 0.3826834323650919 0.9238795325112859 0
    outer loop
      vertex 35.80588571617311 3.7755556302831987 1
      vertex 35.625 3.850480947161671 2
      vertex 35.80588571617311 3.7755556302831987 2
    endloop
  endfacet
  facet normal 0.6087614290087282 0.7933533402912294 0
    outer loop
      vertex 35.625 3.850480947161671 1
      vertex 35.46966991411009 3.9696699141100895 2
      vertex 35.625 3.850480947161671 2
    endloop
  endfacet
  facet normal 0.13052619222005063 0.9914448613738105 0
    outer loop
      vertex 36 3.75 1
      vertex 35.80588571617311 3.7755556302831987 2
      vertex 36 3.75 2
    endloop
  endfacet
  facet normal -0.13052619222005063 0.9914448613738105 0
    outer loop
      vertex 36.19411428382689 3.7755556302831987 1
      vertex 36 3.75 2
      vertex 36.19411428382689 3.7755556302831987 2
    endloop
  endfacet
  facet normal -0.3826834323650919 0.9238795325112859 0
    outer loop
      vertex 36.375 3.850480947161671 1
      vertex 36.19411428382689 3.7755556302831987 2
      vertex 36.375 3.850480947161671 2
    endloop
  endfacet
  facet normal -0.6087614290087282 0.7933533402912294 0
    outer loop
      vertex 36.53033008588991 3.9696699141100895 1
      vertex 36.375 3.850480947161671 2
      vertex 36.53033008588991 3.9696699141100895 2
    endloop
  endfacet
  facet normal 0.7933533402912669 -0.6087614290086792 0
    outer loop
      vertex 35.44639682065905 5 1.2
      vertex 35.46966991411009 5.0303300858899105 2
      vertex 35.44639682065905 5 2
    endloop
  endfacet
  facet normal 0.6087614290087277 -0.7933533402912298 0
    outer loop
      vertex 35.5 5.053603179340957 1.2
      vertex 35.5 5.053603179340957 2
      vertex 35.46966991411009 5.0303300858899105 2
    endloop
  endfacet
  facet normal -0.6087614290087277 -0.7933533402912298 0
    outer loop
      vertex 36.5 5.053603179340957 1.2
      vertex 36.53033008588991 5.0303300858899105 2
      vertex 36.5 5.053603179340957 2
    endloop
  endfacet
  facet normal -0.7933533402912278 0.6087614290087301 0
    outer loop
      vertex 36.64951905283833 4.125 1
      vertex 36.53033008588991 3.9696699141100895 2
      vertex 36.64951905283833 4.125 2
    endloop
  endfacet
  facet normal -0.9238795325112897 0.3826834323650825 0
    outer loop
      vertex 36.7244443697168 4.305885716173109 1
      vertex 36.64951905283833 4.125 2
      vertex 36.7244443697168 4.305885716173109 2
    endloop
  endfacet
  facet normal -0.9914448613738094 0.13052619222006015 0
    outer loop
      vertex 36.75 4.5 1
      vertex 36.7244443697168 4.305885716173109 2
      vertex 36.75 4.5 2
    endloop
  endfacet
  facet normal -0.9914448613738094 -0.13052619222006015 0
    outer loop
      vertex 36.7244443697168 4.694114283826891 1
      vertex 36.75 4.5 2
      vertex 36.7244443697168 4.694114283826891 2
    endloop
  endfacet
  facet normal -0.9238795325112897 -0.3826834323650825 0
    outer loop
      vertex 36.64951905283833 4.875 1
      vertex 36.7244443697168 4.694114283826891 2
      vertex 36.64951905283833 4.875 2
    endloop
  endfacet
  facet normal -0.7933533402912278 -0.6087614290087301 0
    outer loop
      vertex 36.53033008588991 5.0303300858899105 1
      vertex 36.64951905283833 4.875 2
      vertex 36.53033008588991 5.0303300858899105 2
    endloop
  endfacet
  facet normal 0 -1 0
    outer loop
      vertex 10.156971998512745 3.188992001116276 2
      vertex 10.352271996438503 3.188992001116276 2
      vertex 10.156971998512745 3.188992001116276 2.3
    endloop
  endfacet
  facet normal 1 0 0
    outer loop
      vertex 10.352271996438503 3.188992001116276 2
      vertex 10.352271996438503 4.248489998281002 2
      vertex 10.352271996438503 3.188992001116276 2.3
    endloop
  endfacet
  facet normal 0 -1 0
    outer loop
      vertex 10.667181998491287 3.7260759994387627 2
      vertex 10.834420002996922 3.7260759994387627 2
      vertex 10.667181998491287 3.7260759994387627 2.3
    endloop
  endfacet
  facet normal 0 -1 0
    outer loop
      vertex 11.143228001892567 3.188992001116276 2
      vertex 11.340975999832153 3.188992001116276 2
      vertex 11.143228001892567 3.188992001116276 2.3
    endloop
  endfacet
  facet normal -0.5242834272474711 -0.8515438261849155 0
    outer loop
      vertex 11.981438502669334 3.2004399970173836 2
      vertex 11.80672600120306 3.308008000254631 2.3
      vertex 11.80672600120306 3.308008000254631 2
    endloop
  endfacet
  facet normal -0.13828389535736776 -0.990392631376462 0
    outer loop
      vertex 11.981438502669334 3.2004399970173836 2
      vertex 12.238240003585815 3.1645840033888817 2
      vertex 11.981438502669334 3.2004399970173836 2.3
    endloop
  endfacet
  facet normal 1 0 0
    outer loop
      vertex 11.340975999832153 3.188992001116276 2
      vertex 11.340975999832153 4.835614003241062 2
      vertex 11.340975999832153 3.188992001116276 2.3
    endloop
  endfacet
  facet normal -0.8802993780915284 -0.4744185967388594 0
    outer loop
      vertex 11.80672600120306 3.308008000254631 2
      vertex 11.706488497555256 3.4940019994974136 2.3
      vertex 11.706488497555256 3.4940019994974136 2
    endloop
  endfacet
  facet normal 0.15098586919796947 0.9885359210987397 0
    outer loop
      vertex 12.078184001147747 3.378041498363018 2
      vertex 12.237015999853611 3.353781998157501 2.3
      vertex 12.237015999853611 3.353781998157501 2
    endloop
  endfacet
  facet normal 0.5863400442749225 0.8100650297844502 0
    outer loop
      vertex 12.078184001147747 3.378041498363018 2
      vertex 11.977636002004147 3.4508199989795685 2
      vertex 12.078184001147747 3.378041498363018 2.3
    endloop
  endfacet
  facet normal 0.9295601362929462 0.3686705209466028 0
    outer loop
      vertex 11.977636002004147 3.4508199989795685 2
      vertex 11.92408149689436 3.5858514979481697 2
      vertex 11.977636002004147 3.4508199989795685 2.3
    endloop
  endfacet
  facet normal -0.9924922875215044 -0.12230723286188594 0
    outer loop
      vertex 11.706488497555256 3.4940019994974136 2
      vertex 11.673075996339321 3.7651360034942627 2.3
      vertex 11.673075996339321 3.7651360034942627 2
    endloop
  endfacet
  facet normal 0.9964407816703535 0.08429572126849048 0
    outer loop
      vertex 11.92408149689436 3.5858514979481697 2
      vertex 11.906230002641678 3.7968700006604195 2
      vertex 11.92408149689436 3.5858514979481697 2.3
    endloop
  endfacet
  facet normal 0 -1 0
    outer loop
      vertex 10.352271996438503 3.188992001116276 2
      vertex 10.352271996438503 3.188992001116276 2.3
      vertex 10.156971998512745 3.188992001116276 2.3
    endloop
  endfacet
  facet normal -1 0 0
    outer loop
      vertex 10.156971998512745 3.188992001116276 2
      vertex 10.156971998512745 3.188992001116276 2.3
      vertex 10.156971998512745 4.835614003241062 2.3
    endloop
  endfacet
  facet normal 0 -1 0
    outer loop
      vertex 10.834420002996922 3.7260759994387627 2
      vertex 10.834420002996922 3.7260759994387627 2.3
      vertex 10.667181998491287 3.7260759994387627 2.3
    endloop
  endfacet
  facet normal -1 0 0
    outer loop
      vertex 11.143228001892567 3.188992001116276 2
      vertex 11.143228001892567 3.188992001116276 2.3
      vertex 11.143228001892567 4.248489998281002 2.3
    endloop
  endfacet
  facet normal 0 -1 0
    outer loop
      vertex 11.340975999832153 3.188992001116276 2
      vertex 11.340975999832153 3.188992001116276 2.3
      vertex 11.143228001892567 3.188992001116276 2.3
    endloop
  endfacet
  facet normal -0.5242834272474711 -0.8515438261849155 0
    outer loop
      vertex 11.981438502669334 3.2004399970173836 2
      vertex 11.981438502669334 3.2004399970173836 2.3
      vertex 11.80672600120306 3.308008000254631 2.3
    endloop
  endfacet
  facet normal -0.13828389535736776 -0.990392631376462 0
    outer loop
      vertex 12.238240003585815 3.1645840033888817 2
      vertex 12.238240003585815 3.1645840033888817 2.3
      vertex 11.981438502669334 3.2004399970173836 2.3
    endloop
  endfacet
  facet normal -0.8802993780915284 -0.4744185967388594 0
    outer loop
      vertex 11.80672600120306 3.308008000254631 2
      vertex 11.80672600120306 3.308008000254631 2.3
      vertex 11.706488497555256 3.4940019994974136 2.3
    endloop
  endfacet
  facet normal 0.15098586919796947 0.9885359210987397 0
    outer loop
      vertex 12.078184001147747 3.378041498363018 2
      vertex 12.078184001147747 3.378041498363018 2.3
      vertex 12.237015999853611 3.353781998157501 2.3
    endloop
  endfacet
  facet normal 0.5863400442749225 0.8100650297844502 0
    outer loop
      vertex 11.977636002004147 3.4508199989795685 2
      vertex 11.977636002004147 3.4508199989795685 2.3
      vertex 12.078184001147747 3.378041498363018 2.3
    endloop
  endfacet
  facet normal -0.9924922875215044 -0.12230723286188594 0
    outer loop
      vertex 11.706488497555256 3.4940019994974136 2
      vertex 11.706488497555256 3.4940019994974136 2.3
      vertex 11.673075996339321 3.7651360034942627 2.3
    endloop
  endfacet
  facet normal 0.9964407816703535 0.08429572126849048 0
    outer loop
      vertex 11.92408149689436 3.5858514979481697 2.3
      vertex 11.906230002641678 3.7968700006604195 2
      vertex 11.906230002641678 3.7968700006604195 2.3
    endloop
  endfacet
  facet normal 0.9295601362929462 0.3686705209466028 0
    outer loop
      vertex 11.92408149689436 3.5858514979481697 2
      vertex 11.92408149689436 3.5858514979481697 2.3
      vertex 11.977636002004147 3.4508199989795685 2.3
    endloop
  endfacet
  facet normal 0 0 1
    outer loop
      vertex 10.156971998512745 3.188992001116276 2.3
      vertex 10.352271996438503 3.188992001116276 2.3
      vertex 10.352271996438503 4.248489998281002 2.3
    endloop
  endfacet
  facet normal 0 0 1
    outer loop
      vertex 11.981438502669334 3.2004399970173836 2.3
      vertex 12.238240003585815 3.1645840033888817 2.3
      vertex 12.078184001147747 3.378041498363018 2.3
    endloop
  endfacet
  facet normal 0 0 1
    outer loop
      vertex 11.143228001892567 3.188992001116276 2.3
      vertex 11.340975999832153 3.188992001116276 2.3
      vertex 11.143228001892567 4.248489998281002 2.3
    endloop
  endfacet
  facet normal 0 0 1
    outer loop
      vertex 11.981438502669334 3.2004399970173836 2.3
      vertex 11.977636002004147 3.4508199989795685 2.3
      vertex 11.80672600120306 3.308008000254631 2.3
    endloop
  endfacet
  facet normal 0 0 1
    outer loop
      vertex 11.80672600120306 3.308008000254631 2.3
      vertex 11.977636002004147 3.4508199989795685 2.3
      vertex 11.706488497555256 3.4940019994974136 2.3
    endloop
  endfacet
  facet normal 0 0 1
    outer loop
      vertex 11.706488497555256 3.4940019994974136 2.3
      vertex 11.977636002004147 3.4508199989795685 2.3
      vertex 11.92408149689436 3.5858514979481697 2.3
    endloop
  endfacet
  facet normal 0 0 1
    outer loop
      vertex 11.981438502669334 3.2004399970173836 2.3
      vertex 12.078184001147747 3.378041498363018 2.3
      vertex 11.977636002004147 3.4508199989795685 2.3
    endloop
  endfacet
  facet normal 0 0 1
    outer loop
      vertex 12.078184001147747 3.378041498363018 2.3
      vertex 12.238240003585815 3.1645840033888817 2.3
      vertex 12.237015999853611 3.353781998157501 2.3
    endloop
  endfacet
  facet normal 0 0 1
    outer loop
      vertex 11.706488497555256 3.4940019994974136 2.3
      vertex 11.92408149689436 3.5858514979481697 2.3
      vertex 11.673075996339321 3.7651360034942627 2.3
    endloop
  endfacet
  facet normal 0 0 1
    outer loop
      vertex 11.92408149689436 3.5858514979481697 2.3
      vertex 11.906230002641678 3.7968700006604195 2.3
      vertex 11.673075996339321 3.7651360034942627 2.3
    endloop
  endfacet
  facet normal 0.13831359121147202 -0.9903884846292317 0
    outer loop
      vertex 12.238240003585815 3.1645840033888817 2
      vertex 12.503717496991158 3.2016595005989075 2
      vertex 12.238240003585815 3.1645840033888817 2.3
    endloop
  endfacet
  facet normal 0.5230025818665768 -0.852331097262616 0
    outer loop
      vertex 12.503717496991158 3.2016595005989075 2
      vertex 12.684982001781464 3.3128859996795654 2
      vertex 12.503717496991158 3.2016595005989075 2.3
    endloop
  endfacet
  facet normal -0.14797216767851018 0.9889915255413075 0
    outer loop
      vertex 12.237015999853611 3.353781998157501 2
      vertex 12.404240496456623 3.378802001476288 2.3
      vertex 12.404240496456623 3.378802001476288 2
    endloop
  endfacet
  facet normal -0.5684813328654568 0.8226961615222924 0
    outer loop
      vertex 12.404240496456623 3.378802001476288 2
      vertex 12.512865997850895 3.4538619965314865 2.3
      vertex 12.512865997850895 3.4538619965314865 2
    endloop
  endfacet
  facet normal -0.9200755838852717 0.39174088366952015 0
    outer loop
      vertex 12.512865997850895 3.4538619965314865 2
      vertex 12.572374001145363 3.5936274975538254 2.3
      vertex 12.572374001145363 3.5936274975538254 2
    endloop
  endfacet
  facet normal -0.9959268374404687 0.09016504015319018 0
    outer loop
      vertex 12.572374001145363 3.5936274975538254 2
      vertex 12.592210002243519 3.812728002667427 2.3
      vertex 12.592210002243519 3.812728002667427 2
    endloop
  endfacet
  facet normal 0.8793159715873574 -0.47623882885730956 0
    outer loop
      vertex 12.684982001781464 3.3128859996795654 2
      vertex 12.789350502192974 3.5055895000696182 2
      vertex 12.684982001781464 3.3128859996795654 2.3
    endloop
  endfacet
  facet normal 0.9924499607348425 -0.12265021580661654 0
    outer loop
      vertex 12.789350502192974 3.5055895000696182 2
      vertex 12.82413999736309 3.7870960012078285 2
      vertex 12.789350502192974 3.5055895000696182 2.3
    endloop
  endfacet
  facet normal 0 -1 0
    outer loop
      vertex 13.289296001195908 3.188992001116276 2
      vertex 14.342692002654076 3.188992001116276 2
      vertex 13.289296001195908 3.188992001116276 2.3
    endloop
  endfacet
  facet normal 0 1 0
    outer loop
      vertex 13.522431999444962 3.3794139996170998 2
      vertex 14.342692002654076 3.3794139996170998 2.3
      vertex 14.342692002654076 3.3794139996170998 2
    endloop
  endfacet
  facet normal 0.13831359121147202 -0.9903884846292317 0
    outer loop
      vertex 12.503717496991158 3.2016595005989075 2
      vertex 12.503717496991158 3.2016595005989075 2.3
      vertex 12.238240003585815 3.1645840033888817 2.3
    endloop
  endfacet
  facet normal 0.5230025818665768 -0.852331097262616 0
    outer loop
      vertex 12.684982001781464 3.3128859996795654 2
      vertex 12.684982001781464 3.3128859996795654 2.3
      vertex 12.503717496991158 3.2016595005989075 2.3
    endloop
  endfacet
  facet normal -0.14797216767851018 0.9889915255413075 0
    outer loop
      vertex 12.237015999853611 3.353781998157501 2
      vertex 12.237015999853611 3.353781998157501 2.3
      vertex 12.404240496456623 3.378802001476288 2.3
    endloop
  endfacet
  facet normal -0.5684813328654568 0.8226961615222924 0
    outer loop
      vertex 12.404240496456623 3.378802001476288 2
      vertex 12.404240496456623 3.378802001476288 2.3
      vertex 12.512865997850895 3.4538619965314865 2.3
    endloop
  endfacet
  facet normal -0.9200755838852717 0.39174088366952015 0
    outer loop
      vertex 12.512865997850895 3.4538619965314865 2
      vertex 12.512865997850895 3.4538619965314865 2.3
      vertex 12.572374001145363 3.5936274975538254 2.3
    endloop
  endfacet
  facet normal -0.9959268374404687 0.09016504015319018 0
    outer loop
      vertex 12.572374001145363 3.5936274975538254 2
      vertex 12.572374001145363 3.5936274975538254 2.3
      vertex 12.592210002243519 3.812728002667427 2.3
    endloop
  endfacet
  facet normal 0.8793159715873574 -0.47623882885730956 0
    outer loop
      vertex 12.789350502192974 3.5055895000696182 2
      vertex 12.789350502192974 3.5055895000696182 2.3
      vertex 12.684982001781464 3.3128859996795654 2.3
    endloop
  endfacet
  facet normal 0.9924499607348425 -0.12265021580661654 0
    outer loop
      vertex 12.789350502192974 3.5055895000696182 2.3
      vertex 12.82413999736309 3.7870960012078285 2
      vertex 12.82413999736309 3.7870960012078285 2.3
    endloop
  endfacet
  facet normal 0 -1 0
    outer loop
      vertex 14.342692002654076 3.188992001116276 2
      vertex 14.342692002654076 3.188992001116276 2.3
      vertex 13.289296001195908 3.188992001116276 2.3
    endloop
  endfacet
  facet normal -1 0 0
    outer loop
      vertex 13.289296001195908 3.188992001116276 2
      vertex 13.289296001195908 3.188992001116276 2.3
      vertex 13.289296001195908 4.835614003241062 2.3
    endloop
  endfacet
  facet normal 0 1 0
    outer loop
      vertex 13.522431999444962 3.3794139996170998 2
      vertex 13.522431999444962 3.3794139996170998 2.3
      vertex 14.342692002654076 3.3794139996170998 2.3
    endloop
  endfacet
  facet normal 1 0 0
    outer loop
      vertex 14.342692002654076 3.188992001116276 2
      vertex 14.342692002654076 3.3794139996170998 2
      vertex 14.342692002654076 3.188992001116276 2.3
    endloop
  endfacet
  facet normal 0 -1 0
    outer loop
      vertex 14.697994001209736 3.188992001116276 2
      vertex 15.869794003665447 3.188992001116276 2
      vertex 14.697994001209736 3.188992001116276 2.3
    endloop
  endfacet
  facet normal 1 0 0
    outer loop
      vertex 14.93112999945879 3.3794139996170998 2
      vertex 14.93112999945879 3.942111998796463 2
      vertex 14.93112999945879 3.3794139996170998 2.3
    endloop
  endfacet
  facet normal 1 0 0
    outer loop
      vertex 15.869794003665447 3.188992001116276 2
      vertex 15.869794003665447 3.3794139996170998 2
      vertex 15.869794003665447 3.188992001116276 2.3
    endloop
  endfacet
  facet normal 0 1 0
    outer loop
      vertex 14.93112999945879 3.3794139996170998 2
      vertex 15.869794003665447 3.3794139996170998 2.3
      vertex 15.869794003665447 3.3794139996170998 2
    endloop
  endfacet
  facet normal 1 0 0
    outer loop
      vertex 14.342692002654076 3.3794139996170998 2
      vertex 14.342692002654076 3.3794139996170998 2.3
      vertex 14.342692002654076 3.188992001116276 2.3
    endloop
  endfacet
  facet normal -1 0 0
    outer loop
      vertex 14.697994001209736 3.188992001116276 2
      vertex 14.697994001209736 3.188992001116276 2.3
      vertex 14.697994001209736 4.835614003241062 2.3
    endloop
  endfacet
  facet normal 0 -1 0
    outer loop
      vertex 15.869794003665447 3.188992001116276 2
      vertex 15.869794003665447 3.188992001116276 2.3
      vertex 14.697994001209736 3.188992001116276 2.3
    endloop
  endfacet
  facet normal 0 1 0
    outer loop
      vertex 14.93112999945879 3.3794139996170998 2
      vertex 14.93112999945879 3.3794139996170998 2.3
      vertex 15.869794003665447 3.3794139996170998 2.3
    endloop
  endfacet
  facet normal 1 0 0
    outer loop
      vertex 15.869794003665447 3.3794139996170998 2
      vertex 15.869794003665447 3.3794139996170998 2.3
      vertex 15.869794003665447 3.188992001116276 2.3
    endloop
  endfacet
  facet normal 0 0 1
    outer loop
      vertex 12.238240003585815 3.1645840033888817 2.3
      vertex 12.503717496991158 3.2016595005989075 2.3
      vertex 12.404240496456623 3.378802001476288 2.3
    endloop
  endfacet
  facet normal 0 0 1
    outer loop
      vertex 12.238240003585815 3.1645840033888817 2.3
      vertex 12.404240496456623 3.378802001476288 2.3
      vertex 12.237015999853611 3.353781998157501 2.3
    endloop
  endfacet
  facet normal 0 0 1
    outer loop
      vertex 12.503717496991158 3.2016595005989075 2.3
      vertex 12.684982001781464 3.3128859996795654 2.3
      vertex 12.512865997850895 3.4538619965314865 2.3
    endloop
  endfacet
  facet normal 0 0 1
    outer loop
      vertex 12.503717496991158 3.2016595005989075 2.3
      vertex 12.512865997850895 3.4538619965314865 2.3
      vertex 12.404240496456623 3.378802001476288 2.3
    endloop
  endfacet
  facet normal 0 0 1
    outer loop
      vertex 12.684982001781464 3.3128859996795654 2.3
      vertex 12.789350502192974 3.5055895000696182 2.3
      vertex 12.512865997850895 3.4538619965314865 2.3
    endloop
  endfacet
  facet normal 0 0 1
    outer loop
      vertex 12.512865997850895 3.4538619965314865 2.3
      vertex 12.789350502192974 3.5055895000696182 2.3
      vertex 12.572374001145363 3.5936274975538254 2.3
    endloop
  endfacet
  facet normal 0 0 1
    outer loop
      vertex 12.572374001145363 3.5936274975538254 2.3
      vertex 12.82413999736309 3.7870960012078285 2.3
      vertex 12.592210002243519 3.812728002667427 2.3
    endloop
  endfacet
  facet normal 0 0 1
    outer loop
      vertex 12.572374001145363 3.5936274975538254 2.3
      vertex 12.789350502192974 3.5055895000696182 2.3
      vertex 12.82413999736309 3.7870960012078285 2.3
    endloop
  endfacet
  facet normal 0 0 1
    outer loop
      vertex 13.289296001195908 3.188992001116276 2.3
      vertex 14.342692002654076 3.188992001116276 2.3
      vertex 13.522431999444962 3.3794139996170998 2.3
    endloop
  endfacet
  facet normal 0 0 1
    outer loop
      vertex 13.522431999444962 3.3794139996170998 2.3
      vertex 14.342692002654076 3.188992001116276 2.3
      vertex 14.342692002654076 3.3794139996170998 2.3
    endloop
  endfacet
  facet normal 0 0 1
    outer loop
      vertex 14.697994001209736 3.188992001116276 2.3
      vertex 15.869794003665447 3.188992001116276 2.3
      vertex 14.93112999945879 3.3794139996170998 2.3
    endloop
  endfacet
  facet normal 0 0 1
    outer loop
      vertex 14.697994001209736 3.188992001116276 2.3
      vertex 14.93112999945879 3.3794139996170998 2.3
      vertex 14.93112999945879 3.942111998796463 2.3
    endloop
  endfacet
  facet normal 0 0 1
    outer loop
      vertex 14.93112999945879 3.3794139996170998 2.3
      vertex 15.869794003665447 3.188992001116276 2.3
      vertex 15.869794003665447 3.3794139996170998 2.3
    endloop
  endfacet
  facet normal -0.9351008086015398 -0.35438182480588143 0
    outer loop
      vertex 10.667181998491287 3.7260759994387627 2
      vertex 10.464574001729488 4.260693997144699 2.3
      vertex 10.464574001729488 4.260693997144699 2
    endloop
  endfacet
  facet normal 0.9365039949847053 -0.3506569083558555 0
    outer loop
      vertex 10.834420002996922 3.7260759994387627 2
      vertex 11.034598000347614 4.260693997144699 2
      vertex 10.834420002996922 3.7260759994387627 2.3
    endloop
  endfacet
  facet normal -1 0 0
    outer loop
      vertex 11.143228001892567 3.188992001116276 2
      vertex 11.143228001892567 4.248489998281002 2.3
      vertex 11.143228001892567 4.248489998281002 2
    endloop
  endfacet
  facet normal 0.9639692799473372 0.26601358483696375 0
    outer loop
      vertex 10.755075998604298 3.9567639976739883 2
      vertex 10.705643497407436 4.135895498096943 2
      vertex 10.755075998604298 3.9567639976739883 2.3
    endloop
  endfacet
  facet normal -0.9607179064922505 0.2775267629349417 0
    outer loop
      vertex 10.755075998604298 3.9567639976739883 2
      vertex 10.786810003221035 4.066618002951145 2.3
      vertex 10.786810003221035 4.066618002951145 2
    endloop
  endfacet
  facet normal 0.9506447811937108 0.31028132394516084 0
    outer loop
      vertex 10.705643497407436 4.135895498096943 2
      vertex 10.672077998518944 4.238733999431133 2
      vertex 10.705643497407436 4.135895498096943 2.3
    endloop
  endfacet
  facet normal -0.953988796968246 0.2998422506236884 0
    outer loop
      vertex 10.786810003221035 4.066618002951145 2
      vertex 10.84052199870348 4.237510003149509 2.3
      vertex 10.84052199870348 4.237510003149509 2
    endloop
  endfacet
  facet normal -1 0 0
    outer loop
      vertex 10.156971998512745 3.188992001116276 2
      vertex 10.156971998512745 4.835614003241062 2.3
      vertex 10.156971998512745 4.835614003241062 2
    endloop
  endfacet
  facet normal 0.9999118788915738 0.01327533244489843 0
    outer loop
      vertex 10.352271996438503 4.248489998281002 2
      vertex 10.347393997013569 4.615906000137329 2
      vertex 10.352271996438503 4.248489998281002 2.3
    endloop
  endfacet
  facet normal -0.945424030074991 -0.32584260518962654 0
    outer loop
      vertex 10.464574001729488 4.260693997144699 2
      vertex 10.424290001392365 4.377576999366283 2.3
      vertex 10.424290001392365 4.377576999366283 2
    endloop
  endfacet
  facet normal 0.9352958462477703 0.3538667545724906 0
    outer loop
      vertex 10.672077998518944 4.238733999431133 2
      vertex 10.44624999910593 4.835614003241062 2
      vertex 10.672077998518944 4.238733999431133 2.3
    endloop
  endfacet
  facet normal -0.9516903201594225 -0.30705949670195176 0
    outer loop
      vertex 10.424290001392365 4.377576999366283 2
      vertex 10.347393997013569 4.615906000137329 2.3
      vertex 10.347393997013569 4.615906000137329 2
    endloop
  endfacet
  facet normal 0.9466164850406394 -0.3223619553379475 0
    outer loop
      vertex 11.034598000347614 4.260693997144699 2
      vertex 11.082505002617836 4.401372998952866 2
      vertex 11.034598000347614 4.260693997144699 2.3
    endloop
  endfacet
  facet normal -0.999979605130882 0.006386651883849133 0
    outer loop
      vertex 11.143228001892567 4.248489998281002 2
      vertex 11.144146002829075 4.392224498093128 2.3
      vertex 11.144146002829075 4.392224498093128 2
    endloop
  endfacet
  facet normal 0.9531969141801405 -0.3023501989373543 0
    outer loop
      vertex 11.082505002617836 4.401372998952866 2
      vertex 11.15055400133133 4.615906000137329 2
      vertex 11.082505002617836 4.401372998952866 2.3
    endloop
  endfacet
  facet normal -0.9996329975713952 0.0270900381400044 0
    outer loop
      vertex 11.144146002829075 4.392224498093128 2
      vertex 11.146899998188019 4.493848003447056 2.3
      vertex 11.146899998188019 4.493848003447056 2
    endloop
  endfacet
  facet normal -0.9355446772988447 0.3532083758602004 0
    outer loop
      vertex 10.84052199870348 4.237510003149509 2
      vertex 11.066331997513771 4.835614003241062 2.3
      vertex 11.066331997513771 4.835614003241062 2
    endloop
  endfacet
  facet normal -0.9995522005346952 0.029923208488541457 0
    outer loop
      vertex 11.146899998188019 4.493848003447056 2
      vertex 11.15055400133133 4.615906000137329 2.3
      vertex 11.15055400133133 4.615906000137329 2
    endloop
  endfacet
  facet normal 1 0 0
    outer loop
      vertex 11.906230002641678 3.7968700006604195 2
      vertex 11.906230002641678 4.835614003241062 2
      vertex 11.906230002641678 3.7968700006604195 2.3
    endloop
  endfacet
  facet normal -1 0 0
    outer loop
      vertex 11.673075996339321 3.7651360034942627 2
      vertex 11.673075996339321 4.835614003241062 2.3
      vertex 11.673075996339321 4.835614003241062 2
    endloop
  endfacet
  facet normal 1 0 0
    outer loop
      vertex 10.352271996438503 3.188992001116276 2.3
      vertex 10.352271996438503 4.248489998281002 2
      vertex 10.352271996438503 4.248489998281002 2.3
    endloop
  endfacet
  facet normal -0.9351008086015398 -0.35438182480588143 0
    outer loop
      vertex 10.667181998491287 3.7260759994387627 2
      vertex 10.667181998491287 3.7260759994387627 2.3
      vertex 10.464574001729488 4.260693997144699 2.3
    endloop
  endfacet
  facet normal -0.9607179064922505 0.2775267629349417 0
    outer loop
      vertex 10.755075998604298 3.9567639976739883 2
      vertex 10.755075998604298 3.9567639976739883 2.3
      vertex 10.786810003221035 4.066618002951145 2.3
    endloop
  endfacet
  facet normal 0.9639692799473372 0.26601358483696375 0
    outer loop
      vertex 10.705643497407436 4.135895498096943 2
      vertex 10.705643497407436 4.135895498096943 2.3
      vertex 10.755075998604298 3.9567639976739883 2.3
    endloop
  endfacet
  facet normal 0.9506447811937108 0.31028132394516084 0
    outer loop
      vertex 10.672077998518944 4.238733999431133 2
      vertex 10.672077998518944 4.238733999431133 2.3
      vertex 10.705643497407436 4.135895498096943 2.3
    endloop
  endfacet
  facet normal -0.953988796968246 0.2998422506236884 0
    outer loop
      vertex 10.786810003221035 4.066618002951145 2
      vertex 10.786810003221035 4.066618002951145 2.3
      vertex 10.84052199870348 4.237510003149509 2.3
    endloop
  endfacet
  facet normal 0.9365039949847053 -0.3506569083558555 0
    outer loop
      vertex 10.834420002996922 3.7260759994387627 2.3
      vertex 11.034598000347614 4.260693997144699 2
      vertex 11.034598000347614 4.260693997144699 2.3
    endloop
  endfacet
  facet normal -0.945424030074991 -0.32584260518962654 0
    outer loop
      vertex 10.464574001729488 4.260693997144699 2
      vertex 10.464574001729488 4.260693997144699 2.3
      vertex 10.424290001392365 4.377576999366283 2.3
    endloop
  endfacet
  facet normal -0.9516903201594225 -0.30705949670195176 0
    outer loop
      vertex 10.424290001392365 4.377576999366283 2
      vertex 10.424290001392365 4.377576999366283 2.3
      vertex 10.347393997013569 4.615906000137329 2.3
    endloop
  endfacet
  facet normal 0.9999118788915738 0.01327533244489843 0
    outer loop
      vertex 10.347393997013569 4.615906000137329 2
      vertex 10.347393997013569 4.615906000137329 2.3
      vertex 10.352271996438503 4.248489998281002 2.3
    endloop
  endfacet
  facet normal 0.9352958462477703 0.3538667545724906 0
    outer loop
      vertex 10.44624999910593 4.835614003241062 2
      vertex 10.44624999910593 4.835614003241062 2.3
      vertex 10.672077998518944 4.238733999431133 2.3
    endloop
  endfacet
  facet normal -0.9355446772988447 0.3532083758602004 0
    outer loop
      vertex 10.84052199870348 4.237510003149509 2
      vertex 10.84052199870348 4.237510003149509 2.3
      vertex 11.066331997513771 4.835614003241062 2.3
    endloop
  endfacet
  facet normal -0.999979605130882 0.006386651883849133 0
    outer loop
      vertex 11.143228001892567 4.248489998281002 2
      vertex 11.143228001892567 4.248489998281002 2.3
      vertex 11.144146002829075 4.392224498093128 2.3
    endloop
  endfacet
  facet normal 0.9466164850406394 -0.3223619553379475 0
    outer loop
      vertex 11.082505002617836 4.401372998952866 2
      vertex 11.082505002617836 4.401372998952866 2.3
      vertex 11.034598000347614 4.260693997144699 2.3
    endloop
  endfacet
  facet normal -0.9996329975713952 0.0270900381400044 0
    outer loop
      vertex 11.144146002829075 4.392224498093128 2
      vertex 11.144146002829075 4.392224498093128 2.3
      vertex 11.146899998188019 4.493848003447056 2.3
    endloop
  endfacet
  facet normal -0.9995522005346952 0.029923208488541457 0
    outer loop
      vertex 11.146899998188019 4.493848003447056 2
      vertex 11.146899998188019 4.493848003447056 2.3
      vertex 11.15055400133133 4.615906000137329 2.3
    endloop
  endfacet
  facet normal 0.9531969141801405 -0.3023501989373543 0
    outer loop
      vertex 11.15055400133133 4.615906000137329 2
      vertex 11.15055400133133 4.615906000137329 2.3
      vertex 11.082505002617836 4.401372998952866 2.3
    endloop
  endfacet
  facet normal -1 0 0
    outer loop
      vertex 11.673075996339321 3.7651360034942627 2
      vertex 11.673075996339321 3.7651360034942627 2.3
      vertex 11.673075996339321 4.835614003241062 2.3
    endloop
  endfacet
  facet normal 1 0 0
    outer loop
      vertex 11.340975999832153 3.188992001116276 2.3
      vertex 11.340975999832153 4.835614003241062 2
      vertex 11.340975999832153 4.835614003241062 2.3
    endloop
  endfacet
  facet normal 1 0 0
    outer loop
      vertex 11.906230002641678 4.835614003241062 2
      vertex 11.906230002641678 4.835614003241062 2.3
      vertex 11.906230002641678 3.7968700006604195 2.3
    endloop
  endfacet
  facet normal 0 1 0
    outer loop
      vertex 10.156971998512745 4.835614003241062 2
      vertex 10.44624999910593 4.835614003241062 2.3
      vertex 10.44624999910593 4.835614003241062 2
    endloop
  endfacet
  facet normal 0 1 0
    outer loop
      vertex 11.066331997513771 4.835614003241062 2
      vertex 11.340975999832153 4.835614003241062 2.3
      vertex 11.340975999832153 4.835614003241062 2
    endloop
  endfacet
  facet normal 0 1 0
    outer loop
      vertex 11.673075996339321 4.835614003241062 2
      vertex 11.906230002641678 4.835614003241062 2.3
      vertex 11.906230002641678 4.835614003241062 2
    endloop
  endfacet
  facet normal 0 1 0
    outer loop
      vertex 10.156971998512745 4.835614003241062 2
      vertex 10.156971998512745 4.835614003241062 2.3
      vertex 10.44624999910593 4.835614003241062 2.3
    endloop
  endfacet
  facet normal 0 1 0
    outer loop
      vertex 11.066331997513771 4.835614003241062 2
      vertex 11.066331997513771 4.835614003241062 2.3
      vertex 11.340975999832153 4.835614003241062 2.3
    endloop
  endfacet
  facet normal 0 1 0
    outer loop
      vertex 11.673075996339321 4.835614003241062 2
      vertex 11.673075996339321 4.835614003241062 2.3
      vertex 11.906230002641678 4.835614003241062 2.3
    endloop
  endfacet
  facet normal 0 0 1
    outer loop
      vertex 10.667181998491287 3.7260759994387627 2.3
      vertex 10.755075998604298 3.9567639976739883 2.3
      vertex 10.464574001729488 4.260693997144699 2.3
    endloop
  endfacet
  facet normal 0 0 1
    outer loop
      vertex 10.156971998512745 3.188992001116276 2.3
      vertex 10.352271996438503 4.248489998281002 2.3
      vertex 10.156971998512745 4.835614003241062 2.3
    endloop
  endfacet
  facet normal 0 0 1
    outer loop
      vertex 10.755075998604298 3.9567639976739883 2.3
      vertex 10.705643497407436 4.135895498096943 2.3
      vertex 10.464574001729488 4.260693997144699 2.3
    endloop
  endfacet
  facet normal 0 0 1
    outer loop
      vertex 10.705643497407436 4.135895498096943 2.3
      vertex 10.672077998518944 4.238733999431133 2.3
      vertex 10.464574001729488 4.260693997144699 2.3
    endloop
  endfacet
  facet normal 0 0 1
    outer loop
      vertex 10.667181998491287 3.7260759994387627 2.3
      vertex 10.834420002996922 3.7260759994387627 2.3
      vertex 10.755075998604298 3.9567639976739883 2.3
    endloop
  endfacet
  facet normal 0 0 1
    outer loop
      vertex 10.834420002996922 3.7260759994387627 2.3
      vertex 11.034598000347614 4.260693997144699 2.3
      vertex 10.755075998604298 3.9567639976739883 2.3
    endloop
  endfacet
  facet normal 0 0 1
    outer loop
      vertex 10.755075998604298 3.9567639976739883 2.3
      vertex 11.034598000347614 4.260693997144699 2.3
      vertex 10.786810003221035 4.066618002951145 2.3
    endloop
  endfacet
  facet normal 0 0 1
    outer loop
      vertex 10.786810003221035 4.066618002951145 2.3
      vertex 11.034598000347614 4.260693997144699 2.3
      vertex 10.84052199870348 4.237510003149509 2.3
    endloop
  endfacet
  facet normal 0 0 1
    outer loop
      vertex 10.464574001729488 4.260693997144699 2.3
      vertex 10.672077998518944 4.238733999431133 2.3
      vertex 10.424290001392365 4.377576999366283 2.3
    endloop
  endfacet
  facet normal 0 0 1
    outer loop
      vertex 10.352271996438503 4.248489998281002 2.3
      vertex 10.347393997013569 4.615906000137329 2.3
      vertex 10.156971998512745 4.835614003241062 2.3
    endloop
  endfacet
  facet normal 0 0 1
    outer loop
      vertex 10.424290001392365 4.377576999366283 2.3
      vertex 10.44624999910593 4.835614003241062 2.3
      vertex 10.347393997013569 4.615906000137329 2.3
    endloop
  endfacet
  facet normal 0 0 1
    outer loop
      vertex 10.424290001392365 4.377576999366283 2.3
      vertex 10.672077998518944 4.238733999431133 2.3
      vertex 10.44624999910593 4.835614003241062 2.3
    endloop
  endfacet
  facet normal 0 0 1
    outer loop
      vertex 10.84052199870348 4.237510003149509 2.3
      vertex 11.034598000347614 4.260693997144699 2.3
      vertex 11.082505002617836 4.401372998952866 2.3
    endloop
  endfacet
  facet normal 0 0 1
    outer loop
      vertex 10.84052199870348 4.237510003149509 2.3
      vertex 11.082505002617836 4.401372998952866 2.3
      vertex 11.15055400133133 4.615906000137329 2.3
    endloop
  endfacet
  facet normal 0 0 1
    outer loop
      vertex 10.84052199870348 4.237510003149509 2.3
      vertex 11.15055400133133 4.615906000137329 2.3
      vertex 11.066331997513771 4.835614003241062 2.3
    endloop
  endfacet
  facet normal 0 0 1
    outer loop
      vertex 11.340975999832153 3.188992001116276 2.3
      vertex 11.144146002829075 4.392224498093128 2.3
      vertex 11.143228001892567 4.248489998281002 2.3
    endloop
  endfacet
  facet normal 0 0 1
    outer loop
      vertex 11.340975999832153 3.188992001116276 2.3
      vertex 11.146899998188019 4.493848003447056 2.3
      vertex 11.144146002829075 4.392224498093128 2.3
    endloop
  endfacet
  facet normal 0 0 1
    outer loop
      vertex 11.340975999832153 3.188992001116276 2.3
      vertex 11.15055400133133 4.615906000137329 2.3
      vertex 11.146899998188019 4.493848003447056 2.3
    endloop
  endfacet
  facet normal 0 0 1
    outer loop
      vertex 11.340975999832153 3.188992001116276 2.3
      vertex 11.340975999832153 4.835614003241062 2.3
      vertex 11.15055400133133 4.615906000137329 2.3
    endloop
  endfacet
  facet normal 0 0 1
    outer loop
      vertex 11.673075996339321 3.7651360034942627 2.3
      vertex 11.906230002641678 3.7968700006604195 2.3
      vertex 11.673075996339321 4.835614003241062 2.3
    endloop
  endfacet
  facet normal 0 0 1
    outer loop
      vertex 11.906230002641678 3.7968700006604195 2.3
      vertex 11.906230002641678 4.835614003241062 2.3
      vertex 11.673075996339321 4.835614003241062 2.3
    endloop
  endfacet
  facet normal 0 0 1
    outer loop
      vertex 10.347393997013569 4.615906000137329 2.3
      vertex 10.44624999910593 4.835614003241062 2.3
      vertex 10.156971998512745 4.835614003241062 2.3
    endloop
  endfacet
  facet normal 0 0 1
    outer loop
      vertex 11.15055400133133 4.615906000137329 2.3
      vertex 11.340975999832153 4.835614003241062 2.3
      vertex 11.066331997513771 4.835614003241062 2.3
    endloop
  endfacet
  facet normal 1 0 0
    outer loop
      vertex 12.82413999736309 3.7870960012078285 2
      vertex 12.82413999736309 4.835614003241062 2
      vertex 12.82413999736309 3.7870960012078285 2.3
    endloop
  endfacet
  facet normal -1 0 0
    outer loop
      vertex 12.592210002243519 3.812728002667427 2
      vertex 12.592210002243519 4.835614003241062 2.3
      vertex 12.592210002243519 4.835614003241062 2
    endloop
  endfacet
  facet normal 1 0 0
    outer loop
      vertex 13.522431999444962 3.3794139996170998 2
      vertex 13.522431999444962 4.835614003241062 2
      vertex 13.522431999444962 3.3794139996170998 2.3
    endloop
  endfacet
  facet normal -1 0 0
    outer loop
      vertex 13.289296001195908 3.188992001116276 2
      vertex 13.289296001195908 4.835614003241062 2.3
      vertex 13.289296001195908 4.835614003241062 2
    endloop
  endfacet
  facet normal -1 0 0
    outer loop
      vertex 12.592210002243519 3.812728002667427 2
      vertex 12.592210002243519 3.812728002667427 2.3
      vertex 12.592210002243519 4.835614003241062 2.3
    endloop
  endfacet
  facet normal 1 0 0
    outer loop
      vertex 12.82413999736309 4.835614003241062 2
      vertex 12.82413999736309 4.835614003241062 2.3
      vertex 12.82413999736309 3.7870960012078285 2.3
    endloop
  endfacet
  facet normal 1 0 0
    outer loop
      vertex 13.522431999444962 3.3794139996170998 2.3
      vertex 13.522431999444962 4.835614003241062 2
      vertex 13.522431999444962 4.835614003241062 2.3
    endloop
  endfacet
  facet normal 0 1 0
    outer loop
      vertex 12.592210002243519 4.835614003241062 2
      vertex 12.82413999736309 4.835614003241062 2.3
      vertex 12.82413999736309 4.835614003241062 2
    endloop
  endfacet
  facet normal 0 1 0
    outer loop
      vertex 13.289296001195908 4.835614003241062 2
      vertex 13.522431999444962 4.835614003241062 2.3
      vertex 13.522431999444962 4.835614003241062 2
    endloop
  endfacet
  facet normal 0 1 0
    outer loop
      vertex 12.592210002243519 4.835614003241062 2
      vertex 12.592210002243519 4.835614003241062 2.3
      vertex 12.82413999736309 4.835614003241062 2.3
    endloop
  endfacet
  facet normal 0 1 0
    outer loop
      vertex 13.289296001195908 4.835614003241062 2
      vertex 13.289296001195908 4.835614003241062 2.3
      vertex 13.522431999444962 4.835614003241062 2.3
    endloop
  endfacet
  facet normal 0 -1 0
    outer loop
      vertex 14.93112999945879 3.942111998796463 2
      vertex 15.74651200324297 3.942111998796463 2
      vertex 14.93112999945879 3.942111998796463 2.3
    endloop
  endfacet
  facet normal -1 0 0
    outer loop
      vertex 14.697994001209736 3.188992001116276 2
      vertex 14.697994001209736 4.835614003241062 2.3
      vertex 14.697994001209736 4.835614003241062 2
    endloop
  endfacet
  facet normal 1 0 0
    outer loop
      vertex 14.93112999945879 4.130085997283459 2
      vertex 14.93112999945879 4.645191997289658 2
      vertex 14.93112999945879 4.130085997283459 2.3
    endloop
  endfacet
  facet normal 0 -1 0
    outer loop
      vertex 14.93112999945879 4.645191997289658 2
      vertex 15.819735996425152 4.645191997289658 2
      vertex 14.93112999945879 4.645191997289658 2.3
    endloop
  endfacet
  facet normal 0 1 0
    outer loop
      vertex 14.93112999945879 4.130085997283459 2
      vertex 15.74651200324297 4.130085997283459 2.3
      vertex 15.74651200324297 4.130085997283459 2
    endloop
  endfacet
  facet normal 1 0 0
    outer loop
      vertex 15.74651200324297 3.942111998796463 2
      vertex 15.74651200324297 4.130085997283459 2
      vertex 15.74651200324297 3.942111998796463 2.3
    endloop
  endfacet
  facet normal 1 0 0
    outer loop
      vertex 14.93112999945879 3.3794139996170998 2.3
      vertex 14.93112999945879 3.942111998796463 2
      vertex 14.93112999945879 3.942111998796463 2.3
    endloop
  endfacet
  facet normal 0 1 0
    outer loop
      vertex 14.93112999945879 4.130085997283459 2
      vertex 14.93112999945879 4.130085997283459 2.3
      vertex 15.74651200324297 4.130085997283459 2.3
    endloop
  endfacet
  facet normal 1 0 0
    outer loop
      vertex 14.93112999945879 4.645191997289658 2
      vertex 14.93112999945879 4.645191997289658 2.3
      vertex 14.93112999945879 4.130085997283459 2.3
    endloop
  endfacet
  facet normal 0 -1 0
    outer loop
      vertex 15.74651200324297 3.942111998796463 2
      vertex 15.74651200324297 3.942111998796463 2.3
      vertex 14.93112999945879 3.942111998796463 2.3
    endloop
  endfacet
  facet normal 1 0 0
    outer loop
      vertex 15.74651200324297 4.130085997283459 2
      vertex 15.74651200324297 4.130085997283459 2.3
      vertex 15.74651200324297 3.942111998796463 2.3
    endloop
  endfacet
  facet normal 0 -1 0
    outer loop
      vertex 15.819735996425152 4.645191997289658 2
      vertex 15.819735996425152 4.645191997289658 2.3
      vertex 14.93112999945879 4.645191997289658 2.3
    endloop
  endfacet
  facet normal 0 1 0
    outer loop
      vertex 14.697994001209736 4.835614003241062 2
      vertex 15.819735996425152 4.835614003241062 2.3
      vertex 15.819735996425152 4.835614003241062 2
    endloop
  endfacet
  facet normal 1 0 0
    outer loop
      vertex 15.819735996425152 4.645191997289658 2
      vertex 15.819735996425152 4.835614003241062 2
      vertex 15.819735996425152 4.645191997289658 2.3
    endloop
  endfacet
  facet normal 0 1 0
    outer loop
      vertex 14.697994001209736 4.835614003241062 2
      vertex 14.697994001209736 4.835614003241062 2.3
      vertex 15.819735996425152 4.835614003241062 2.3
    endloop
  endfacet
  facet normal 1 0 0
    outer loop
      vertex 15.819735996425152 4.835614003241062 2
      vertex 15.819735996425152 4.835614003241062 2.3
      vertex 15.819735996425152 4.645191997289658 2.3
    endloop
  endfacet
  facet normal 0 0 1
    outer loop
      vertex 12.592210002243519 3.812728002667427 2.3
      vertex 12.82413999736309 3.7870960012078285 2.3
      vertex 12.82413999736309 4.835614003241062 2.3
    endloop
  endfacet
  facet normal 0 0 1
    outer loop
      vertex 12.592210002243519 3.812728002667427 2.3
      vertex 12.82413999736309 4.835614003241062 2.3
      vertex 12.592210002243519 4.835614003241062 2.3
    endloop
  endfacet
  facet normal 0 0 1
    outer loop
      vertex 13.289296001195908 3.188992001116276 2.3
      vertex 13.522431999444962 3.3794139996170998 2.3
      vertex 13.289296001195908 4.835614003241062 2.3
    endloop
  endfacet
  facet normal 0 0 1
    outer loop
      vertex 13.522431999444962 3.3794139996170998 2.3
      vertex 13.522431999444962 4.835614003241062 2.3
      vertex 13.289296001195908 4.835614003241062 2.3
    endloop
  endfacet
  facet normal 0 0 1
    outer loop
      vertex 14.697994001209736 3.188992001116276 2.3
      vertex 14.93112999945879 3.942111998796463 2.3
      vertex 14.697994001209736 4.835614003241062 2.3
    endloop
  endfacet
  facet normal 0 0 1
    outer loop
      vertex 14.93112999945879 3.942111998796463 2.3
      vertex 15.74651200324297 4.130085997283459 2.3
      vertex 14.93112999945879 4.130085997283459 2.3
    endloop
  endfacet
  facet normal 0 0 1
    outer loop
      vertex 14.93112999945879 3.942111998796463 2.3
      vertex 14.93112999945879 4.130085997283459 2.3
      vertex 14.697994001209736 4.835614003241062 2.3
    endloop
  endfacet
  facet normal 0 0 1
    outer loop
      vertex 14.93112999945879 4.130085997283459 2.3
      vertex 14.93112999945879 4.645191997289658 2.3
      vertex 14.697994001209736 4.835614003241062 2.3
    endloop
  endfacet
  facet normal 0 0 1
    outer loop
      vertex 14.93112999945879 3.942111998796463 2.3
      vertex 15.74651200324297 3.942111998796463 2.3
      vertex 15.74651200324297 4.130085997283459 2.3
    endloop
  endfacet
  facet normal 0 0 1
    outer loop
      vertex 14.93112999945879 4.645191997289658 2.3
      vertex 15.819735996425152 4.835614003241062 2.3
      vertex 14.697994001209736 4.835614003241062 2.3
    endloop
  endfacet
  facet normal 0 0 1
    outer loop
      vertex 14.93112999945879 4.645191997289658 2.3
      vertex 15.819735996425152 4.645191997289658 2.3
      vertex 15.819735996425152 4.835614003241062 2.3
    endloop
  endfacet
  facet normal 0 -1 0
    outer loop
      vertex 47.40684899687767 27.776320001482965 2
      vertex 47.60214900225401 27.776320001482965 2
      vertex 47.40684899687767 27.776320001482965 2.3
    endloop
  endfacet
  facet normal 0 -1 0
    outer loop
      vertex 48.39310500025749 27.776320001482965 2
      vertex 48.59085299819708 27.776320001482965 2
      vertex 48.39310500025749 27.776320001482965 2.3
    endloop
  endfacet
  facet normal 0 -1 0
    outer loop
      vertex 47.60214900225401 27.776320001482965 2
      vertex 47.60214900225401 27.776320001482965 2.3
      vertex 47.40684899687767 27.776320001482965 2.3
    endloop
  endfacet
  facet normal 0 -1 0
    outer loop
      vertex 48.59085299819708 27.776320001482965 2
      vertex 48.59085299819708 27.776320001482965 2.3
      vertex 48.39310500025749 27.776320001482965 2.3
    endloop
  endfacet
  facet normal 1 0 0
    outer loop
      vertex 47.60214900225401 27.776320001482965 2
      vertex 47.60214900225401 28.83581799864769 2
      vertex 47.60214900225401 27.776320001482965 2.3
    endloop
  endfacet
  facet normal -1 0 0
    outer loop
      vertex 47.40684899687767 27.776320001482965 2
      vertex 47.40684899687767 29.42294200360775 2.3
      vertex 47.40684899687767 29.42294200360775 2
    endloop
  endfacet
  facet normal -0.945424030074991 -0.32584260518962654 0
    outer loop
      vertex 47.714451000094414 28.84802199751139 2
      vertex 47.67416699975729 28.964904999732973 2.3
      vertex 47.67416699975729 28.964904999732973 2
    endloop
  endfacet
  facet normal 0.9999118788915738 0.01327533244489843 0
    outer loop
      vertex 47.60214900225401 28.83581799864769 2
      vertex 47.597271002829075 29.20323400050402 2
      vertex 47.60214900225401 28.83581799864769 2.3
    endloop
  endfacet
  facet normal 0 -1 0
    outer loop
      vertex 47.91705899685621 28.313403999805452 2
      vertex 48.08429700136185 28.313403999805452 2
      vertex 47.91705899685621 28.313403999805452 2.3
    endloop
  endfacet
  facet normal 0.9365039949847053 -0.3506569083558555 0
    outer loop
      vertex 48.08429700136185 28.313403999805452 2
      vertex 48.28447499871254 28.84802199751139 2
      vertex 48.08429700136185 28.313403999805452 2.3
    endloop
  endfacet
  facet normal 1 0 0
    outer loop
      vertex 48.59085299819708 27.776320001482965 2
      vertex 48.59085299819708 29.42294200360775 2
      vertex 48.59085299819708 27.776320001482965 2.3
    endloop
  endfacet
  facet normal -1 0 0
    outer loop
      vertex 48.39310500025749 27.776320001482965 2
      vertex 48.39310500025749 28.83581799864769 2.3
      vertex 48.39310500025749 28.83581799864769 2
    endloop
  endfacet
  facet normal -0.9351008086015398 -0.35438182480588143 0
    outer loop
      vertex 47.714451000094414 28.84802199751139 2
      vertex 47.91705899685621 28.313403999805452 2
      vertex 47.714451000094414 28.84802199751139 2.3
    endloop
  endfacet
  facet normal 0.9506447608782543 0.3102813861879677 0
    outer loop
      vertex 47.95552050322294 28.723223498463632 2
      vertex 47.92195499688387 28.826061999797822 2
      vertex 47.95552050322294 28.723223498463632 2.3
    endloop
  endfacet
  facet normal 0.9639692902286442 0.26601354757997575 0
    outer loop
      vertex 48.00495299696922 28.544091998040678 2
      vertex 47.95552050322294 28.723223498463632 2
      vertex 48.00495299696922 28.544091998040678 2.3
    endloop
  endfacet
  facet normal -0.9607179064922505 0.2775267629349417 0
    outer loop
      vertex 48.00495299696922 28.544091998040678 2
      vertex 48.03668700158596 28.653946003317834 2.3
      vertex 48.03668700158596 28.653946003317834 2
    endloop
  endfacet
  facet normal -0.953988796968246 0.2998422506236884 0
    outer loop
      vertex 48.03668700158596 28.653946003317834 2
      vertex 48.090398997068405 28.8248380035162 2.3
      vertex 48.090398997068405 28.8248380035162 2
    endloop
  endfacet
  facet normal 0.9352958462477703 0.3538667545724906 0
    outer loop
      vertex 47.92195499688387 28.826061999797822 2
      vertex 47.696126997470856 29.42294200360775 2
      vertex 47.92195499688387 28.826061999797822 2.3
    endloop
  endfacet
  facet normal 0.9466164850406394 -0.3223619553379475 0
    outer loop
      vertex 48.28447499871254 28.84802199751139 2
      vertex 48.33238200098276 28.988700999319555 2
      vertex 48.28447499871254 28.84802199751139 2.3
    endloop
  endfacet
  facet normal -0.999979605130882 0.006386651883849133 0
    outer loop
      vertex 48.39310500025749 28.83581799864769 2
      vertex 48.394023001194 28.979552498459817 2.3
      vertex 48.394023001194 28.979552498459817 2
    endloop
  endfacet
  facet normal 0.9531969141801405 -0.3023501989373543 0
    outer loop
      vertex 48.33238200098276 28.988700999319555 2
      vertex 48.400430999696255 29.20323400050402 2
      vertex 48.33238200098276 28.988700999319555 2.3
    endloop
  endfacet
  facet normal -0.999632997517611 0.02709004012466735 0
    outer loop
      vertex 48.394023001194 28.979552498459817 2
      vertex 48.396776996552944 29.081175996363164 2.3
      vertex 48.396776996552944 29.081175996363164 2
    endloop
  endfacet
  facet normal -1 0 0
    outer loop
      vertex 47.40684899687767 27.776320001482965 2
      vertex 47.40684899687767 27.776320001482965 2.3
      vertex 47.40684899687767 29.42294200360775 2.3
    endloop
  endfacet
  facet normal 1 0 0
    outer loop
      vertex 47.60214900225401 28.83581799864769 2
      vertex 47.60214900225401 28.83581799864769 2.3
      vertex 47.60214900225401 27.776320001482965 2.3
    endloop
  endfacet
  facet normal -0.945424030074991 -0.32584260518962654 0
    outer loop
      vertex 47.714451000094414 28.84802199751139 2
      vertex 47.714451000094414 28.84802199751139 2.3
      vertex 47.67416699975729 28.964904999732973 2.3
    endloop
  endfacet
  facet normal -0.9516903288535709 -0.30705946975558684 0
    outer loop
      vertex 47.67416699975729 28.964904999732973 2
      vertex 47.67416699975729 28.964904999732973 2.3
      vertex 47.597271002829075 29.20323400050402 2.3
    endloop
  endfacet
  facet normal 0 -1 0
    outer loop
      vertex 48.08429700136185 28.313403999805452 2
      vertex 48.08429700136185 28.313403999805452 2.3
      vertex 47.91705899685621 28.313403999805452 2.3
    endloop
  endfacet
  facet normal -0.9351008086015398 -0.35438182480588143 0
    outer loop
      vertex 47.91705899685621 28.313403999805452 2
      vertex 47.91705899685621 28.313403999805452 2.3
      vertex 47.714451000094414 28.84802199751139 2.3
    endloop
  endfacet
  facet normal -0.9607179064922505 0.2775267629349417 0
    outer loop
      vertex 48.00495299696922 28.544091998040678 2
      vertex 48.00495299696922 28.544091998040678 2.3
      vertex 48.03668700158596 28.653946003317834 2.3
    endloop
  endfacet
  facet normal -1 0 0
    outer loop
      vertex 48.39310500025749 27.776320001482965 2
      vertex 48.39310500025749 27.776320001482965 2.3
      vertex 48.39310500025749 28.83581799864769 2.3
    endloop
  endfacet
  facet normal 0.9639692902286442 0.26601354757997575 0
    outer loop
      vertex 47.95552050322294 28.723223498463632 2
      vertex 47.95552050322294 28.723223498463632 2.3
      vertex 48.00495299696922 28.544091998040678 2.3
    endloop
  endfacet
  facet normal 0.9506447608782543 0.3102813861879677 0
    outer loop
      vertex 47.92195499688387 28.826061999797822 2
      vertex 47.92195499688387 28.826061999797822 2.3
      vertex 47.95552050322294 28.723223498463632 2.3
    endloop
  endfacet
  facet normal -0.953988796968246 0.2998422506236884 0
    outer loop
      vertex 48.03668700158596 28.653946003317834 2
      vertex 48.03668700158596 28.653946003317834 2.3
      vertex 48.090398997068405 28.8248380035162 2.3
    endloop
  endfacet
  facet normal 0.9365039949847053 -0.3506569083558555 0
    outer loop
      vertex 48.28447499871254 28.84802199751139 2
      vertex 48.28447499871254 28.84802199751139 2.3
      vertex 48.08429700136185 28.313403999805452 2.3
    endloop
  endfacet
  facet normal -0.9355446734478451 0.35320838606036087 0
    outer loop
      vertex 48.090398997068405 28.8248380035162 2
      vertex 48.090398997068405 28.8248380035162 2.3
      vertex 48.31620900332928 29.42294200360775 2.3
    endloop
  endfacet
  facet normal 0.9466164850406394 -0.3223619553379475 0
    outer loop
      vertex 48.33238200098276 28.988700999319555 2
      vertex 48.33238200098276 28.988700999319555 2.3
      vertex 48.28447499871254 28.84802199751139 2.3
    endloop
  endfacet
  facet normal -0.999979605130882 0.006386651883849133 0
    outer loop
      vertex 48.39310500025749 28.83581799864769 2
      vertex 48.39310500025749 28.83581799864769 2.3
      vertex 48.394023001194 28.979552498459817 2.3
    endloop
  endfacet
  facet normal -0.999632997517611 0.02709004012466735 0
    outer loop
      vertex 48.394023001194 28.979552498459817 2
      vertex 48.394023001194 28.979552498459817 2.3
      vertex 48.396776996552944 29.081175996363164 2.3
    endloop
  endfacet
  facet normal 1 0 0
    outer loop
      vertex 48.59085299819708 29.42294200360775 2
      vertex 48.59085299819708 29.42294200360775 2.3
      vertex 48.59085299819708 27.776320001482965 2.3
    endloop
  endfacet
  facet normal -0.9516903288535709 -0.30705946975558684 0
    outer loop
      vertex 47.67416699975729 28.964904999732973 2
      vertex 47.597271002829075 29.20323400050402 2.3
      vertex 47.597271002829075 29.20323400050402 2
    endloop
  endfacet
  facet normal 0 1 0
    outer loop
      vertex 47.40684899687767 29.42294200360775 2
      vertex 47.696126997470856 29.42294200360775 2.3
      vertex 47.696126997470856 29.42294200360775 2
    endloop
  endfacet
  facet normal -0.9355446734478451 0.35320838606036087 0
    outer loop
      vertex 48.090398997068405 28.8248380035162 2
      vertex 48.31620900332928 29.42294200360775 2.3
      vertex 48.31620900332928 29.42294200360775 2
    endloop
  endfacet
  facet normal -0.9995522005893269 0.02992320666362507 0
    outer loop
      vertex 48.396776996552944 29.081175996363164 2
      vertex 48.400430999696255 29.20323400050402 2.3
      vertex 48.400430999696255 29.20323400050402 2
    endloop
  endfacet
  facet normal 0 1 0
    outer loop
      vertex 48.31620900332928 29.42294200360775 2
      vertex 48.59085299819708 29.42294200360775 2.3
      vertex 48.59085299819708 29.42294200360775 2
    endloop
  endfacet
  facet normal 0.9999118788915738 0.01327533244489843 0
    outer loop
      vertex 47.597271002829075 29.20323400050402 2
      vertex 47.597271002829075 29.20323400050402 2.3
      vertex 47.60214900225401 28.83581799864769 2.3
    endloop
  endfacet
  facet normal 0 1 0
    outer loop
      vertex 47.40684899687767 29.42294200360775 2
      vertex 47.40684899687767 29.42294200360775 2.3
      vertex 47.696126997470856 29.42294200360775 2.3
    endloop
  endfacet
  facet normal 0.9352958462477703 0.3538667545724906 0
    outer loop
      vertex 47.696126997470856 29.42294200360775 2
      vertex 47.696126997470856 29.42294200360775 2.3
      vertex 47.92195499688387 28.826061999797822 2.3
    endloop
  endfacet
  facet normal 0.9531969141801405 -0.3023501989373543 0
    outer loop
      vertex 48.400430999696255 29.20323400050402 2
      vertex 48.400430999696255 29.20323400050402 2.3
      vertex 48.33238200098276 28.988700999319555 2.3
    endloop
  endfacet
  facet normal -0.9995522005893269 0.02992320666362507 0
    outer loop
      vertex 48.396776996552944 29.081175996363164 2
      vertex 48.396776996552944 29.081175996363164 2.3
      vertex 48.400430999696255 29.20323400050402 2.3
    endloop
  endfacet
  facet normal 0 1 0
    outer loop
      vertex 48.31620900332928 29.42294200360775 2
      vertex 48.31620900332928 29.42294200360775 2.3
      vertex 48.59085299819708 29.42294200360775 2.3
    endloop
  endfacet
  facet normal 0 0 1
    outer loop
      vertex 47.40684899687767 27.776320001482965 2.3
      vertex 47.60214900225401 27.776320001482965 2.3
      vertex 47.60214900225401 28.83581799864769 2.3
    endloop
  endfacet
  facet normal 0 0 1
    outer loop
      vertex 47.40684899687767 27.776320001482965 2.3
      vertex 47.60214900225401 28.83581799864769 2.3
      vertex 47.40684899687767 29.42294200360775 2.3
    endloop
  endfacet
  facet normal 0 0 1
    outer loop
      vertex 47.714451000094414 28.84802199751139 2.3
      vertex 47.91705899685621 28.313403999805452 2.3
      vertex 48.00495299696922 28.544091998040678 2.3
    endloop
  endfacet
  facet normal 0 0 1
    outer loop
      vertex 47.91705899685621 28.313403999805452 2.3
      vertex 48.08429700136185 28.313403999805452 2.3
      vertex 48.00495299696922 28.544091998040678 2.3
    endloop
  endfacet
  facet normal 0 0 1
    outer loop
      vertex 48.08429700136185 28.313403999805452 2.3
      vertex 48.28447499871254 28.84802199751139 2.3
      vertex 48.00495299696922 28.544091998040678 2.3
    endloop
  endfacet
  facet normal 0 0 1
    outer loop
      vertex 48.39310500025749 27.776320001482965 2.3
      vertex 48.59085299819708 27.776320001482965 2.3
      vertex 48.39310500025749 28.83581799864769 2.3
    endloop
  endfacet
  facet normal 0 0 1
    outer loop
      vertex 48.59085299819708 27.776320001482965 2.3
      vertex 48.394023001194 28.979552498459817 2.3
      vertex 48.39310500025749 28.83581799864769 2.3
    endloop
  endfacet
  facet normal 0 0 1
    outer loop
      vertex 47.714451000094414 28.84802199751139 2.3
      vertex 48.00495299696922 28.544091998040678 2.3
      vertex 47.95552050322294 28.723223498463632 2.3
    endloop
  endfacet
  facet normal 0 0 1
    outer loop
      vertex 47.714451000094414 28.84802199751139 2.3
      vertex 47.95552050322294 28.723223498463632 2.3
      vertex 47.92195499688387 28.826061999797822 2.3
    endloop
  endfacet
  facet normal 0 0 1
    outer loop
      vertex 48.00495299696922 28.544091998040678 2.3
      vertex 48.28447499871254 28.84802199751139 2.3
      vertex 48.03668700158596 28.653946003317834 2.3
    endloop
  endfacet
  facet normal 0 0 1
    outer loop
      vertex 48.03668700158596 28.653946003317834 2.3
      vertex 48.28447499871254 28.84802199751139 2.3
      vertex 48.090398997068405 28.8248380035162 2.3
    endloop
  endfacet
  facet normal 0 0 1
    outer loop
      vertex 47.714451000094414 28.84802199751139 2.3
      vertex 47.92195499688387 28.826061999797822 2.3
      vertex 47.67416699975729 28.964904999732973 2.3
    endloop
  endfacet
  facet normal 0 0 1
    outer loop
      vertex 48.090398997068405 28.8248380035162 2.3
      vertex 48.28447499871254 28.84802199751139 2.3
      vertex 48.33238200098276 28.988700999319555 2.3
    endloop
  endfacet
  facet normal 0 0 1
    outer loop
      vertex 48.59085299819708 27.776320001482965 2.3
      vertex 48.396776996552944 29.081175996363164 2.3
      vertex 48.394023001194 28.979552498459817 2.3
    endloop
  endfacet
  facet normal 0 0 1
    outer loop
      vertex 48.59085299819708 27.776320001482965 2.3
      vertex 48.400430999696255 29.20323400050402 2.3
      vertex 48.396776996552944 29.081175996363164 2.3
    endloop
  endfacet
  facet normal 0 0 1
    outer loop
      vertex 48.59085299819708 27.776320001482965 2.3
      vertex 48.59085299819708 29.42294200360775 2.3
      vertex 48.400430999696255 29.20323400050402 2.3
    endloop
  endfacet
  facet normal 0 0 1
    outer loop
      vertex 48.090398997068405 28.8248380035162 2.3
      vertex 48.33238200098276 28.988700999319555 2.3
      vertex 48.400430999696255 29.20323400050402 2.3
    endloop
  endfacet
  facet normal 0 0 1
    outer loop
      vertex 47.60214900225401 28.83581799864769 2.3
      vertex 47.597271002829075 29.20323400050402 2.3
      vertex 47.40684899687767 29.42294200360775 2.3
    endloop
  endfacet
  facet normal 0 0 1
    outer loop
      vertex 47.67416699975729 28.964904999732973 2.3
      vertex 47.696126997470856 29.42294200360775 2.3
      vertex 47.597271002829075 29.20323400050402 2.3
    endloop
  endfacet
  facet normal 0 0 1
    outer loop
      vertex 47.597271002829075 29.20323400050402 2.3
      vertex 47.696126997470856 29.42294200360775 2.3
      vertex 47.40684899687767 29.42294200360775 2.3
    endloop
  endfacet
  facet normal 0 0 1
    outer loop
      vertex 47.67416699975729 28.964904999732973 2.3
      vertex 47.92195499688387 28.826061999797822 2.3
      vertex 47.696126997470856 29.42294200360775 2.3
    endloop
  endfacet
  facet normal 0 0 1
    outer loop
      vertex 48.090398997068405 28.8248380035162 2.3
      vertex 48.400430999696255 29.20323400050402 2.3
      vertex 48.31620900332928 29.42294200360775 2.3
    endloop
  endfacet
  facet normal 0 0 1
    outer loop
      vertex 48.400430999696255 29.20323400050402 2.3
      vertex 48.59085299819708 29.42294200360775 2.3
      vertex 48.31620900332928 29.42294200360775 2.3
    endloop
  endfacet
  facet normal -1 0 0
    outer loop
      vertex 48.99619500339031 27.776320001482965 2
      vertex 48.99619500339031 27.96674199998379 2.3
      vertex 48.99619500339031 27.96674199998379 2
    endloop
  endfacet
  facet normal 0 1 0
    outer loop
      vertex 48.99619500339031 27.96674199998379 2
      vertex 49.381916999816895 27.96674199998379 2.3
      vertex 49.381916999816895 27.96674199998379 2
    endloop
  endfacet
  facet normal 0 -1 0
    outer loop
      vertex 48.99619500339031 27.776320001482965 2
      vertex 50.00077500194311 27.776320001482965 2
      vertex 48.99619500339031 27.776320001482965 2.3
    endloop
  endfacet
  facet normal 1 0 0
    outer loop
      vertex 50.00077500194311 27.776320001482965 2
      vertex 50.00077500194311 27.96674199998379 2
      vertex 50.00077500194311 27.776320001482965 2.3
    endloop
  endfacet
  facet normal 0 1 0
    outer loop
      vertex 49.61505299806595 27.96674199998379 2
      vertex 50.00077500194311 27.96674199998379 2.3
      vertex 50.00077500194311 27.96674199998379 2
    endloop
  endfacet
  facet normal 0 -1 0
    outer loop
      vertex 50.44762499630451 27.776320001482965 2
      vertex 50.65512900054455 27.776320001482965 2
      vertex 50.44762499630451 27.776320001482965 2.3
    endloop
  endfacet
  facet normal -1 0 0
    outer loop
      vertex 48.99619500339031 27.776320001482965 2
      vertex 48.99619500339031 27.776320001482965 2.3
      vertex 48.99619500339031 27.96674199998379 2.3
    endloop
  endfacet
  facet normal 0 1 0
    outer loop
      vertex 48.99619500339031 27.96674199998379 2
      vertex 48.99619500339031 27.96674199998379 2.3
      vertex 49.381916999816895 27.96674199998379 2.3
    endloop
  endfacet
  facet normal 0 -1 0
    outer loop
      vertex 50.00077500194311 27.776320001482965 2
      vertex 50.00077500194311 27.776320001482965 2.3
      vertex 48.99619500339031 27.776320001482965 2.3
    endloop
  endfacet
  facet normal 0 1 0
    outer loop
      vertex 49.61505299806595 27.96674199998379 2
      vertex 49.61505299806595 27.96674199998379 2.3
      vertex 50.00077500194311 27.96674199998379 2.3
    endloop
  endfacet
  facet normal 1 0 0
    outer loop
      vertex 50.00077500194311 27.96674199998379 2
      vertex 50.00077500194311 27.96674199998379 2.3
      vertex 50.00077500194311 27.776320001482965 2.3
    endloop
  endfacet
  facet normal 0 -1 0
    outer loop
      vertex 50.65512900054455 27.776320001482965 2
      vertex 50.65512900054455 27.776320001482965 2.3
      vertex 50.44762499630451 27.776320001482965 2.3
    endloop
  endfacet
  facet normal 0 -1 0
    outer loop
      vertex 51.27031499892473 27.776320001482965 2
      vertex 51.55106099694967 27.776320001482965 2
      vertex 51.27031499892473 27.776320001482965 2.3
    endloop
  endfacet
  facet normal 0 -1 0
    outer loop
      vertex 51.94787099957466 27.776320001482965 2
      vertex 53.11967100203037 27.776320001482965 2
      vertex 51.94787099957466 27.776320001482965 2.3
    endloop
  endfacet
  facet normal 0 1 0
    outer loop
      vertex 52.181006997823715 27.96674199998379 2
      vertex 53.11967100203037 27.96674199998379 2.3
      vertex 53.11967100203037 27.96674199998379 2
    endloop
  endfacet
  facet normal 0 -1 0
    outer loop
      vertex 51.55106099694967 27.776320001482965 2
      vertex 51.55106099694967 27.776320001482965 2.3
      vertex 51.27031499892473 27.776320001482965 2.3
    endloop
  endfacet
  facet normal -0.9954128087674275 -0.09567308995606116 0
    outer loop
      vertex 51.36308699846268 28.033863997459413 2
      vertex 51.36308699846268 28.033863997459413 2.3
      vertex 51.346603497862816 28.20536350309849 2.3
    endloop
  endfacet
  facet normal 0 -1 0
    outer loop
      vertex 53.11967100203037 27.776320001482965 2
      vertex 53.11967100203037 27.776320001482965 2.3
      vertex 51.94787099957466 27.776320001482965 2.3
    endloop
  endfacet
  facet normal 0 1 0
    outer loop
      vertex 52.181006997823715 27.96674199998379 2
      vertex 52.181006997823715 27.96674199998379 2.3
      vertex 53.11967100203037 27.96674199998379 2.3
    endloop
  endfacet
  facet normal 0 0 1
    outer loop
      vertex 48.99619500339031 27.776320001482965 2.3
      vertex 49.381916999816895 27.96674199998379 2.3
      vertex 48.99619500339031 27.96674199998379 2.3
    endloop
  endfacet
  facet normal 0 0 1
    outer loop
      vertex 48.99619500339031 27.776320001482965 2.3
      vertex 50.00077500194311 27.776320001482965 2.3
      vertex 49.381916999816895 27.96674199998379 2.3
    endloop
  endfacet
  facet normal 0 0 1
    outer loop
      vertex 49.381916999816895 27.96674199998379 2.3
      vertex 50.00077500194311 27.776320001482965 2.3
      vertex 49.61505299806595 27.96674199998379 2.3
    endloop
  endfacet
  facet normal 0 0 1
    outer loop
      vertex 49.61505299806595 27.96674199998379 2.3
      vertex 50.00077500194311 27.776320001482965 2.3
      vertex 50.00077500194311 27.96674199998379 2.3
    endloop
  endfacet
  facet normal 0 0 1
    outer loop
      vertex 51.27031499892473 27.776320001482965 2.3
      vertex 51.55106099694967 27.776320001482965 2.3
      vertex 51.36308699846268 28.033863997459413 2.3
    endloop
  endfacet
  facet normal 0 0 1
    outer loop
      vertex 51.55106099694967 27.776320001482965 2.3
      vertex 51.346603497862816 28.20536350309849 2.3
      vertex 51.36308699846268 28.033863997459413 2.3
    endloop
  endfacet
  facet normal 0 0 1
    outer loop
      vertex 51.55106099694967 27.776320001482965 2.3
      vertex 51.34110900014639 28.36832199841738 2.3
      vertex 51.346603497862816 28.20536350309849 2.3
    endloop
  endfacet
  facet normal 0 0 1
    outer loop
      vertex 51.94787099957466 27.776320001482965 2.3
      vertex 52.181006997823715 27.96674199998379 2.3
      vertex 52.181006997823715 28.529439999163152 2.3
    endloop
  endfacet
  facet normal 0 0 1
    outer loop
      vertex 51.94787099957466 27.776320001482965 2.3
      vertex 53.11967100203037 27.776320001482965 2.3
      vertex 52.181006997823715 27.96674199998379 2.3
    endloop
  endfacet
  facet normal 0 0 1
    outer loop
      vertex 52.181006997823715 27.96674199998379 2.3
      vertex 53.11967100203037 27.776320001482965 2.3
      vertex 53.11967100203037 27.96674199998379 2.3
    endloop
  endfacet
  facet normal 1 0 0
    outer loop
      vertex 49.61505299806595 27.96674199998379 2
      vertex 49.61505299806595 29.232519997656347 2
      vertex 49.61505299806595 27.96674199998379 2.3
    endloop
  endfacet
  facet normal -1 0 0
    outer loop
      vertex 49.381916999816895 27.96674199998379 2
      vertex 49.381916999816895 29.232519997656347 2.3
      vertex 49.381916999816895 29.232519997656347 2
    endloop
  endfacet
  facet normal 1 0 0
    outer loop
      vertex 50.65512900054455 27.776320001482965 2
      vertex 50.65512900054455 28.845591998100282 2
      vertex 50.65512900054455 27.776320001482965 2.3
    endloop
  endfacet
  facet normal -1 0 0
    outer loop
      vertex 50.44762499630451 27.776320001482965 2
      vertex 50.44762499630451 29.42294200360775 2.3
      vertex 50.44762499630451 29.42294200360775 2
    endloop
  endfacet
  facet normal 0.9992681364047177 0.03825168710321776 0
    outer loop
      vertex 50.65512900054455 28.845591998100282 2
      vertex 50.65024650096893 28.973139999806882 2
      vertex 50.65512900054455 28.845591998100282 2.3
    endloop
  endfacet
  facet normal 0.996794063189185 0.08000997182098644 0
    outer loop
      vertex 50.65024650096893 28.973139999806882 2
      vertex 50.63559900224209 29.15562400072813 2
      vertex 50.65024650096893 28.973139999806882 2.3
    endloop
  endfacet
  facet normal -1 0 0
    outer loop
      vertex 49.381916999816895 27.96674199998379 2
      vertex 49.381916999816895 27.96674199998379 2.3
      vertex 49.381916999816895 29.232519997656347 2.3
    endloop
  endfacet
  facet normal 1 0 0
    outer loop
      vertex 49.61505299806595 29.232519997656347 2
      vertex 49.61505299806595 29.232519997656347 2.3
      vertex 49.61505299806595 27.96674199998379 2.3
    endloop
  endfacet
  facet normal -1 0 0
    outer loop
      vertex 50.44762499630451 27.776320001482965 2
      vertex 50.44762499630451 27.776320001482965 2.3
      vertex 50.44762499630451 29.42294200360775 2.3
    endloop
  endfacet
  facet normal 1 0 0
    outer loop
      vertex 50.65512900054455 28.845591998100282 2
      vertex 50.65512900054455 28.845591998100282 2.3
      vertex 50.65512900054455 27.776320001482965 2.3
    endloop
  endfacet
  facet normal 0.9992681364047177 0.03825168710321776 0
    outer loop
      vertex 50.65024650096893 28.973139999806882 2
      vertex 50.65024650096893 28.973139999806882 2.3
      vertex 50.65512900054455 28.845591998100282 2.3
    endloop
  endfacet
  facet normal 0 -1 0
    outer loop
      vertex 48.99619500339031 29.232519997656347 2
      vertex 49.381916999816895 29.232519997656347 2
      vertex 48.99619500339031 29.232519997656347 2.3
    endloop
  endfacet
  facet normal -1 0 0
    outer loop
      vertex 48.99619500339031 29.232519997656347 2
      vertex 48.99619500339031 29.42294200360775 2.3
      vertex 48.99619500339031 29.42294200360775 2
    endloop
  endfacet
  facet normal 0 -1 0
    outer loop
      vertex 49.61505299806595 29.232519997656347 2
      vertex 50.00077500194311 29.232519997656347 2
      vertex 49.61505299806595 29.232519997656347 2.3
    endloop
  endfacet
  facet normal 0 1 0
    outer loop
      vertex 48.99619500339031 29.42294200360775 2
      vertex 50.00077500194311 29.42294200360775 2.3
      vertex 50.00077500194311 29.42294200360775 2
    endloop
  endfacet
  facet normal 1 0 0
    outer loop
      vertex 50.00077500194311 29.232519997656347 2
      vertex 50.00077500194311 29.42294200360775 2
      vertex 50.00077500194311 29.232519997656347 2.3
    endloop
  endfacet
  facet normal 0 1 0
    outer loop
      vertex 50.44762499630451 29.42294200360775 2
      vertex 50.71859700232744 29.42294200360775 2.3
      vertex 50.71859700232744 29.42294200360775 2
    endloop
  endfacet
  facet normal -1 0 0
    outer loop
      vertex 48.99619500339031 29.232519997656347 2
      vertex 48.99619500339031 29.232519997656347 2.3
      vertex 48.99619500339031 29.42294200360775 2.3
    endloop
  endfacet
  facet normal 0 -1 0
    outer loop
      vertex 49.381916999816895 29.232519997656347 2
      vertex 49.381916999816895 29.232519997656347 2.3
      vertex 48.99619500339031 29.232519997656347 2.3
    endloop
  endfacet
  facet normal 0 1 0
    outer loop
      vertex 48.99619500339031 29.42294200360775 2
      vertex 48.99619500339031 29.42294200360775 2.3
      vertex 50.00077500194311 29.42294200360775 2.3
    endloop
  endfacet
  facet normal 0 -1 0
    outer loop
      vertex 50.00077500194311 29.232519997656347 2
      vertex 50.00077500194311 29.232519997656347 2.3
      vertex 49.61505299806595 29.232519997656347 2.3
    endloop
  endfacet
  facet normal 1 0 0
    outer loop
      vertex 50.00077500194311 29.42294200360775 2
      vertex 50.00077500194311 29.42294200360775 2.3
      vertex 50.00077500194311 29.232519997656347 2.3
    endloop
  endfacet
  facet normal 0.996794063189185 0.08000997182098644 0
    outer loop
      vertex 50.63559900224209 29.15562400072813 2
      vertex 50.63559900224209 29.15562400072813 2.3
      vertex 50.65024650096893 28.973139999806882 2.3
    endloop
  endfacet
  facet normal 0 1 0
    outer loop
      vertex 50.44762499630451 29.42294200360775 2
      vertex 50.44762499630451 29.42294200360775 2.3
      vertex 50.71859700232744 29.42294200360775 2.3
    endloop
  endfacet
  facet normal 0.9071184556222567 0.42087540611146673 0
    outer loop
      vertex 51.36308699846268 28.033863997459413 2
      vertex 50.71859700232744 29.42294200360775 2
      vertex 51.36308699846268 28.033863997459413 2.3
    endloop
  endfacet
  facet normal -0.9954128087674275 -0.09567308995606116 0
    outer loop
      vertex 51.36308699846268 28.033863997459413 2
      vertex 51.346603497862816 28.20536350309849 2.3
      vertex 51.346603497862816 28.20536350309849 2
    endloop
  endfacet
  facet normal -0.9994320607482318 -0.03369801104728534 0
    outer loop
      vertex 51.346603497862816 28.20536350309849 2
      vertex 51.34110900014639 28.36832199841738 2.3
      vertex 51.34110900014639 28.36832199841738 2
    endloop
  endfacet
  facet normal 1 0 0
    outer loop
      vertex 51.55106099694967 27.776320001482965 2
      vertex 51.55106099694967 29.42294200360775 2
      vertex 51.55106099694967 27.776320001482965 2.3
    endloop
  endfacet
  facet normal -0.9084313920205087 -0.41803397707803697 1.2186840226005204e-16
    outer loop
      vertex 51.27031499892473 27.776320001482965 2
      vertex 50.63559900224209 29.15562400072813 2.3
      vertex 50.63559900224209 29.15562400072813 2
    endloop
  endfacet
  facet normal 1 0 0
    outer loop
      vertex 52.181006997823715 27.96674199998379 2
      vertex 52.181006997823715 28.529439999163152 2
      vertex 52.181006997823715 27.96674199998379 2.3
    endloop
  endfacet
  facet normal 0 -1 0
    outer loop
      vertex 52.181006997823715 28.529439999163152 2
      vertex 52.996389001607895 28.529439999163152 2
      vertex 52.181006997823715 28.529439999163152 2.3
    endloop
  endfacet
  facet normal -1 0 0
    outer loop
      vertex 51.94787099957466 27.776320001482965 2
      vertex 51.94787099957466 29.42294200360775 2.3
      vertex 51.94787099957466 29.42294200360775 2
    endloop
  endfacet
  facet normal 1 0 0
    outer loop
      vertex 52.181006997823715 28.717413997650148 2
      vertex 52.181006997823715 29.232519997656347 2
      vertex 52.181006997823715 28.717413997650148 2.3
    endloop
  endfacet
  facet normal 0 1 0
    outer loop
      vertex 52.181006997823715 28.717413997650148 2
      vertex 52.996389001607895 28.717413997650148 2.3
      vertex 52.996389001607895 28.717413997650148 2
    endloop
  endfacet
  facet normal -0.9084313920205087 -0.41803397707803697 0
    outer loop
      vertex 51.27031499892473 27.776320001482965 2
      vertex 51.27031499892473 27.776320001482965 2.3
      vertex 50.63559900224209 29.15562400072813 2.3
    endloop
  endfacet
  facet normal -0.9994320607482318 -0.03369801104728534 0
    outer loop
      vertex 51.346603497862816 28.20536350309849 2
      vertex 51.346603497862816 28.20536350309849 2.3
      vertex 51.34110900014639 28.36832199841738 2.3
    endloop
  endfacet
  facet normal 0.9071184556222567 0.42087540611146673 0
    outer loop
      vertex 50.71859700232744 29.42294200360775 2
      vertex 50.71859700232744 29.42294200360775 2.3
      vertex 51.36308699846268 28.033863997459413 2.3
    endloop
  endfacet
  facet normal -1 0 0
    outer loop
      vertex 51.34110900014639 28.36832199841738 2
      vertex 51.34110900014639 28.36832199841738 2.3
      vertex 51.34110900014639 29.42294200360775 2.3
    endloop
  endfacet
  facet normal 1 0 0
    outer loop
      vertex 51.55106099694967 29.42294200360775 2
      vertex 51.55106099694967 29.42294200360775 2.3
      vertex 51.55106099694967 27.776320001482965 2.3
    endloop
  endfacet
  facet normal -1 0 0
    outer loop
      vertex 51.94787099957466 27.776320001482965 2
      vertex 51.94787099957466 27.776320001482965 2.3
      vertex 51.94787099957466 29.42294200360775 2.3
    endloop
  endfacet
  facet normal 1 0 0
    outer loop
      vertex 52.181006997823715 28.529439999163152 2
      vertex 52.181006997823715 28.529439999163152 2.3
      vertex 52.181006997823715 27.96674199998379 2.3
    endloop
  endfacet
  facet normal 0 -1 0
    outer loop
      vertex 52.996389001607895 28.529439999163152 2
      vertex 52.996389001607895 28.529439999163152 2.3
      vertex 52.181006997823715 28.529439999163152 2.3
    endloop
  endfacet
  facet normal 1 0 0
    outer loop
      vertex 52.181006997823715 29.232519997656347 2
      vertex 52.181006997823715 29.232519997656347 2.3
      vertex 52.181006997823715 28.717413997650148 2.3
    endloop
  endfacet
  facet normal 0 1 0
    outer loop
      vertex 52.181006997823715 28.717413997650148 2
      vertex 52.181006997823715 28.717413997650148 2.3
      vertex 52.996389001607895 28.717413997650148 2.3
    endloop
  endfacet
  facet normal -1 0 0
    outer loop
      vertex 51.34110900014639 28.36832199841738 2
      vertex 51.34110900014639 29.42294200360775 2.3
      vertex 51.34110900014639 29.42294200360775 2
    endloop
  endfacet
  facet normal 0 1 0
    outer loop
      vertex 51.34110900014639 29.42294200360775 2
      vertex 51.55106099694967 29.42294200360775 2.3
      vertex 51.55106099694967 29.42294200360775 2
    endloop
  endfacet
  facet normal 0 -1 0
    outer loop
      vertex 52.181006997823715 29.232519997656347 2
      vertex 53.06961300224066 29.232519997656347 2
      vertex 52.181006997823715 29.232519997656347 2.3
    endloop
  endfacet
  facet normal 0 1 0
    outer loop
      vertex 51.94787099957466 29.42294200360775 2
      vertex 53.06961300224066 29.42294200360775 2.3
      vertex 53.06961300224066 29.42294200360775 2
    endloop
  endfacet
  facet normal 0 1 0
    outer loop
      vertex 51.34110900014639 29.42294200360775 2
      vertex 51.34110900014639 29.42294200360775 2.3
      vertex 51.55106099694967 29.42294200360775 2.3
    endloop
  endfacet
  facet normal 0 -1 0
    outer loop
      vertex 53.06961300224066 29.232519997656347 2
      vertex 53.06961300224066 29.232519997656347 2.3
      vertex 52.181006997823715 29.232519997656347 2.3
    endloop
  endfacet
  facet normal 0 1 0
    outer loop
      vertex 51.94787099957466 29.42294200360775 2
      vertex 51.94787099957466 29.42294200360775 2.3
      vertex 53.06961300224066 29.42294200360775 2.3
    endloop
  endfacet
  facet normal 0 0 1
    outer loop
      vertex 49.381916999816895 27.96674199998379 2.3
      vertex 49.61505299806595 27.96674199998379 2.3
      vertex 49.381916999816895 29.232519997656347 2.3
    endloop
  endfacet
  facet normal 0 0 1
    outer loop
      vertex 49.61505299806595 27.96674199998379 2.3
      vertex 49.61505299806595 29.232519997656347 2.3
      vertex 49.381916999816895 29.232519997656347 2.3
    endloop
  endfacet
  facet normal 0 0 1
    outer loop
      vertex 50.44762499630451 27.776320001482965 2.3
      vertex 50.65512900054455 27.776320001482965 2.3
      vertex 50.65512900054455 28.845591998100282 2.3
    endloop
  endfacet
  facet normal 0 0 1
    outer loop
      vertex 50.44762499630451 27.776320001482965 2.3
      vertex 50.65512900054455 28.845591998100282 2.3
      vertex 50.65024650096893 28.973139999806882 2.3
    endloop
  endfacet
  facet normal 0 0 1
    outer loop
      vertex 50.44762499630451 27.776320001482965 2.3
      vertex 50.63559900224209 29.15562400072813 2.3
      vertex 50.44762499630451 29.42294200360775 2.3
    endloop
  endfacet
  facet normal 0 0 1
    outer loop
      vertex 50.44762499630451 27.776320001482965 2.3
      vertex 50.65024650096893 28.973139999806882 2.3
      vertex 50.63559900224209 29.15562400072813 2.3
    endloop
  endfacet
  facet normal 0 0 1
    outer loop
      vertex 48.99619500339031 29.232519997656347 2.3
      vertex 49.381916999816895 29.232519997656347 2.3
      vertex 48.99619500339031 29.42294200360775 2.3
    endloop
  endfacet
  facet normal 0 0 1
    outer loop
      vertex 49.381916999816895 29.232519997656347 2.3
      vertex 49.61505299806595 29.232519997656347 2.3
      vertex 50.00077500194311 29.42294200360775 2.3
    endloop
  endfacet
  facet normal 0 0 1
    outer loop
      vertex 48.99619500339031 29.42294200360775 2.3
      vertex 49.381916999816895 29.232519997656347 2.3
      vertex 50.00077500194311 29.42294200360775 2.3
    endloop
  endfacet
  facet normal 0 0 1
    outer loop
      vertex 49.61505299806595 29.232519997656347 2.3
      vertex 50.00077500194311 29.232519997656347 2.3
      vertex 50.00077500194311 29.42294200360775 2.3
    endloop
  endfacet
  facet normal 0 0 1
    outer loop
      vertex 50.63559900224209 29.15562400072813 2.3
      vertex 50.71859700232744 29.42294200360775 2.3
      vertex 50.44762499630451 29.42294200360775 2.3
    endloop
  endfacet
  facet normal 0 0 1
    outer loop
      vertex 51.27031499892473 27.776320001482965 2.3
      vertex 51.36308699846268 28.033863997459413 2.3
      vertex 50.63559900224209 29.15562400072813 2.3
    endloop
  endfacet
  facet normal 0 0 1
    outer loop
      vertex 51.55106099694967 27.776320001482965 2.3
      vertex 51.55106099694967 29.42294200360775 2.3
      vertex 51.34110900014639 28.36832199841738 2.3
    endloop
  endfacet
  facet normal 0 0 1
    outer loop
      vertex 51.36308699846268 28.033863997459413 2.3
      vertex 50.71859700232744 29.42294200360775 2.3
      vertex 50.63559900224209 29.15562400072813 2.3
    endloop
  endfacet
  facet normal 0 0 1
    outer loop
      vertex 51.94787099957466 27.776320001482965 2.3
      vertex 52.181006997823715 28.529439999163152 2.3
      vertex 51.94787099957466 29.42294200360775 2.3
    endloop
  endfacet
  facet normal 0 0 1
    outer loop
      vertex 52.181006997823715 28.529439999163152 2.3
      vertex 52.996389001607895 28.529439999163152 2.3
      vertex 52.996389001607895 28.717413997650148 2.3
    endloop
  endfacet
  facet normal 0 0 1
    outer loop
      vertex 52.181006997823715 28.529439999163152 2.3
      vertex 52.181006997823715 28.717413997650148 2.3
      vertex 51.94787099957466 29.42294200360775 2.3
    endloop
  endfacet
  facet normal 0 0 1
    outer loop
      vertex 52.181006997823715 28.529439999163152 2.3
      vertex 52.996389001607895 28.717413997650148 2.3
      vertex 52.181006997823715 28.717413997650148 2.3
    endloop
  endfacet
  facet normal 0 0 1
    outer loop
      vertex 51.34110900014639 28.36832199841738 2.3
      vertex 51.55106099694967 29.42294200360775 2.3
      vertex 51.34110900014639 29.42294200360775 2.3
    endloop
  endfacet
  facet normal 0 0 1
    outer loop
      vertex 52.181006997823715 28.717413997650148 2.3
      vertex 52.181006997823715 29.232519997656347 2.3
      vertex 51.94787099957466 29.42294200360775 2.3
    endloop
  endfacet
  facet normal 0 0 1
    outer loop
      vertex 52.181006997823715 29.232519997656347 2.3
      vertex 53.06961300224066 29.232519997656347 2.3
      vertex 53.06961300224066 29.42294200360775 2.3
    endloop
  endfacet
  facet normal 0 0 1
    outer loop
      vertex 52.181006997823715 29.232519997656347 2.3
      vertex 53.06961300224066 29.42294200360775 2.3
      vertex 51.94787099957466 29.42294200360775 2.3
    endloop
  endfacet
  facet normal 1 0 0
    outer loop
      vertex 53.11967100203037 27.776320001482965 2
      vertex 53.11967100203037 27.96674199998379 2
      vertex 53.11967100203037 27.776320001482965 2.3
    endloop
  endfacet
  facet normal 0 -1 0
    outer loop
      vertex 53.44811700284481 27.776320001482965 2
      vertex 53.681253001093864 27.776320001482965 2
      vertex 53.44811700284481 27.776320001482965 2.3
    endloop
  endfacet
  facet normal 1 0 0
    outer loop
      vertex 53.681253001093864 27.776320001482965 2
      vertex 53.681253001093864 28.478176003694536 2
      vertex 53.681253001093864 27.776320001482965 2.3
    endloop
  endfacet
  facet normal 0 -1 0
    outer loop
      vertex 54.418514996767044 27.776320001482965 2
      vertex 54.687039002776146 27.776320001482965 2
      vertex 54.418514996767044 27.776320001482965 2.3
    endloop
  endfacet
  facet normal 0.8307631444642728 0.5566260843688821 0
    outer loop
      vertex 54.687039002776146 27.776320001482965 2
      vertex 54.19878900051117 28.505032001435758 2
      vertex 54.687039002776146 27.776320001482965 2.3
    endloop
  endfacet
  facet normal 1 0 0
    outer loop
      vertex 53.11967100203037 27.96674199998379 2
      vertex 53.11967100203037 27.96674199998379 2.3
      vertex 53.11967100203037 27.776320001482965 2.3
    endloop
  endfacet
  facet normal 0 -1 0
    outer loop
      vertex 53.681253001093864 27.776320001482965 2
      vertex 53.681253001093864 27.776320001482965 2.3
      vertex 53.44811700284481 27.776320001482965 2.3
    endloop
  endfacet
  facet normal -0.8435937774717569 -0.5369818792202694 0
    outer loop
      vertex 54.418514996767044 27.776320001482965 2
      vertex 54.418514996767044 27.776320001482965 2.3
      vertex 53.971754997968674 28.478176003694536 2.3
    endloop
  endfacet
  facet normal 0 -1 0
    outer loop
      vertex 54.687039002776146 27.776320001482965 2
      vertex 54.687039002776146 27.776320001482965 2.3
      vertex 54.418514996767044 27.776320001482965 2.3
    endloop
  endfacet
  facet normal 0 0 1
    outer loop
      vertex 53.44811700284481 27.776320001482965 2.3
      vertex 53.681253001093864 27.776320001482965 2.3
      vertex 53.681253001093864 28.478176003694536 2.3
    endloop
  endfacet
  facet normal 0 0 1
    outer loop
      vertex 54.418514996767044 27.776320001482965 2.3
      vertex 54.687039002776146 27.776320001482965 2.3
      vertex 54.19878900051117 28.505032001435758 2.3
    endloop
  endfacet
  facet normal 1 0 0
    outer loop
      vertex 52.996389001607895 28.529439999163152 2
      vertex 52.996389001607895 28.717413997650148 2
      vertex 52.996389001607895 28.529439999163152 2.3
    endloop
  endfacet
  facet normal -1 0 0
    outer loop
      vertex 53.44811700284481 27.776320001482965 2
      vertex 53.44811700284481 29.42294200360775 2.3
      vertex 53.44811700284481 28.186892061393507 2
    endloop
  endfacet
  facet normal 0 -1 0
    outer loop
      vertex 53.681253001093864 28.478176003694536 2
      vertex 53.971754997968674 28.478176003694536 2
      vertex 53.681253001093864 28.478176003694536 2.3
    endloop
  endfacet
  facet normal 0 1 0
    outer loop
      vertex 53.681253001093864 28.66249599903822 2
      vertex 53.681253001093864 28.66249599903822 2.3
      vertex 54.02301900088787 28.66249599903822 2
    endloop
  endfacet
  facet normal -1 0 0
    outer loop
      vertex 53.44811700284481 28.186892061393507 2
      vertex 53.44811700284481 29.42294200360775 2.3
      vertex 53.44811700284481 29.42294200360775 2
    endloop
  endfacet
  facet normal 1 0 0
    outer loop
      vertex 53.681253001093864 28.66249599903822 2
      vertex 53.681253001093864 29.23619200140238 2
      vertex 53.681253001093864 29.23619200140238 2.3
    endloop
  endfacet
  facet normal -0.8435937774717569 -0.5369818792202694 0
    outer loop
      vertex 54.418514996767044 27.776320001482965 2
      vertex 53.971754997968674 28.478176003694536 2.3
      vertex 53.971754997968674 28.478176003694536 2
    endloop
  endfacet
  facet normal 0.3037840040309898 -0.9527409295789174 0
    outer loop
      vertex 54.19878900051117 28.505032001435758 2
      vertex 54.371053501963615 28.559959000349046 2
      vertex 54.19878900051117 28.505032001435758 2.3
    endloop
  endfacet
  facet normal 0.6045228241020008 -0.7965878201050661 0
    outer loop
      vertex 54.371053501963615 28.559959000349046 2
      vertex 54.5045550018549 28.661272002756597 2
      vertex 54.371053501963615 28.559959000349046 2.3
    endloop
  endfacet
  facet normal -0.12559820126506652 0.9920811921606919 0
    outer loop
      vertex 54.02301900088787 28.66249599903822 2
      vertex 54.02301900088787 28.66249599903822 2.3
      vertex 54.17728350311518 28.68202599734068 2
    endloop
  endfacet
  facet normal -0.4581731735737068 0.888862949513252 0
    outer loop
      vertex 54.17728350311518 28.68202599734068 2
      vertex 54.17728350311518 28.68202599734068 2.3
      vertex 54.2909490019083 28.74061599969864 2
    endloop
  endfacet
  facet normal -0.8046183659934759 0.5937922912146881 0
    outer loop
      vertex 54.2909490019083 28.74061599969864 2
      vertex 54.2909490019083 28.74061599969864 2.3
      vertex 54.36098700016737 28.835521003603937 2
    endloop
  endfacet
  facet normal 0.8512232543763513 -0.5248037454219754 0
    outer loop
      vertex 54.5045550018549 28.661272002756597 2
      vertex 54.59015849977732 28.800119502842428 2
      vertex 54.5045550018549 28.661272002756597 2.3
    endloop
  endfacet
  facet normal -0.9838875494908107 0.1787883943575968 0
    outer loop
      vertex 54.36098700016737 28.835521003603937 2
      vertex 54.36098700016737 28.835521003603937 2.3
      vertex 54.38433299958706 28.963995999097826 2
    endloop
  endfacet
  facet normal -0.9104111481526597 -0.4137046546986823 0
    outer loop
      vertex 54.38433299958706 28.963995999097826 2
      vertex 54.38433299958706 28.963995999097826 2.3
      vertex 54.291565500199795 29.168143002688886 2
    endloop
  endfacet
  facet normal 0.9858029888529433 -0.16790612606037933 0
    outer loop
      vertex 54.59015849977732 28.800119502842428 2
      vertex 54.61869300156832 28.967650002241136 2
      vertex 54.59015849977732 28.800119502842428 2.3
    endloop
  endfacet
  facet normal 0.982121817703703 0.18824647457621696 0
    outer loop
      vertex 54.61869300156832 28.967650002241136 2
      vertex 54.58146449923515 29.16187900155783 2
      vertex 54.61869300156832 28.967650002241136 2.3
    endloop
  endfacet
  facet normal -1 0 0
    outer loop
      vertex 53.44811700284481 27.776320001482965 2
      vertex 53.44811700284481 27.776320001482965 2.3
      vertex 53.44811700284481 29.42294200360775 2.3
    endloop
  endfacet
  facet normal 1 0 0
    outer loop
      vertex 53.681253001093864 28.478176003694536 2
      vertex 53.681253001093864 28.478176003694536 2.3
      vertex 53.681253001093864 27.776320001482965 2.3
    endloop
  endfacet
  facet normal 1 0 0
    outer loop
      vertex 52.996389001607895 28.717413997650148 2
      vertex 52.996389001607895 28.717413997650148 2.3
      vertex 52.996389001607895 28.529439999163152 2.3
    endloop
  endfacet
  facet normal 1 0 0
    outer loop
      vertex 53.681253001093864 28.66249599903822 2
      vertex 53.681253001093864 29.23619200140238 2.3
      vertex 53.681253001093864 28.66249599903822 2.3
    endloop
  endfacet
  facet normal 0 -1 0
    outer loop
      vertex 53.971754997968674 28.478176003694536 2
      vertex 53.971754997968674 28.478176003694536 2.3
      vertex 53.681253001093864 28.478176003694536 2.3
    endloop
  endfacet
  facet normal 0.3037840040309898 -0.9527409295789174 0
    outer loop
      vertex 54.371053501963615 28.559959000349046 2
      vertex 54.371053501963615 28.559959000349046 2.3
      vertex 54.19878900051117 28.505032001435758 2.3
    endloop
  endfacet
  facet normal 0.8307631444642728 0.5566260843688821 0
    outer loop
      vertex 54.19878900051117 28.505032001435758 2
      vertex 54.19878900051117 28.505032001435758 2.3
      vertex 54.687039002776146 27.776320001482965 2.3
    endloop
  endfacet
  facet normal 0 1 0
    outer loop
      vertex 54.02301900088787 28.66249599903822 2
      vertex 53.681253001093864 28.66249599903822 2.3
      vertex 54.02301900088787 28.66249599903822 2.3
    endloop
  endfacet
  facet normal -0.12559820126506652 0.9920811921606919 0
    outer loop
      vertex 54.17728350311518 28.68202599734068 2
      vertex 54.02301900088787 28.66249599903822 2.3
      vertex 54.17728350311518 28.68202599734068 2.3
    endloop
  endfacet
  facet normal -0.4581731735737068 0.888862949513252 0
    outer loop
      vertex 54.2909490019083 28.74061599969864 2
      vertex 54.17728350311518 28.68202599734068 2.3
      vertex 54.2909490019083 28.74061599969864 2.3
    endloop
  endfacet
  facet normal 0.6045228241020008 -0.7965878201050661 0
    outer loop
      vertex 54.5045550018549 28.661272002756597 2
      vertex 54.5045550018549 28.661272002756597 2.3
      vertex 54.371053501963615 28.559959000349046 2.3
    endloop
  endfacet
  facet normal -0.8046183659934759 0.5937922912146881 0
    outer loop
      vertex 54.36098700016737 28.835521003603937 2
      vertex 54.2909490019083 28.74061599969864 2.3
      vertex 54.36098700016737 28.835521003603937 2.3
    endloop
  endfacet
  facet normal 0.8512232543763513 -0.5248037454219754 0
    outer loop
      vertex 54.59015849977732 28.800119502842428 2
      vertex 54.59015849977732 28.800119502842428 2.3
      vertex 54.5045550018549 28.661272002756597 2.3
    endloop
  endfacet
  facet normal -0.9838875494908107 0.1787883943575968 0
    outer loop
      vertex 54.38433299958706 28.963995999097826 2
      vertex 54.36098700016737 28.835521003603937 2.3
      vertex 54.38433299958706 28.963995999097826 2.3
    endloop
  endfacet
  facet normal 0.9858029888529433 -0.16790612606037933 0
    outer loop
      vertex 54.61869300156832 28.967650002241136 2
      vertex 54.61869300156832 28.967650002241136 2.3
      vertex 54.59015849977732 28.800119502842428 2.3
    endloop
  endfacet
  facet normal 1 0 0
    outer loop
      vertex 53.06961300224066 29.232519997656347 2
      vertex 53.06961300224066 29.42294200360775 2
      vertex 53.06961300224066 29.232519997656347 2.3
    endloop
  endfacet
  facet normal 0 -1 0
    outer loop
      vertex 53.681253001093864 29.23619200140238 2
      vertex 54.013263002038 29.23619200140238 2
      vertex 54.013263002038 29.23619200140238 2.3
    endloop
  endfacet
  facet normal -0.2375173121030001 -0.9713833056272719 0
    outer loop
      vertex 54.013263002038 29.23619200140238 2
      vertex 54.291565500199795 29.168143002688886 2
      vertex 54.291565500199795 29.168143002688886 2.3
    endloop
  endfacet
  facet normal 0 1 0
    outer loop
      vertex 53.44811700284481 29.42294200360775 2
      vertex 54.03644700348377 29.42294200360775 2.3
      vertex 54.03644700348377 29.42294200360775 2
    endloop
  endfacet
  facet normal 0.11673361857939688 0.9931632606441702 0
    outer loop
      vertex 54.03644700348377 29.42294200360775 2
      vertex 54.286989003419876 29.393494001030923 2.3
      vertex 54.286989003419876 29.393494001030923 2
    endloop
  endfacet
  facet normal 0.7886781448760165 0.614806297784046 0
    outer loop
      vertex 54.58146449923515 29.16187900155783 2
      vertex 54.46977899968624 29.30515000075102 2
      vertex 54.58146449923515 29.16187900155783 2.3
    endloop
  endfacet
  facet normal 0.4351507008955623 0.9003576331159195 0
    outer loop
      vertex 54.286989003419876 29.393494001030923 2
      vertex 54.46977899968624 29.30515000075102 2.3
      vertex 54.46977899968624 29.30515000075102 2
    endloop
  endfacet
  facet normal 1 0 0
    outer loop
      vertex 53.06961300224066 29.42294200360775 2
      vertex 53.06961300224066 29.42294200360775 2.3
      vertex 53.06961300224066 29.232519997656347 2.3
    endloop
  endfacet
  facet normal 0 -1 0
    outer loop
      vertex 53.681253001093864 29.23619200140238 2
      vertex 54.013263002038 29.23619200140238 2.3
      vertex 53.681253001093864 29.23619200140238 2.3
    endloop
  endfacet
  facet normal 0 1 0
    outer loop
      vertex 53.44811700284481 29.42294200360775 2
      vertex 53.44811700284481 29.42294200360775 2.3
      vertex 54.03644700348377 29.42294200360775 2.3
    endloop
  endfacet
  facet normal -0.9104111481526597 -0.4137046546986823 0
    outer loop
      vertex 54.291565500199795 29.168143002688886 2
      vertex 54.38433299958706 28.963995999097826 2.3
      vertex 54.291565500199795 29.168143002688886 2.3
    endloop
  endfacet
  facet normal -0.2375173121030001 -0.9713833056272719 0
    outer loop
      vertex 54.013263002038 29.23619200140238 2
      vertex 54.291565500199795 29.168143002688886 2.3
      vertex 54.013263002038 29.23619200140238 2.3
    endloop
  endfacet
  facet normal 0.11673361857939688 0.9931632606441702 0
    outer loop
      vertex 54.03644700348377 29.42294200360775 2
      vertex 54.03644700348377 29.42294200360775 2.3
      vertex 54.286989003419876 29.393494001030923 2.3
    endloop
  endfacet
  facet normal 0.7886781448760165 0.614806297784046 0
    outer loop
      vertex 54.46977899968624 29.30515000075102 2
      vertex 54.46977899968624 29.30515000075102 2.3
      vertex 54.58146449923515 29.16187900155783 2.3
    endloop
  endfacet
  facet normal 0.982121817703703 0.18824647457621696 0
    outer loop
      vertex 54.58146449923515 29.16187900155783 2
      vertex 54.58146449923515 29.16187900155783 2.3
      vertex 54.61869300156832 28.967650002241136 2.3
    endloop
  endfacet
  facet normal 0.4351507008955623 0.9003576331159195 0
    outer loop
      vertex 54.286989003419876 29.393494001030923 2
      vertex 54.286989003419876 29.393494001030923 2.3
      vertex 54.46977899968624 29.30515000075102 2.3
    endloop
  endfacet
  facet normal 0 0 1
    outer loop
      vertex 53.44811700284481 27.776320001482965 2.3
      vertex 53.681253001093864 28.478176003694536 2.3
      vertex 53.44811700284481 29.42294200360775 2.3
    endloop
  endfacet
  facet normal 0 0 1
    outer loop
      vertex 53.681253001093864 28.478176003694536 2.3
      vertex 53.971754997968674 28.478176003694536 2.3
      vertex 53.681253001093864 28.66249599903822 2.3
    endloop
  endfacet
  facet normal 0 0 1
    outer loop
      vertex 53.681253001093864 28.478176003694536 2.3
      vertex 53.681253001093864 28.66249599903822 2.3
      vertex 53.44811700284481 29.42294200360775 2.3
    endloop
  endfacet
  facet normal 0 0 1
    outer loop
      vertex 54.418514996767044 27.776320001482965 2.3
      vertex 54.19878900051117 28.505032001435758 2.3
      vertex 53.971754997968674 28.478176003694536 2.3
    endloop
  endfacet
  facet normal 0 0 1
    outer loop
      vertex 53.971754997968674 28.478176003694536 2.3
      vertex 54.19878900051117 28.505032001435758 2.3
      vertex 54.02301900088787 28.66249599903822 2.3
    endloop
  endfacet
  facet normal 0 0 1
    outer loop
      vertex 54.19878900051117 28.505032001435758 2.3
      vertex 54.371053501963615 28.559959000349046 2.3
      vertex 54.17728350311518 28.68202599734068 2.3
    endloop
  endfacet
  facet normal 0 0 1
    outer loop
      vertex 53.681253001093864 28.66249599903822 2.3
      vertex 53.971754997968674 28.478176003694536 2.3
      vertex 54.02301900088787 28.66249599903822 2.3
    endloop
  endfacet
  facet normal 0 0 1
    outer loop
      vertex 54.19878900051117 28.505032001435758 2.3
      vertex 54.17728350311518 28.68202599734068 2.3
      vertex 54.02301900088787 28.66249599903822 2.3
    endloop
  endfacet
  facet normal 0 0 1
    outer loop
      vertex 54.371053501963615 28.559959000349046 2.3
      vertex 54.2909490019083 28.74061599969864 2.3
      vertex 54.17728350311518 28.68202599734068 2.3
    endloop
  endfacet
  facet normal 0 0 1
    outer loop
      vertex 54.371053501963615 28.559959000349046 2.3
      vertex 54.5045550018549 28.661272002756597 2.3
      vertex 54.2909490019083 28.74061599969864 2.3
    endloop
  endfacet
  facet normal 0 0 1
    outer loop
      vertex 54.2909490019083 28.74061599969864 2.3
      vertex 54.5045550018549 28.661272002756597 2.3
      vertex 54.36098700016737 28.835521003603937 2.3
    endloop
  endfacet
  facet normal 0 0 1
    outer loop
      vertex 54.5045550018549 28.661272002756597 2.3
      vertex 54.59015849977732 28.800119502842428 2.3
      vertex 54.36098700016737 28.835521003603937 2.3
    endloop
  endfacet
  facet normal 0 0 1
    outer loop
      vertex 54.59015849977732 28.800119502842428 2.3
      vertex 54.38433299958706 28.963995999097826 2.3
      vertex 54.36098700016737 28.835521003603937 2.3
    endloop
  endfacet
  facet normal 0 0 1
    outer loop
      vertex 54.59015849977732 28.800119502842428 2.3
      vertex 54.61869300156832 28.967650002241136 2.3
      vertex 54.38433299958706 28.963995999097826 2.3
    endloop
  endfacet
  facet normal 0 0 1
    outer loop
      vertex 54.38433299958706 28.963995999097826 2.3
      vertex 54.61869300156832 28.967650002241136 2.3
      vertex 54.58146449923515 29.16187900155783 2.3
    endloop
  endfacet
  facet normal 0 0 1
    outer loop
      vertex 53.681253001093864 28.66249599903822 2.3
      vertex 53.681253001093864 29.23619200140238 2.3
      vertex 53.44811700284481 29.42294200360775 2.3
    endloop
  endfacet
  facet normal 0 0 1
    outer loop
      vertex 53.681253001093864 29.23619200140238 2.3
      vertex 54.03644700348377 29.42294200360775 2.3
      vertex 53.44811700284481 29.42294200360775 2.3
    endloop
  endfacet
  facet normal 0 0 1
    outer loop
      vertex 54.013263002038 29.23619200140238 2.3
      vertex 54.291565500199795 29.168143002688886 2.3
      vertex 54.286989003419876 29.393494001030923 2.3
    endloop
  endfacet
  facet normal 0 0 1
    outer loop
      vertex 53.681253001093864 29.23619200140238 2.3
      vertex 54.013263002038 29.23619200140238 2.3
      vertex 54.03644700348377 29.42294200360775 2.3
    endloop
  endfacet
  facet normal 0 0 1
    outer loop
      vertex 54.013263002038 29.23619200140238 2.3
      vertex 54.286989003419876 29.393494001030923 2.3
      vertex 54.03644700348377 29.42294200360775 2.3
    endloop
  endfacet
  facet normal 0 0 1
    outer loop
      vertex 54.38433299958706 28.963995999097826 2.3
      vertex 54.58146449923515 29.16187900155783 2.3
      vertex 54.291565500199795 29.168143002688886 2.3
    endloop
  endfacet
  facet normal 0 0 1
    outer loop
      vertex 54.291565500199795 29.168143002688886 2.3
      vertex 54.58146449923515 29.16187900155783 2.3
      vertex 54.46977899968624 29.30515000075102 2.3
    endloop
  endfacet
  facet normal 0 0 1
    outer loop
      vertex 54.291565500199795 29.168143002688886 2.3
      vertex 54.46977899968624 29.30515000075102 2.3
      vertex 54.286989003419876 29.393494001030923 2.3
    endloop
  endfacet
  facet normal 0 0 -1
    outer loop
      vertex 24.79664216362105 10.636060798672219 2
      vertex 24.77 10.77 2
      vertex 24.79664216362105 10.90393920132778 2
    endloop
  endfacet
  facet normal 0 0 -1
    outer loop
      vertex 24.872512626584708 10.522512626584708 2
      vertex 24.79664216362105 10.636060798672219 2
      vertex 24.872512626584708 11.01748737341529 2
    endloop
  endfacet
  facet normal 0 0 -1
    outer loop
      vertex 24.98606079867222 10.44664216362105 2
      vertex 25.12 11.12 2
      vertex 25.12 10.42 2
    endloop
  endfacet
  facet normal 0 0 -1
    outer loop
      vertex 24.872512626584708 10.522512626584708 2
      vertex 24.98606079867222 11.09335783637895 2
      vertex 24.98606079867222 10.44664216362105 2
    endloop
  endfacet
  facet normal 0 0 -1
    outer loop
      vertex 25.12 10.42 2
      vertex 25.253939201327782 11.09335783637895 2
      vertex 25.253939201327782 10.44664216362105 2
    endloop
  endfacet
  facet normal 0 0 -1
    outer loop
      vertex 25.253939201327782 10.44664216362105 2
      vertex 25.367487373415294 11.01748737341529 2
      vertex 25.367487373415294 10.522512626584708 2
    endloop
  endfacet
  facet normal 0 0 -1
    outer loop
      vertex 24.79664216362105 10.636060798672219 2
      vertex 24.79664216362105 10.90393920132778 2
      vertex 24.872512626584708 11.01748737341529 2
    endloop
  endfacet
  facet normal 0 0 -1
    outer loop
      vertex 24.872512626584708 10.522512626584708 2
      vertex 24.872512626584708 11.01748737341529 2
      vertex 24.98606079867222 11.09335783637895 2
    endloop
  endfacet
  facet normal 0 0 -1
    outer loop
      vertex 24.98606079867222 10.44664216362105 2
      vertex 24.98606079867222 11.09335783637895 2
      vertex 25.12 11.12 2
    endloop
  endfacet
  facet normal 0 0 -1
    outer loop
      vertex 25.12 10.42 2
      vertex 25.12 11.12 2
      vertex 25.253939201327782 11.09335783637895 2
    endloop
  endfacet
  facet normal 0 0 -1
    outer loop
      vertex 25.253939201327782 10.44664216362105 2
      vertex 25.253939201327782 11.09335783637895 2
      vertex 25.367487373415294 11.01748737341529 2
    endloop
  endfacet
  facet normal 0 0 -1
    outer loop
      vertex 25.367487373415294 10.522512626584708 2
      vertex 25.44335783637895 10.90393920132778 2
      vertex 25.44335783637895 10.636060798672219 2
    endloop
  endfacet
  facet normal 0 0 -1
    outer loop
      vertex 25.44335783637895 10.636060798672219 2
      vertex 25.44335783637895 10.90393920132778 2
      vertex 25.470000000000002 10.77 2
    endloop
  endfacet
  facet normal 0 0 -1
    outer loop
      vertex 25.367487373415294 10.522512626584708 2
      vertex 25.367487373415294 11.01748737341529 2
      vertex 25.44335783637895 10.90393920132778 2
    endloop
  endfacet
  facet normal -0.8314696123025517 -0.5555702330195927 3.1621689730628708e-18
    outer loop
      vertex 24.872512626584708 10.522512626584708 2
      vertex 24.79664216362105 10.636060798672219 4
      vertex 24.79664216362105 10.636060798672219 2
    endloop
  endfacet
  facet normal -0.9807852804032273 -0.19509032201614315 2.0713826601059873e-19
    outer loop
      vertex 24.79664216362105 10.636060798672219 2
      vertex 24.77 10.77 4
      vertex 24.77 10.77 2
    endloop
  endfacet
  facet normal -0.19509032201613066 -0.98078528040323 -4.042296000570328e-19
    outer loop
      vertex 24.98606079867222 10.44664216362105 2
      vertex 25.12 10.42 2
      vertex 25.12 10.42 4
    endloop
  endfacet
  facet normal -0.5555702330195956 -0.8314696123025497 -2.964872236018294e-18
    outer loop
      vertex 24.872512626584708 10.522512626584708 2
      vertex 24.98606079867222 10.44664216362105 2
      vertex 24.98606079867222 10.44664216362105 4
    endloop
  endfacet
  facet normal 0.19509032201613066 -0.98078528040323 4.042296000570328e-19
    outer loop
      vertex 25.12 10.42 2
      vertex 25.253939201327782 10.44664216362105 2
      vertex 25.253939201327782 10.44664216362105 4
    endloop
  endfacet
  facet normal 0.5555702330195956 -0.8314696123025497 2.964872236018294e-18
    outer loop
      vertex 25.253939201327782 10.44664216362105 2
      vertex 25.367487373415294 10.522512626584708 2
      vertex 25.367487373415294 10.522512626584708 4
    endloop
  endfacet
  facet normal -0.9807852804032273 0.19509032201614315 -2.0713826601059873e-19
    outer loop
      vertex 24.77 10.77 2
      vertex 24.79664216362105 10.90393920132778 4
      vertex 24.79664216362105 10.90393920132778 2
    endloop
  endfacet
  facet normal -0.8314696123025517 0.5555702330195927 -3.1621689730628708e-18
    outer loop
      vertex 24.79664216362105 10.90393920132778 2
      vertex 24.872512626584708 11.01748737341529 4
      vertex 24.872512626584708 11.01748737341529 2
    endloop
  endfacet
  facet normal -0.5555702330195956 0.8314696123025497 0
    outer loop
      vertex 24.872512626584708 11.01748737341529 2
      vertex 24.872512626584708 11.01748737341529 4
      vertex 24.98606079867222 11.09335783637895 2
    endloop
  endfacet
  facet normal -0.19509032201613066 0.98078528040323 0
    outer loop
      vertex 24.98606079867222 11.09335783637895 2
      vertex 24.98606079867222 11.09335783637895 4
      vertex 25.12 11.12 2
    endloop
  endfacet
  facet normal 0.19509032201613066 0.98078528040323 0
    outer loop
      vertex 25.12 11.12 2
      vertex 25.12 11.12 4
      vertex 25.253939201327782 11.09335783637895 2
    endloop
  endfacet
  facet normal 0.5555702330195956 0.8314696123025497 0
    outer loop
      vertex 25.253939201327782 11.09335783637895 2
      vertex 25.253939201327782 11.09335783637895 4
      vertex 25.367487373415294 11.01748737341529 2
    endloop
  endfacet
  facet normal 0.8314696123025517 -0.5555702330195927 0
    outer loop
      vertex 25.367487373415294 10.522512626584708 2
      vertex 25.44335783637895 10.636060798672219 2
      vertex 25.367487373415294 10.522512626584708 4
    endloop
  endfacet
  facet normal 0.9807852804032273 -0.19509032201614315 0
    outer loop
      vertex 25.44335783637895 10.636060798672219 2
      vertex 25.470000000000002 10.77 2
      vertex 25.44335783637895 10.636060798672219 4
    endloop
  endfacet
  facet normal 0.9807852804032273 0.19509032201614315 0
    outer loop
      vertex 25.470000000000002 10.77 2
      vertex 25.44335783637895 10.90393920132778 2
      vertex 25.470000000000002 10.77 4
    endloop
  endfacet
  facet normal 0.8314696123025517 0.5555702330195927 0
    outer loop
      vertex 25.44335783637895 10.90393920132778 2
      vertex 25.367487373415294 11.01748737341529 2
      vertex 25.44335783637895 10.90393920132778 4
    endloop
  endfacet
  facet normal -0.8314696123025517 -0.5555702330195927 0
    outer loop
      vertex 24.872512626584708 10.522512626584708 2
      vertex 24.872512626584708 10.522512626584708 4
      vertex 24.79664216362105 10.636060798672219 4
    endloop
  endfacet
  facet normal -0.9807852804032273 -0.19509032201614315 0
    outer loop
      vertex 24.79664216362105 10.636060798672219 2
      vertex 24.79664216362105 10.636060798672219 4
      vertex 24.77 10.77 4
    endloop
  endfacet
  facet normal -0.5555702330195956 -0.8314696123025497 0
    outer loop
      vertex 24.872512626584708 10.522512626584708 2
      vertex 24.98606079867222 10.44664216362105 4
      vertex 24.872512626584708 10.522512626584708 4
    endloop
  endfacet
  facet normal -0.19509032201613066 -0.98078528040323 0
    outer loop
      vertex 24.98606079867222 10.44664216362105 2
      vertex 25.12 10.42 4
      vertex 24.98606079867222 10.44664216362105 4
    endloop
  endfacet
  facet normal 0.19509032201613066 -0.98078528040323 0
    outer loop
      vertex 25.12 10.42 2
      vertex 25.253939201327782 10.44664216362105 4
      vertex 25.12 10.42 4
    endloop
  endfacet
  facet normal 0.5555702330195956 -0.8314696123025497 0
    outer loop
      vertex 25.253939201327782 10.44664216362105 2
      vertex 25.367487373415294 10.522512626584708 4
      vertex 25.253939201327782 10.44664216362105 4
    endloop
  endfacet
  facet normal -0.9807852804032273 0.19509032201614315 0
    outer loop
      vertex 24.77 10.77 2
      vertex 24.77 10.77 4
      vertex 24.79664216362105 10.90393920132778 4
    endloop
  endfacet
  facet normal -0.8314696123025517 0.5555702330195927 0
    outer loop
      vertex 24.79664216362105 10.90393920132778 2
      vertex 24.79664216362105 10.90393920132778 4
      vertex 24.872512626584708 11.01748737341529 4
    endloop
  endfacet
  facet normal -0.5555702330195956 0.8314696123025497 0
    outer loop
      vertex 24.98606079867222 11.09335783637895 2
      vertex 24.872512626584708 11.01748737341529 4
      vertex 24.98606079867222 11.09335783637895 4
    endloop
  endfacet
  facet normal -0.19509032201613066 0.98078528040323 0
    outer loop
      vertex 25.12 11.12 2
      vertex 24.98606079867222 11.09335783637895 4
      vertex 25.12 11.12 4
    endloop
  endfacet
  facet normal 0.19509032201613066 0.98078528040323 0
    outer loop
      vertex 25.253939201327782 11.09335783637895 2
      vertex 25.12 11.12 4
      vertex 25.253939201327782 11.09335783637895 4
    endloop
  endfacet
  facet normal 0.5555702330195956 0.8314696123025497 0
    outer loop
      vertex 25.367487373415294 11.01748737341529 2
      vertex 25.253939201327782 11.09335783637895 4
      vertex 25.367487373415294 11.01748737341529 4
    endloop
  endfacet
  facet normal 0.8314696123025517 -0.5555702330195927 0
    outer loop
      vertex 25.44335783637895 10.636060798672219 2
      vertex 25.44335783637895 10.636060798672219 4
      vertex 25.367487373415294 10.522512626584708 4
    endloop
  endfacet
  facet normal 0.9807852804032273 -0.19509032201614315 0
    outer loop
      vertex 25.470000000000002 10.77 2
      vertex 25.470000000000002 10.77 4
      vertex 25.44335783637895 10.636060798672219 4
    endloop
  endfacet
  facet normal 0.9807852804032273 0.19509032201614315 0
    outer loop
      vertex 25.44335783637895 10.90393920132778 2
      vertex 25.44335783637895 10.90393920132778 4
      vertex 25.470000000000002 10.77 4
    endloop
  endfacet
  facet normal 0.8314696123025517 0.5555702330195927 0
    outer loop
      vertex 25.367487373415294 11.01748737341529 2
      vertex 25.367487373415294 11.01748737341529 4
      vertex 25.44335783637895 10.90393920132778 4
    endloop
  endfacet
  facet normal 0 0 1
    outer loop
      vertex 24.872512626584708 10.522512626584708 4
      vertex 24.79664216362105 10.90393920132778 4
      vertex 24.79664216362105 10.636060798672219 4
    endloop
  endfacet
  facet normal 0 0 1
    outer loop
      vertex 24.79664216362105 10.636060798672219 4
      vertex 24.79664216362105 10.90393920132778 4
      vertex 24.77 10.77 4
    endloop
  endfacet
  facet normal 0 0 1
    outer loop
      vertex 24.872512626584708 10.522512626584708 4
      vertex 24.98606079867222 10.44664216362105 4
      vertex 24.872512626584708 11.01748737341529 4
    endloop
  endfacet
  facet normal 0 0 1
    outer loop
      vertex 24.98606079867222 10.44664216362105 4
      vertex 25.12 10.42 4
      vertex 24.98606079867222 11.09335783637895 4
    endloop
  endfacet
  facet normal 0 0 1
    outer loop
      vertex 25.12 10.42 4
      vertex 25.253939201327782 10.44664216362105 4
      vertex 25.12 11.12 4
    endloop
  endfacet
  facet normal 0 0 1
    outer loop
      vertex 25.253939201327782 10.44664216362105 4
      vertex 25.367487373415294 10.522512626584708 4
      vertex 25.253939201327782 11.09335783637895 4
    endloop
  endfacet
  facet normal 0 0 1
    outer loop
      vertex 24.872512626584708 10.522512626584708 4
      vertex 24.872512626584708 11.01748737341529 4
      vertex 24.79664216362105 10.90393920132778 4
    endloop
  endfacet
  facet normal 0 0 1
    outer loop
      vertex 24.98606079867222 10.44664216362105 4
      vertex 24.98606079867222 11.09335783637895 4
      vertex 24.872512626584708 11.01748737341529 4
    endloop
  endfacet
  facet normal 0 0 1
    outer loop
      vertex 25.12 10.42 4
      vertex 25.12 11.12 4
      vertex 24.98606079867222 11.09335783637895 4
    endloop
  endfacet
  facet normal 0 0 1
    outer loop
      vertex 25.253939201327782 10.44664216362105 4
      vertex 25.253939201327782 11.09335783637895 4
      vertex 25.12 11.12 4
    endloop
  endfacet
  facet normal 0 0 1
    outer loop
      vertex 25.367487373415294 10.522512626584708 4
      vertex 25.367487373415294 11.01748737341529 4
      vertex 25.253939201327782 11.09335783637895 4
    endloop
  endfacet
  facet normal 0 0 1
    outer loop
      vertex 25.367487373415294 10.522512626584708 4
      vertex 25.44335783637895 10.636060798672219 4
      vertex 25.367487373415294 11.01748737341529 4
    endloop
  endfacet
  facet normal 0 0 1
    outer loop
      vertex 25.44335783637895 10.636060798672219 4
      vertex 25.470000000000002 10.77 4
      vertex 25.44335783637895 10.90393920132778 4
    endloop
  endfacet
  facet normal 0 0 1
    outer loop
      vertex 25.44335783637895 10.636060798672219 4
      vertex 25.44335783637895 10.90393920132778 4
      vertex 25.367487373415294 11.01748737341529 4
    endloop
  endfacet
  facet normal 0 0 -1
    outer loop
      vertex 9.556642163621051 10.636060798672219 2
      vertex 9.530000000000001 10.77 2
      vertex 9.556642163621051 10.90393920132778 2
    endloop
  endfacet
  facet normal 0 0 -1
    outer loop
      vertex 9.63251262658471 10.522512626584708 2
      vertex 9.556642163621051 10.636060798672219 2
      vertex 9.63251262658471 11.01748737341529 2
    endloop
  endfacet
  facet normal 0 0 -1
    outer loop
      vertex 9.74606079867222 10.44664216362105 2
      vertex 9.88 11.12 2
      vertex 9.88 10.42 2
    endloop
  endfacet
  facet normal 0 0 -1
    outer loop
      vertex 9.74606079867222 10.44664216362105 2
      vertex 9.63251262658471 10.522512626584708 2
      vertex 9.74606079867222 11.09335783637895 2
    endloop
  endfacet
  facet normal 0 0 -1
    outer loop
      vertex 9.88 10.42 2
      vertex 10.013939201327782 11.09335783637895 2
      vertex 10.013939201327782 10.44664216362105 2
    endloop
  endfacet
  facet normal 0 0 -1
    outer loop
      vertex 10.013939201327782 10.44664216362105 2
      vertex 10.127487373415292 11.01748737341529 2
      vertex 10.127487373415292 10.522512626584708 2
    endloop
  endfacet
  facet normal 0 0 -1
    outer loop
      vertex 9.556642163621051 10.636060798672219 2
      vertex 9.556642163621051 10.90393920132778 2
      vertex 9.63251262658471 11.01748737341529 2
    endloop
  endfacet
  facet normal 0 0 -1
    outer loop
      vertex 9.63251262658471 10.522512626584708 2
      vertex 9.63251262658471 11.01748737341529 2
      vertex 9.74606079867222 11.09335783637895 2
    endloop
  endfacet
  facet normal 0 0 -1
    outer loop
      vertex 9.74606079867222 10.44664216362105 2
      vertex 9.74606079867222 11.09335783637895 2
      vertex 9.88 11.12 2
    endloop
  endfacet
  facet normal 0 0 -1
    outer loop
      vertex 9.88 10.42 2
      vertex 9.88 11.12 2
      vertex 10.013939201327782 11.09335783637895 2
    endloop
  endfacet
  facet normal 0 0 -1
    outer loop
      vertex 10.127487373415292 10.522512626584708 2
      vertex 10.127487373415292 11.01748737341529 2
      vertex 10.20335783637895 10.90393920132778 2
    endloop
  endfacet
  facet normal 0 0 -1
    outer loop
      vertex 10.013939201327782 10.44664216362105 2
      vertex 10.013939201327782 11.09335783637895 2
      vertex 10.127487373415292 11.01748737341529 2
    endloop
  endfacet
  facet normal 0 0 -1
    outer loop
      vertex 10.127487373415292 10.522512626584708 2
      vertex 10.20335783637895 10.90393920132778 2
      vertex 10.20335783637895 10.636060798672219 2
    endloop
  endfacet
  facet normal 0 0 -1
    outer loop
      vertex 10.20335783637895 10.636060798672219 2
      vertex 10.20335783637895 10.90393920132778 2
      vertex 10.23 10.77 2
    endloop
  endfacet
  facet normal -0.8314696123025457 -0.5555702330196016 1.4261640042735683e-18
    outer loop
      vertex 9.63251262658471 10.522512626584708 2
      vertex 9.556642163621051 10.636060798672219 4
      vertex 9.556642163621051 10.636060798672219 2
    endloop
  endfacet
  facet normal -0.98078528040323 -0.19509032201613066 -4.042296000570328e-19
    outer loop
      vertex 9.556642163621051 10.636060798672219 2
      vertex 9.530000000000001 10.77 4
      vertex 9.530000000000001 10.77 2
    endloop
  endfacet
  facet normal -0.19509032201613066 -0.98078528040323 -4.042296000570328e-19
    outer loop
      vertex 9.74606079867222 10.44664216362105 2
      vertex 9.88 10.42 2
      vertex 9.88 10.42 4
    endloop
  endfacet
  facet normal -0.5555702330196016 -0.8314696123025457 0
    outer loop
      vertex 9.74606079867222 10.44664216362105 2
      vertex 9.74606079867222 10.44664216362105 4
      vertex 9.63251262658471 10.522512626584708 2
    endloop
  endfacet
  facet normal 0.19509032201613066 -0.98078528040323 4.042296000570328e-19
    outer loop
      vertex 9.88 10.42 2
      vertex 10.013939201327782 10.44664216362105 2
      vertex 10.013939201327782 10.44664216362105 4
    endloop
  endfacet
  facet normal 0.5555702330196016 -0.8314696123025457 -1.4261640042735683e-18
    outer loop
      vertex 10.013939201327782 10.44664216362105 2
      vertex 10.127487373415292 10.522512626584708 2
      vertex 10.127487373415292 10.522512626584708 4
    endloop
  endfacet
  facet normal 0.8314696123025457 -0.5555702330196016 0
    outer loop
      vertex 10.127487373415292 10.522512626584708 2
      vertex 10.20335783637895 10.636060798672219 2
      vertex 10.127487373415292 10.522512626584708 4
    endloop
  endfacet
  facet normal -0.98078528040323 0.19509032201613066 4.042296000570328e-19
    outer loop
      vertex 9.530000000000001 10.77 2
      vertex 9.556642163621051 10.90393920132778 4
      vertex 9.556642163621051 10.90393920132778 2
    endloop
  endfacet
  facet normal -0.8314696123025457 0.5555702330196016 -1.4261640042735683e-18
    outer loop
      vertex 9.556642163621051 10.90393920132778 2
      vertex 9.63251262658471 11.01748737341529 4
      vertex 9.63251262658471 11.01748737341529 2
    endloop
  endfacet
  facet normal -0.5555702330196016 0.8314696123025457 0
    outer loop
      vertex 9.63251262658471 11.01748737341529 2
      vertex 9.63251262658471 11.01748737341529 4
      vertex 9.74606079867222 11.09335783637895 2
    endloop
  endfacet
  facet normal -0.19509032201613066 0.98078528040323 0
    outer loop
      vertex 9.74606079867222 11.09335783637895 2
      vertex 9.74606079867222 11.09335783637895 4
      vertex 9.88 11.12 2
    endloop
  endfacet
  facet normal 0.19509032201613066 0.98078528040323 0
    outer loop
      vertex 9.88 11.12 2
      vertex 9.88 11.12 4
      vertex 10.013939201327782 11.09335783637895 2
    endloop
  endfacet
  facet normal 0.5555702330196016 0.8314696123025457 1.4261640042735683e-18
    outer loop
      vertex 10.127487373415292 11.01748737341529 2
      vertex 10.013939201327782 11.09335783637895 2
      vertex 10.013939201327782 11.09335783637895 4
    endloop
  endfacet
  facet normal 0.98078528040323 -0.19509032201613066 0
    outer loop
      vertex 10.20335783637895 10.636060798672219 2
      vertex 10.23 10.77 2
      vertex 10.20335783637895 10.636060798672219 4
    endloop
  endfacet
  facet normal 0.98078528040323 0.19509032201613066 0
    outer loop
      vertex 10.23 10.77 2
      vertex 10.20335783637895 10.90393920132778 2
      vertex 10.23 10.77 4
    endloop
  endfacet
  facet normal 0.8314696123025457 0.5555702330196016 0
    outer loop
      vertex 10.20335783637895 10.90393920132778 2
      vertex 10.127487373415292 11.01748737341529 2
      vertex 10.20335783637895 10.90393920132778 4
    endloop
  endfacet
  facet normal -0.8314696123025457 -0.5555702330196016 0
    outer loop
      vertex 9.63251262658471 10.522512626584708 2
      vertex 9.63251262658471 10.522512626584708 4
      vertex 9.556642163621051 10.636060798672219 4
    endloop
  endfacet
  facet normal -0.98078528040323 -0.19509032201613066 0
    outer loop
      vertex 9.556642163621051 10.636060798672219 2
      vertex 9.556642163621051 10.636060798672219 4
      vertex 9.530000000000001 10.77 4
    endloop
  endfacet
  facet normal -0.5555702330196016 -0.8314696123025457 0
    outer loop
      vertex 9.63251262658471 10.522512626584708 2
      vertex 9.74606079867222 10.44664216362105 4
      vertex 9.63251262658471 10.522512626584708 4
    endloop
  endfacet
  facet normal -0.19509032201613066 -0.98078528040323 0
    outer loop
      vertex 9.74606079867222 10.44664216362105 2
      vertex 9.88 10.42 4
      vertex 9.74606079867222 10.44664216362105 4
    endloop
  endfacet
  facet normal 0.19509032201613066 -0.98078528040323 0
    outer loop
      vertex 9.88 10.42 2
      vertex 10.013939201327782 10.44664216362105 4
      vertex 9.88 10.42 4
    endloop
  endfacet
  facet normal 0.5555702330196016 -0.8314696123025457 0
    outer loop
      vertex 10.013939201327782 10.44664216362105 2
      vertex 10.127487373415292 10.522512626584708 4
      vertex 10.013939201327782 10.44664216362105 4
    endloop
  endfacet
  facet normal -0.98078528040323 0.19509032201613066 0
    outer loop
      vertex 9.530000000000001 10.77 2
      vertex 9.530000000000001 10.77 4
      vertex 9.556642163621051 10.90393920132778 4
    endloop
  endfacet
  facet normal -0.8314696123025457 0.5555702330196016 0
    outer loop
      vertex 9.556642163621051 10.90393920132778 2
      vertex 9.556642163621051 10.90393920132778 4
      vertex 9.63251262658471 11.01748737341529 4
    endloop
  endfacet
  facet normal 0.8314696123025457 0.5555702330196016 0
    outer loop
      vertex 10.127487373415292 11.01748737341529 2
      vertex 10.127487373415292 11.01748737341529 4
      vertex 10.20335783637895 10.90393920132778 4
    endloop
  endfacet
  facet normal -0.5555702330196016 0.8314696123025457 0
    outer loop
      vertex 9.74606079867222 11.09335783637895 2
      vertex 9.63251262658471 11.01748737341529 4
      vertex 9.74606079867222 11.09335783637895 4
    endloop
  endfacet
  facet normal -0.19509032201613066 0.98078528040323 0
    outer loop
      vertex 9.88 11.12 2
      vertex 9.74606079867222 11.09335783637895 4
      vertex 9.88 11.12 4
    endloop
  endfacet
  facet normal 0.19509032201613066 0.98078528040323 0
    outer loop
      vertex 10.013939201327782 11.09335783637895 2
      vertex 9.88 11.12 4
      vertex 10.013939201327782 11.09335783637895 4
    endloop
  endfacet
  facet normal 0.5555702330196016 0.8314696123025457 0
    outer loop
      vertex 10.127487373415292 11.01748737341529 2
      vertex 10.013939201327782 11.09335783637895 4
      vertex 10.127487373415292 11.01748737341529 4
    endloop
  endfacet
  facet normal 0.8314696123025457 -0.5555702330196016 0
    outer loop
      vertex 10.20335783637895 10.636060798672219 2
      vertex 10.20335783637895 10.636060798672219 4
      vertex 10.127487373415292 10.522512626584708 4
    endloop
  endfacet
  facet normal 0.98078528040323 -0.19509032201613066 0
    outer loop
      vertex 10.23 10.77 2
      vertex 10.23 10.77 4
      vertex 10.20335783637895 10.636060798672219 4
    endloop
  endfacet
  facet normal 0.98078528040323 0.19509032201613066 0
    outer loop
      vertex 10.20335783637895 10.90393920132778 2
      vertex 10.20335783637895 10.90393920132778 4
      vertex 10.23 10.77 4
    endloop
  endfacet
  facet normal 0 0 1
    outer loop
      vertex 9.63251262658471 10.522512626584708 4
      vertex 9.556642163621051 10.90393920132778 4
      vertex 9.556642163621051 10.636060798672219 4
    endloop
  endfacet
  facet normal 0 0 1
    outer loop
      vertex 9.556642163621051 10.636060798672219 4
      vertex 9.556642163621051 10.90393920132778 4
      vertex 9.530000000000001 10.77 4
    endloop
  endfacet
  facet normal 0 0 1
    outer loop
      vertex 9.74606079867222 10.44664216362105 4
      vertex 9.63251262658471 11.01748737341529 4
      vertex 9.63251262658471 10.522512626584708 4
    endloop
  endfacet
  facet normal 0 0 1
    outer loop
      vertex 9.74606079867222 10.44664216362105 4
      vertex 9.88 10.42 4
      vertex 9.74606079867222 11.09335783637895 4
    endloop
  endfacet
  facet normal 0 0 1
    outer loop
      vertex 9.88 10.42 4
      vertex 10.013939201327782 10.44664216362105 4
      vertex 9.88 11.12 4
    endloop
  endfacet
  facet normal 0 0 1
    outer loop
      vertex 10.013939201327782 10.44664216362105 4
      vertex 10.127487373415292 10.522512626584708 4
      vertex 10.013939201327782 11.09335783637895 4
    endloop
  endfacet
  facet normal 0 0 1
    outer loop
      vertex 10.127487373415292 10.522512626584708 4
      vertex 10.20335783637895 10.636060798672219 4
      vertex 10.127487373415292 11.01748737341529 4
    endloop
  endfacet
  facet normal 0 0 1
    outer loop
      vertex 9.63251262658471 10.522512626584708 4
      vertex 9.63251262658471 11.01748737341529 4
      vertex 9.556642163621051 10.90393920132778 4
    endloop
  endfacet
  facet normal 0 0 1
    outer loop
      vertex 9.74606079867222 10.44664216362105 4
      vertex 9.74606079867222 11.09335783637895 4
      vertex 9.63251262658471 11.01748737341529 4
    endloop
  endfacet
  facet normal 0 0 1
    outer loop
      vertex 9.88 10.42 4
      vertex 9.88 11.12 4
      vertex 9.74606079867222 11.09335783637895 4
    endloop
  endfacet
  facet normal 0 0 1
    outer loop
      vertex 10.013939201327782 10.44664216362105 4
      vertex 10.013939201327782 11.09335783637895 4
      vertex 9.88 11.12 4
    endloop
  endfacet
  facet normal 0 0 1
    outer loop
      vertex 10.127487373415292 10.522512626584708 4
      vertex 10.127487373415292 11.01748737341529 4
      vertex 10.013939201327782 11.09335783637895 4
    endloop
  endfacet
  facet normal 0 0 1
    outer loop
      vertex 10.20335783637895 10.636060798672219 4
      vertex 10.23 10.77 4
      vertex 10.20335783637895 10.90393920132778 4
    endloop
  endfacet
  facet normal 0 0 1
    outer loop
      vertex 10.20335783637895 10.636060798672219 4
      vertex 10.20335783637895 10.90393920132778 4
      vertex 10.127487373415292 11.01748737341529 4
    endloop
  endfacet
  facet normal 0 0 -1
    outer loop
      vertex 39.63251262658471 18.982512626584708 2
      vertex 39.55664216362105 19.09606079867222 2
      vertex 39.63251262658471 19.477487373415293 2
    endloop
  endfacet
  facet normal 0 0 -1
    outer loop
      vertex 39.55664216362105 19.09606079867222 2
      vertex 39.53 19.23 2
      vertex 39.55664216362105 19.36393920132778 2
    endloop
  endfacet
  facet normal 0 0 -1
    outer loop
      vertex 39.55664216362105 19.09606079867222 2
      vertex 39.55664216362105 19.36393920132778 2
      vertex 39.63251262658471 19.477487373415293 2
    endloop
  endfacet
  facet normal 0 0 -1
    outer loop
      vertex 39.63251262658471 18.982512626584708 2
      vertex 39.74606079867222 19.55335783637895 2
      vertex 39.74606079867222 18.90664216362105 2
    endloop
  endfacet
  facet normal 0 0 -1
    outer loop
      vertex 39.74606079867222 18.90664216362105 2
      vertex 39.88 19.580000000000002 2
      vertex 39.88 18.88 2
    endloop
  endfacet
  facet normal 0 0 -1
    outer loop
      vertex 39.88 18.88 2
      vertex 40.01393920132779 19.55335783637895 2
      vertex 40.01393920132779 18.90664216362105 2
    endloop
  endfacet
  facet normal 0 0 -1
    outer loop
      vertex 40.01393920132779 18.90664216362105 2
      vertex 40.12748737341529 19.477487373415293 2
      vertex 40.12748737341529 18.982512626584708 2
    endloop
  endfacet
  facet normal 0 0 -1
    outer loop
      vertex 40.12748737341529 18.982512626584708 2
      vertex 40.203357836378956 19.36393920132778 2
      vertex 40.203357836378956 19.09606079867222 2
    endloop
  endfacet
  facet normal 0 0 -1
    outer loop
      vertex 39.63251262658471 18.982512626584708 2
      vertex 39.63251262658471 19.477487373415293 2
      vertex 39.74606079867222 19.55335783637895 2
    endloop
  endfacet
  facet normal 0 0 -1
    outer loop
      vertex 39.74606079867222 18.90664216362105 2
      vertex 39.74606079867222 19.55335783637895 2
      vertex 39.88 19.580000000000002 2
    endloop
  endfacet
  facet normal 0 0 -1
    outer loop
      vertex 40.01393920132779 18.90664216362105 2
      vertex 40.01393920132779 19.55335783637895 2
      vertex 40.12748737341529 19.477487373415293 2
    endloop
  endfacet
  facet normal 0 0 -1
    outer loop
      vertex 39.88 18.88 2
      vertex 39.88 19.580000000000002 2
      vertex 40.01393920132779 19.55335783637895 2
    endloop
  endfacet
  facet normal 0 0 -1
    outer loop
      vertex 40.12748737341529 18.982512626584708 2
      vertex 40.12748737341529 19.477487373415293 2
      vertex 40.203357836378956 19.36393920132778 2
    endloop
  endfacet
  facet normal 0 0 -1
    outer loop
      vertex 40.203357836378956 19.09606079867222 2
      vertex 40.203357836378956 19.36393920132778 2
      vertex 40.230000000000004 19.23 2
    endloop
  endfacet
  facet normal -0.8314696123025316 -0.5555702330196226 -1.8215305793624747e-18
    outer loop
      vertex 39.63251262658471 18.982512626584708 2
      vertex 39.55664216362105 19.09606079867222 4
      vertex 39.55664216362105 19.09606079867222 2
    endloop
  endfacet
  facet normal -0.9807852804032323 -0.19509032201611812 5.7224167463991325e-19
    outer loop
      vertex 39.55664216362105 19.09606079867222 2
      vertex 39.53 19.23 4
      vertex 39.53 19.23 2
    endloop
  endfacet
  facet normal -0.9807852804032323 0.19509032201611812 -5.7224167463991325e-19
    outer loop
      vertex 39.53 19.23 2
      vertex 39.55664216362105 19.36393920132778 4
      vertex 39.55664216362105 19.36393920132778 2
    endloop
  endfacet
  facet normal -0.8314696123025316 0.5555702330196226 1.8215305793624747e-18
    outer loop
      vertex 39.55664216362105 19.36393920132778 2
      vertex 39.63251262658471 19.477487373415293 4
      vertex 39.63251262658471 19.477487373415293 2
    endloop
  endfacet
  facet normal -0.5555702330196107 -0.8314696123025396 -2.718791995271103e-18
    outer loop
      vertex 39.63251262658471 18.982512626584708 2
      vertex 39.74606079867222 18.90664216362105 2
      vertex 39.74606079867222 18.90664216362105 4
    endloop
  endfacet
  facet normal -0.19509032201613818 -0.9807852804032284 -1.939568614857149e-19
    outer loop
      vertex 39.74606079867222 18.90664216362105 2
      vertex 39.88 18.88 2
      vertex 39.88 18.88 4
    endloop
  endfacet
  facet normal 0.19509032201613818 -0.9807852804032284 1.939568614857149e-19
    outer loop
      vertex 39.88 18.88 2
      vertex 40.01393920132779 18.90664216362105 2
      vertex 40.01393920132779 18.90664216362105 4
    endloop
  endfacet
  facet normal 0.5555702330196107 -0.8314696123025396 2.718791995271103e-18
    outer loop
      vertex 40.01393920132779 18.90664216362105 2
      vertex 40.12748737341529 18.982512626584708 2
      vertex 40.12748737341529 18.982512626584708 4
    endloop
  endfacet
  facet normal 0.8314696123025316 -0.5555702330196226 0
    outer loop
      vertex 40.12748737341529 18.982512626584708 2
      vertex 40.203357836378956 19.09606079867222 2
      vertex 40.12748737341529 18.982512626584708 4
    endloop
  endfacet
  facet normal 0.9807852804032323 -0.19509032201611812 0
    outer loop
      vertex 40.203357836378956 19.09606079867222 2
      vertex 40.230000000000004 19.23 2
      vertex 40.203357836378956 19.09606079867222 4
    endloop
  endfacet
  facet normal -0.5555702330196107 0.8314696123025396 0
    outer loop
      vertex 39.63251262658471 19.477487373415293 2
      vertex 39.63251262658471 19.477487373415293 4
      vertex 39.74606079867222 19.55335783637895 2
    endloop
  endfacet
  facet normal -0.19509032201613818 0.9807852804032284 0
    outer loop
      vertex 39.74606079867222 19.55335783637895 2
      vertex 39.74606079867222 19.55335783637895 4
      vertex 39.88 19.580000000000002 2
    endloop
  endfacet
  facet normal 0.5555702330196107 0.8314696123025396 0
    outer loop
      vertex 40.01393920132779 19.55335783637895 2
      vertex 40.01393920132779 19.55335783637895 4
      vertex 40.12748737341529 19.477487373415293 2
    endloop
  endfacet
  facet normal 0.19509032201613818 0.9807852804032284 0
    outer loop
      vertex 39.88 19.580000000000002 2
      vertex 39.88 19.580000000000002 4
      vertex 40.01393920132779 19.55335783637895 2
    endloop
  endfacet
  facet normal 0.9807852804032323 0.19509032201611812 0
    outer loop
      vertex 40.230000000000004 19.23 2
      vertex 40.203357836378956 19.36393920132778 2
      vertex 40.230000000000004 19.23 4
    endloop
  endfacet
  facet normal 0.8314696123025316 0.5555702330196226 0
    outer loop
      vertex 40.203357836378956 19.36393920132778 2
      vertex 40.12748737341529 19.477487373415293 2
      vertex 40.203357836378956 19.36393920132778 4
    endloop
  endfacet
  facet normal -0.8314696123025316 -0.5555702330196226 0
    outer loop
      vertex 39.63251262658471 18.982512626584708 2
      vertex 39.63251262658471 18.982512626584708 4
      vertex 39.55664216362105 19.09606079867222 4
    endloop
  endfacet
  facet normal -0.9807852804032323 -0.19509032201611812 0
    outer loop
      vertex 39.55664216362105 19.09606079867222 2
      vertex 39.55664216362105 19.09606079867222 4
      vertex 39.53 19.23 4
    endloop
  endfacet
  facet normal -0.9807852804032323 0.19509032201611812 0
    outer loop
      vertex 39.53 19.23 2
      vertex 39.53 19.23 4
      vertex 39.55664216362105 19.36393920132778 4
    endloop
  endfacet
  facet normal -0.8314696123025316 0.5555702330196226 0
    outer loop
      vertex 39.55664216362105 19.36393920132778 2
      vertex 39.55664216362105 19.36393920132778 4
      vertex 39.63251262658471 19.477487373415293 4
    endloop
  endfacet
  facet normal -0.5555702330196107 -0.8314696123025396 0
    outer loop
      vertex 39.63251262658471 18.982512626584708 2
      vertex 39.74606079867222 18.90664216362105 4
      vertex 39.63251262658471 18.982512626584708 4
    endloop
  endfacet
  facet normal -0.19509032201613818 -0.9807852804032284 0
    outer loop
      vertex 39.74606079867222 18.90664216362105 2
      vertex 39.88 18.88 4
      vertex 39.74606079867222 18.90664216362105 4
    endloop
  endfacet
  facet normal 0.19509032201613818 -0.9807852804032284 0
    outer loop
      vertex 39.88 18.88 2
      vertex 40.01393920132779 18.90664216362105 4
      vertex 39.88 18.88 4
    endloop
  endfacet
  facet normal 0.5555702330196107 -0.8314696123025396 0
    outer loop
      vertex 40.01393920132779 18.90664216362105 2
      vertex 40.12748737341529 18.982512626584708 4
      vertex 40.01393920132779 18.90664216362105 4
    endloop
  endfacet
  facet normal 0.8314696123025316 -0.5555702330196226 0
    outer loop
      vertex 40.203357836378956 19.09606079867222 2
      vertex 40.203357836378956 19.09606079867222 4
      vertex 40.12748737341529 18.982512626584708 4
    endloop
  endfacet
  facet normal 0.9807852804032323 -0.19509032201611812 0
    outer loop
      vertex 40.230000000000004 19.23 2
      vertex 40.230000000000004 19.23 4
      vertex 40.203357836378956 19.09606079867222 4
    endloop
  endfacet
  facet normal -0.5555702330196107 0.8314696123025396 0
    outer loop
      vertex 39.74606079867222 19.55335783637895 2
      vertex 39.63251262658471 19.477487373415293 4
      vertex 39.74606079867222 19.55335783637895 4
    endloop
  endfacet
  facet normal -0.19509032201613818 0.9807852804032284 0
    outer loop
      vertex 39.88 19.580000000000002 2
      vertex 39.74606079867222 19.55335783637895 4
      vertex 39.88 19.580000000000002 4
    endloop
  endfacet
  facet normal 0.19509032201613818 0.9807852804032284 0
    outer loop
      vertex 40.01393920132779 19.55335783637895 2
      vertex 39.88 19.580000000000002 4
      vertex 40.01393920132779 19.55335783637895 4
    endloop
  endfacet
  facet normal 0.5555702330196107 0.8314696123025396 0
    outer loop
      vertex 40.12748737341529 19.477487373415293 2
      vertex 40.01393920132779 19.55335783637895 4
      vertex 40.12748737341529 19.477487373415293 4
    endloop
  endfacet
  facet normal 0.9807852804032323 0.19509032201611812 0
    outer loop
      vertex 40.203357836378956 19.36393920132778 2
      vertex 40.203357836378956 19.36393920132778 4
      vertex 40.230000000000004 19.23 4
    endloop
  endfacet
  facet normal 0.8314696123025316 0.5555702330196226 0
    outer loop
      vertex 40.12748737341529 19.477487373415293 2
      vertex 40.12748737341529 19.477487373415293 4
      vertex 40.203357836378956 19.36393920132778 4
    endloop
  endfacet
  facet normal 0 0 1
    outer loop
      vertex 39.63251262658471 18.982512626584708 4
      vertex 39.55664216362105 19.36393920132778 4
      vertex 39.55664216362105 19.09606079867222 4
    endloop
  endfacet
  facet normal 0 0 1
    outer loop
      vertex 39.55664216362105 19.09606079867222 4
      vertex 39.55664216362105 19.36393920132778 4
      vertex 39.53 19.23 4
    endloop
  endfacet
  facet normal 0 0 1
    outer loop
      vertex 39.63251262658471 18.982512626584708 4
      vertex 39.63251262658471 19.477487373415293 4
      vertex 39.55664216362105 19.36393920132778 4
    endloop
  endfacet
  facet normal 0 0 1
    outer loop
      vertex 39.63251262658471 18.982512626584708 4
      vertex 39.74606079867222 18.90664216362105 4
      vertex 39.63251262658471 19.477487373415293 4
    endloop
  endfacet
  facet normal 0 0 1
    outer loop
      vertex 39.74606079867222 18.90664216362105 4
      vertex 39.88 18.88 4
      vertex 39.74606079867222 19.55335783637895 4
    endloop
  endfacet
  facet normal 0 0 1
    outer loop
      vertex 39.88 18.88 4
      vertex 40.01393920132779 18.90664216362105 4
      vertex 39.88 19.580000000000002 4
    endloop
  endfacet
  facet normal 0 0 1
    outer loop
      vertex 40.01393920132779 18.90664216362105 4
      vertex 40.12748737341529 18.982512626584708 4
      vertex 40.01393920132779 19.55335783637895 4
    endloop
  endfacet
  facet normal 0 0 1
    outer loop
      vertex 40.12748737341529 18.982512626584708 4
      vertex 40.203357836378956 19.09606079867222 4
      vertex 40.12748737341529 19.477487373415293 4
    endloop
  endfacet
  facet normal 0 0 1
    outer loop
      vertex 39.74606079867222 18.90664216362105 4
      vertex 39.74606079867222 19.55335783637895 4
      vertex 39.63251262658471 19.477487373415293 4
    endloop
  endfacet
  facet normal 0 0 1
    outer loop
      vertex 39.88 18.88 4
      vertex 39.88 19.580000000000002 4
      vertex 39.74606079867222 19.55335783637895 4
    endloop
  endfacet
  facet normal 0 0 1
    outer loop
      vertex 40.01393920132779 18.90664216362105 4
      vertex 40.01393920132779 19.55335783637895 4
      vertex 39.88 19.580000000000002 4
    endloop
  endfacet
  facet normal 0 0 1
    outer loop
      vertex 40.12748737341529 18.982512626584708 4
      vertex 40.12748737341529 19.477487373415293 4
      vertex 40.01393920132779 19.55335783637895 4
    endloop
  endfacet
  facet normal 0 0 1
    outer loop
      vertex 40.203357836378956 19.09606079867222 4
      vertex 40.230000000000004 19.23 4
      vertex 40.203357836378956 19.36393920132778 4
    endloop
  endfacet
  facet normal 0 0 1
    outer loop
      vertex 40.203357836378956 19.09606079867222 4
      vertex 40.203357836378956 19.36393920132778 4
      vertex 40.12748737341529 19.477487373415293 4
    endloop
  endfacet
  facet normal 0 0 -1
    outer loop
      vertex 54.796642163621044 19.09606079867222 2
      vertex 54.769999999999996 19.23 2
      vertex 54.796642163621044 19.36393920132778 2
    endloop
  endfacet
  facet normal 0 0 -1
    outer loop
      vertex 54.796642163621044 19.09606079867222 2
      vertex 54.796642163621044 19.36393920132778 2
      vertex 54.87251262658471 19.477487373415293 2
    endloop
  endfacet
  facet normal 0 0 -1
    outer loop
      vertex 54.98606079867221 18.90664216362105 2
      vertex 54.87251262658471 18.982512626584708 2
      vertex 54.98606079867221 19.55335783637895 2
    endloop
  endfacet
  facet normal 0 0 -1
    outer loop
      vertex 54.87251262658471 18.982512626584708 2
      vertex 54.796642163621044 19.09606079867222 2
      vertex 54.87251262658471 19.477487373415293 2
    endloop
  endfacet
  facet normal 0 0 -1
    outer loop
      vertex 54.98606079867221 18.90664216362105 2
      vertex 55.12 19.580000000000002 2
      vertex 55.12 18.88 2
    endloop
  endfacet
  facet normal 0 0 -1
    outer loop
      vertex 55.12 18.88 2
      vertex 55.25393920132778 19.55335783637895 2
      vertex 55.25393920132778 18.90664216362105 2
    endloop
  endfacet
  facet normal 0 0 -1
    outer loop
      vertex 55.25393920132778 18.90664216362105 2
      vertex 55.36748737341529 19.477487373415293 2
      vertex 55.36748737341529 18.982512626584708 2
    endloop
  endfacet
  facet normal 0 0 -1
    outer loop
      vertex 55.36748737341529 18.982512626584708 2
      vertex 55.44335783637895 19.36393920132778 2
      vertex 55.44335783637895 19.09606079867222 2
    endloop
  endfacet
  facet normal 0 0 -1
    outer loop
      vertex 54.87251262658471 18.982512626584708 2
      vertex 54.87251262658471 19.477487373415293 2
      vertex 54.98606079867221 19.55335783637895 2
    endloop
  endfacet
  facet normal 0 0 -1
    outer loop
      vertex 54.98606079867221 18.90664216362105 2
      vertex 54.98606079867221 19.55335783637895 2
      vertex 55.12 19.580000000000002 2
    endloop
  endfacet
  facet normal 0 0 -1
    outer loop
      vertex 55.25393920132778 18.90664216362105 2
      vertex 55.25393920132778 19.55335783637895 2
      vertex 55.36748737341529 19.477487373415293 2
    endloop
  endfacet
  facet normal 0 0 -1
    outer loop
      vertex 55.12 18.88 2
      vertex 55.12 19.580000000000002 2
      vertex 55.25393920132778 19.55335783637895 2
    endloop
  endfacet
  facet normal 0 0 -1
    outer loop
      vertex 55.36748737341529 18.982512626584708 2
      vertex 55.36748737341529 19.477487373415293 2
      vertex 55.44335783637895 19.36393920132778 2
    endloop
  endfacet
  facet normal 0 0 -1
    outer loop
      vertex 55.44335783637895 19.09606079867222 2
      vertex 55.44335783637895 19.36393920132778 2
      vertex 55.47 19.23 2
    endloop
  endfacet
  facet normal -0.8314696123025316 -0.5555702330196226 -1.8215305793624747e-18
    outer loop
      vertex 54.87251262658471 18.982512626584708 2
      vertex 54.796642163621044 19.09606079867222 4
      vertex 54.796642163621044 19.09606079867222 2
    endloop
  endfacet
  facet normal -0.9807852804032323 -0.19509032201611812 5.7224167463991325e-19
    outer loop
      vertex 54.796642163621044 19.09606079867222 2
      vertex 54.769999999999996 19.23 4
      vertex 54.769999999999996 19.23 2
    endloop
  endfacet
  facet normal -0.9807852804032323 0.19509032201611812 -5.7224167463991325e-19
    outer loop
      vertex 54.769999999999996 19.23 2
      vertex 54.796642163621044 19.36393920132778 4
      vertex 54.796642163621044 19.36393920132778 2
    endloop
  endfacet
  facet normal -0.5555702330196107 -0.8314696123025396 0
    outer loop
      vertex 54.98606079867221 18.90664216362105 2
      vertex 54.98606079867221 18.90664216362105 4
      vertex 54.87251262658471 18.982512626584708 2
    endloop
  endfacet
  facet normal -0.19509032201613818 -0.9807852804032284 -1.939568614857149e-19
    outer loop
      vertex 54.98606079867221 18.90664216362105 2
      vertex 55.12 18.88 2
      vertex 55.12 18.88 4
    endloop
  endfacet
  facet normal 0.19509032201613818 -0.9807852804032284 1.939568614857149e-19
    outer loop
      vertex 55.12 18.88 2
      vertex 55.25393920132778 18.90664216362105 2
      vertex 55.25393920132778 18.90664216362105 4
    endloop
  endfacet
  facet normal 0.5555702330196107 -0.8314696123025396 2.718791995271103e-18
    outer loop
      vertex 55.25393920132778 18.90664216362105 2
      vertex 55.36748737341529 18.982512626584708 2
      vertex 55.36748737341529 18.982512626584708 4
    endloop
  endfacet
  facet normal 0.8314696123025316 -0.5555702330196226 0
    outer loop
      vertex 55.36748737341529 18.982512626584708 2
      vertex 55.44335783637895 19.09606079867222 2
      vertex 55.36748737341529 18.982512626584708 4
    endloop
  endfacet
  facet normal 0.9807852804032323 -0.19509032201611812 0
    outer loop
      vertex 55.44335783637895 19.09606079867222 2
      vertex 55.47 19.23 2
      vertex 55.44335783637895 19.09606079867222 4
    endloop
  endfacet
  facet normal -0.8314696123025316 0.5555702330196226 1.8215305793624747e-18
    outer loop
      vertex 54.796642163621044 19.36393920132778 2
      vertex 54.87251262658471 19.477487373415293 4
      vertex 54.87251262658471 19.477487373415293 2
    endloop
  endfacet
  facet normal -0.5555702330196107 0.8314696123025396 0
    outer loop
      vertex 54.87251262658471 19.477487373415293 2
      vertex 54.87251262658471 19.477487373415293 4
      vertex 54.98606079867221 19.55335783637895 2
    endloop
  endfacet
  facet normal -0.19509032201613818 0.9807852804032284 0
    outer loop
      vertex 54.98606079867221 19.55335783637895 2
      vertex 54.98606079867221 19.55335783637895 4
      vertex 55.12 19.580000000000002 2
    endloop
  endfacet
  facet normal 0.5555702330196107 0.8314696123025396 -2.718791995271103e-18
    outer loop
      vertex 55.36748737341529 19.477487373415293 2
      vertex 55.25393920132778 19.55335783637895 2
      vertex 55.25393920132778 19.55335783637895 4
    endloop
  endfacet
  facet normal 0.19509032201613818 0.9807852804032284 0
    outer loop
      vertex 55.12 19.580000000000002 2
      vertex 55.12 19.580000000000002 4
      vertex 55.25393920132778 19.55335783637895 2
    endloop
  endfacet
  facet normal 0.9807852804032323 0.19509032201611812 0
    outer loop
      vertex 55.47 19.23 2
      vertex 55.44335783637895 19.36393920132778 2
      vertex 55.47 19.23 4
    endloop
  endfacet
  facet normal 0.8314696123025316 0.5555702330196226 0
    outer loop
      vertex 55.44335783637895 19.36393920132778 2
      vertex 55.36748737341529 19.477487373415293 2
      vertex 55.44335783637895 19.36393920132778 4
    endloop
  endfacet
  facet normal -0.9807852804032323 -0.19509032201611812 0
    outer loop
      vertex 54.796642163621044 19.09606079867222 2
      vertex 54.796642163621044 19.09606079867222 4
      vertex 54.769999999999996 19.23 4
    endloop
  endfacet
  facet normal -0.9807852804032323 0.19509032201611812 0
    outer loop
      vertex 54.769999999999996 19.23 2
      vertex 54.769999999999996 19.23 4
      vertex 54.796642163621044 19.36393920132778 4
    endloop
  endfacet
  facet normal -0.8314696123025316 0.5555702330196226 0
    outer loop
      vertex 54.796642163621044 19.36393920132778 2
      vertex 54.796642163621044 19.36393920132778 4
      vertex 54.87251262658471 19.477487373415293 4
    endloop
  endfacet
  facet normal -0.5555702330196107 -0.8314696123025396 0
    outer loop
      vertex 54.87251262658471 18.982512626584708 2
      vertex 54.98606079867221 18.90664216362105 4
      vertex 54.87251262658471 18.982512626584708 4
    endloop
  endfacet
  facet normal -0.19509032201613818 -0.9807852804032284 0
    outer loop
      vertex 54.98606079867221 18.90664216362105 2
      vertex 55.12 18.88 4
      vertex 54.98606079867221 18.90664216362105 4
    endloop
  endfacet
  facet normal 0.19509032201613818 -0.9807852804032284 0
    outer loop
      vertex 55.12 18.88 2
      vertex 55.25393920132778 18.90664216362105 4
      vertex 55.12 18.88 4
    endloop
  endfacet
  facet normal 0.5555702330196107 -0.8314696123025396 0
    outer loop
      vertex 55.25393920132778 18.90664216362105 2
      vertex 55.36748737341529 18.982512626584708 4
      vertex 55.25393920132778 18.90664216362105 4
    endloop
  endfacet
  facet normal -0.8314696123025316 -0.5555702330196226 0
    outer loop
      vertex 54.87251262658471 18.982512626584708 2
      vertex 54.87251262658471 18.982512626584708 4
      vertex 54.796642163621044 19.09606079867222 4
    endloop
  endfacet
  facet normal 0.8314696123025316 -0.5555702330196226 0
    outer loop
      vertex 55.44335783637895 19.09606079867222 2
      vertex 55.44335783637895 19.09606079867222 4
      vertex 55.36748737341529 18.982512626584708 4
    endloop
  endfacet
  facet normal 0.9807852804032323 -0.19509032201611812 0
    outer loop
      vertex 55.47 19.23 2
      vertex 55.47 19.23 4
      vertex 55.44335783637895 19.09606079867222 4
    endloop
  endfacet
  facet normal -0.5555702330196107 0.8314696123025396 0
    outer loop
      vertex 54.98606079867221 19.55335783637895 2
      vertex 54.87251262658471 19.477487373415293 4
      vertex 54.98606079867221 19.55335783637895 4
    endloop
  endfacet
  facet normal -0.19509032201613818 0.9807852804032284 0
    outer loop
      vertex 55.12 19.580000000000002 2
      vertex 54.98606079867221 19.55335783637895 4
      vertex 55.12 19.580000000000002 4
    endloop
  endfacet
  facet normal 0.19509032201613818 0.9807852804032284 0
    outer loop
      vertex 55.25393920132778 19.55335783637895 2
      vertex 55.12 19.580000000000002 4
      vertex 55.25393920132778 19.55335783637895 4
    endloop
  endfacet
  facet normal 0.5555702330196107 0.8314696123025396 0
    outer loop
      vertex 55.36748737341529 19.477487373415293 2
      vertex 55.25393920132778 19.55335783637895 4
      vertex 55.36748737341529 19.477487373415293 4
    endloop
  endfacet
  facet normal 0.9807852804032323 0.19509032201611812 0
    outer loop
      vertex 55.44335783637895 19.36393920132778 2
      vertex 55.44335783637895 19.36393920132778 4
      vertex 55.47 19.23 4
    endloop
  endfacet
  facet normal 0.8314696123025316 0.5555702330196226 0
    outer loop
      vertex 55.36748737341529 19.477487373415293 2
      vertex 55.36748737341529 19.477487373415293 4
      vertex 55.44335783637895 19.36393920132778 4
    endloop
  endfacet
  facet normal 0 0 1
    outer loop
      vertex 54.87251262658471 18.982512626584708 4
      vertex 54.796642163621044 19.36393920132778 4
      vertex 54.796642163621044 19.09606079867222 4
    endloop
  endfacet
  facet normal 0 0 1
    outer loop
      vertex 54.796642163621044 19.09606079867222 4
      vertex 54.796642163621044 19.36393920132778 4
      vertex 54.769999999999996 19.23 4
    endloop
  endfacet
  facet normal 0 0 1
    outer loop
      vertex 54.98606079867221 18.90664216362105 4
      vertex 54.87251262658471 19.477487373415293 4
      vertex 54.87251262658471 18.982512626584708 4
    endloop
  endfacet
  facet normal 0 0 1
    outer loop
      vertex 54.98606079867221 18.90664216362105 4
      vertex 55.12 18.88 4
      vertex 54.98606079867221 19.55335783637895 4
    endloop
  endfacet
  facet normal 0 0 1
    outer loop
      vertex 55.12 18.88 4
      vertex 55.25393920132778 18.90664216362105 4
      vertex 55.12 19.580000000000002 4
    endloop
  endfacet
  facet normal 0 0 1
    outer loop
      vertex 55.25393920132778 18.90664216362105 4
      vertex 55.36748737341529 18.982512626584708 4
      vertex 55.25393920132778 19.55335783637895 4
    endloop
  endfacet
  facet normal 0 0 1
    outer loop
      vertex 55.36748737341529 18.982512626584708 4
      vertex 55.44335783637895 19.09606079867222 4
      vertex 55.36748737341529 19.477487373415293 4
    endloop
  endfacet
  facet normal 0 0 1
    outer loop
      vertex 54.87251262658471 18.982512626584708 4
      vertex 54.87251262658471 19.477487373415293 4
      vertex 54.796642163621044 19.36393920132778 4
    endloop
  endfacet
  facet normal 0 0 1
    outer loop
      vertex 54.98606079867221 18.90664216362105 4
      vertex 54.98606079867221 19.55335783637895 4
      vertex 54.87251262658471 19.477487373415293 4
    endloop
  endfacet
  facet normal 0 0 1
    outer loop
      vertex 55.12 18.88 4
      vertex 55.12 19.580000000000002 4
      vertex 54.98606079867221 19.55335783637895 4
    endloop
  endfacet
  facet normal 0 0 1
    outer loop
      vertex 55.25393920132778 18.90664216362105 4
      vertex 55.25393920132778 19.55335783637895 4
      vertex 55.12 19.580000000000002 4
    endloop
  endfacet
  facet normal 0 0 1
    outer loop
      vertex 55.36748737341529 18.982512626584708 4
      vertex 55.36748737341529 19.477487373415293 4
      vertex 55.25393920132778 19.55335783637895 4
    endloop
  endfacet
  facet normal 0 0 1
    outer loop
      vertex 55.44335783637895 19.09606079867222 4
      vertex 55.47 19.23 4
      vertex 55.44335783637895 19.36393920132778 4
    endloop
  endfacet
  facet normal 0 0 1
    outer loop
      vertex 55.44335783637895 19.09606079867222 4
      vertex 55.44335783637895 19.36393920132778 4
      vertex 55.36748737341529 19.477487373415293 4
    endloop
  endfacet
endsolid OpenSCAD_Model
